occurrence_id,token,tex_line,context_sha256,context,classification,obligation_ids,audit_note
UC-20695d548e726c06,maximal,47,b76e4f2d7b8f76ac3dc93a460f81359be0f7ff2c65c5bd72c5a3facc8271b86d,\title[Groups factorized by non-conjugate maximal subgroups]{Finite groups,METADATA-OR-DISCLOSURE,MANUSCRIPT-CODE,"Title, author metadata, or indexing vocabulary; checked for manuscript consistency."
UC-f5bfd8ce6fa662f5,every,48,6f7329692b1810f86b7f7d87422a021acbc7e5bc4d8c5ec6c38cd795485d6da5,that are the product of every pair of non-conjugate maximal subgroups are,METADATA-OR-DISCLOSURE,MANUSCRIPT-CODE,"Title, author metadata, or indexing vocabulary; checked for manuscript consistency."
UC-6838b5759897f093,maximal,48,6f7329692b1810f86b7f7d87422a021acbc7e5bc4d8c5ec6c38cd795485d6da5,that are the product of every pair of non-conjugate maximal subgroups are,METADATA-OR-DISCLOSURE,MANUSCRIPT-CODE,"Title, author metadata, or indexing vocabulary; checked for manuscript consistency."
UC-768c18e448873b56,maximal,59,1987d8fb72a9b34ca4b98f91b3027e9fe715b762e562565c27a115d94f103120,"\keywords{Factorizations of finite groups, maximal subgroups, soluble",METADATA-OR-DISCLOSURE,MANUSCRIPT-CODE,"Title, author metadata, or indexing vocabulary; checked for manuscript consistency."
UC-1a3fa70c785312dd,every,65,7fe2465dd303b01322d50fc1ad3e0142b67983c2bf25af12efbf339bfe578a60,We prove that every finite group which coincides with the product of any,MATHEMATICAL-CLAIM,RED-MIN;SRC-REDUCTION-STRUCTURE;RED-COORD;RED-COORD-BOUND;K1-TT;SUP-EXIST;SUP-MAX;SUP-NONCONJ;DIV-GROUP;DIV-ARITH;CFSG-INVENTORY;CFSG-BOUNDARIES;ARITH-UNIVERSAL;COMP-FINITE-BASE;COMP-SPORADIC,Abstract-level theorem or coverage claim; routed to the complete main-proof dependency bundle.
UC-8dc9c55f0aaca91f,maximal,66,f13612f9f2dcf2f0377be15dff5a2152dbc00601134f616f766308d7654f7369,"two of its non-conjugate maximal subgroups is soluble, answering Problem",MATHEMATICAL-CLAIM,RED-MIN;SRC-REDUCTION-STRUCTURE;RED-COORD;RED-COORD-BOUND;K1-TT;SUP-EXIST;SUP-MAX;SUP-NONCONJ;DIV-GROUP;DIV-ARITH;CFSG-INVENTORY;CFSG-BOUNDARIES;ARITH-UNIVERSAL;COMP-FINITE-BASE;COMP-SPORADIC,Abstract-level theorem or coverage claim; routed to the complete main-proof dependency bundle.
UC-5a3f1db18986c423,stable,71,f813e07cc43914429456b7d7ca965aa1a4c9c34b50e01be6e5aea19b8822d0fa,criterion: a single pair of automorphism-stable conjugacy classes of,MATHEMATICAL-CLAIM,RED-MIN;SRC-REDUCTION-STRUCTURE;RED-COORD;RED-COORD-BOUND;K1-TT;SUP-EXIST;SUP-MAX;SUP-NONCONJ;DIV-GROUP;DIV-ARITH;CFSG-INVENTORY;CFSG-BOUNDARIES;ARITH-UNIVERSAL;COMP-FINITE-BASE;COMP-SPORADIC,Abstract-level theorem or coverage claim; routed to the complete main-proof dependency bundle.
UC-dc8096ab726e3656,all,73,00f033cdc3d52870b5a147d3a8b7d16ae7450af047c4de19ac69b1efd76f2622,excludes the socle $S^k$ for \emph{all} $k\geq2$ and every admissible,MATHEMATICAL-CLAIM,RED-MIN;SRC-REDUCTION-STRUCTURE;RED-COORD;RED-COORD-BOUND;K1-TT;SUP-EXIST;SUP-MAX;SUP-NONCONJ;DIV-GROUP;DIV-ARITH;CFSG-INVENTORY;CFSG-BOUNDARIES;ARITH-UNIVERSAL;COMP-FINITE-BASE;COMP-SPORADIC,Abstract-level theorem or coverage claim; routed to the complete main-proof dependency bundle.
UC-e66dad367e87becb,every,73,00f033cdc3d52870b5a147d3a8b7d16ae7450af047c4de19ac69b1efd76f2622,excludes the socle $S^k$ for \emph{all} $k\geq2$ and every admissible,MATHEMATICAL-CLAIM,RED-MIN;SRC-REDUCTION-STRUCTURE;RED-COORD;RED-COORD-BOUND;K1-TT;SUP-EXIST;SUP-MAX;SUP-NONCONJ;DIV-GROUP;DIV-ARITH;CFSG-INVENTORY;CFSG-BOUNDARIES;ARITH-UNIVERSAL;COMP-FINITE-BASE;COMP-SPORADIC,Abstract-level theorem or coverage claim; routed to the complete main-proof dependency bundle.
UC-0d1ce6605bed6242,every,74,a4544bc0138c94e41b7ec1646e1647862e233782ad189b45ac4ffbda8701d1b2,embedding at once. Such pairs are constructed uniformly for every,MATHEMATICAL-CLAIM,RED-MIN;SRC-REDUCTION-STRUCTURE;RED-COORD;RED-COORD-BOUND;K1-TT;SUP-EXIST;SUP-MAX;SUP-NONCONJ;DIV-GROUP;DIV-ARITH;CFSG-INVENTORY;CFSG-BOUNDARIES;ARITH-UNIVERSAL;COMP-FINITE-BASE;COMP-SPORADIC,Abstract-level theorem or coverage claim; routed to the complete main-proof dependency bundle.
UC-673903372518d00e,all,76,5affa0120961496877f01ffe8047476313caea6681be1ff2240b2a24af026a2e,arithmetic obstruction; the sporadic groups and all remaining small cases,MATHEMATICAL-CLAIM,RED-MIN;SRC-REDUCTION-STRUCTURE;RED-COORD;RED-COORD-BOUND;K1-TT;SUP-EXIST;SUP-MAX;SUP-NONCONJ;DIV-GROUP;DIV-ARITH;CFSG-INVENTORY;CFSG-BOUNDARIES;ARITH-UNIVERSAL;COMP-FINITE-BASE;COMP-SPORADIC,Abstract-level theorem or coverage claim; routed to the complete main-proof dependency bundle.
UC-16e2b863b8379f44,independently,77,f130a3acbfb7d43158556355204d626d0b838dbc166586a6f3f8c72284de93f1,are settled by independently re-checkable certificates produced in GAP.,MATHEMATICAL-CLAIM,RED-MIN;SRC-REDUCTION-STRUCTURE;RED-COORD;RED-COORD-BOUND;K1-TT;SUP-EXIST;SUP-MAX;SUP-NONCONJ;DIV-GROUP;DIV-ARITH;CFSG-INVENTORY;CFSG-BOUNDARIES;ARITH-UNIVERSAL;COMP-FINITE-BASE;COMP-SPORADIC,Abstract-level theorem or coverage claim; routed to the complete main-proof dependency bundle.
UC-1d0a7fa919caec01,maximal,89,51bac0e33ef7c96f3e06f9cb396c9d7779ea921a99466015392f5af97a9ad361,product of any two of its non-conjugate maximal subgroups?},MATHEMATICAL-CLAIM,K1-TT;LIT-KOUROVKA;LIT-PRIORITY;MANUSCRIPT-CODE,"Problem statement, literature, or priority claim; routed to exact literature and wording controls."
UC-f58acbe27330f3bc,maximal,93,3ccd3455bb5b1e8aaabc0a7f70073de063ad8d08b116cf3a5eeed62072167d3e,"whose maximal subgroups are all conjugate satisfies it vacuously,",MATHEMATICAL-CLAIM,K1-TT;LIT-KOUROVKA;LIT-PRIORITY;MANUSCRIPT-CODE,"Problem statement, literature, or priority claim; routed to exact literature and wording controls."
UC-eba896c2854dc9c1,all,93,3ccd3455bb5b1e8aaabc0a7f70073de063ad8d08b116cf3a5eeed62072167d3e,"whose maximal subgroups are all conjugate satisfies it vacuously,",MATHEMATICAL-CLAIM,K1-TT;LIT-KOUROVKA;LIT-PRIORITY;MANUSCRIPT-CODE,"Problem statement, literature, or priority claim; routed to exact literature and wording controls."
UC-6c9909722b218054,every,94,61856ccad0b16cea93bf7b7c1853f81a7f116b070f4f4ce852a5b570744b4dfa,"and $S_4 = AB$ for every pair of non-conjugate maximals $A,B$. The content",MATHEMATICAL-CLAIM,K1-TT;LIT-KOUROVKA;LIT-PRIORITY;MANUSCRIPT-CODE,"Problem statement, literature, or priority claim; routed to exact literature and wording controls."
UC-3c78436e7053fcfe,maximals,94,61856ccad0b16cea93bf7b7c1853f81a7f116b070f4f4ce852a5b570744b4dfa,"and $S_4 = AB$ for every pair of non-conjugate maximals $A,B$. The content",MATHEMATICAL-CLAIM,K1-TT;LIT-KOUROVKA;LIT-PRIORITY;MANUSCRIPT-CODE,"Problem statement, literature, or priority claim; routed to exact literature and wording controls."
UC-dabf84b392dd49e1,every,99,c2a1a9b2b6ce5c2f23f25100c1340d4c7c96c58159a4410841045738c588e3a2,Let $G$ be a finite group such that $G=AB$ for every pair of maximal,MATHEMATICAL-CLAIM,K1-TT;LIT-KOUROVKA;LIT-PRIORITY;MANUSCRIPT-CODE,"Problem statement, literature, or priority claim; routed to exact literature and wording controls."
UC-c04e351c8c62adfc,maximal,99,c2a1a9b2b6ce5c2f23f25100c1340d4c7c96c58159a4410841045738c588e3a2,Let $G$ be a finite group such that $G=AB$ for every pair of maximal,MATHEMATICAL-CLAIM,K1-TT;LIT-KOUROVKA;LIT-PRIORITY;MANUSCRIPT-CODE,"Problem statement, literature, or priority claim; routed to exact literature and wording controls."
UC-2e06298cd865b295,all,103,de063e12ab54a190ced8cb04e3bef9469c46bed7f018ebc701bed7c5d96673bd,"Throughout, we say $G$ has \emph{property $\mathrm{P}$} if $G=AB$ for all",DEFINITION,K1-TT;LIT-KOUROVKA;LIT-PRIORITY;MANUSCRIPT-CODE,Definition or fixed notation; its later mathematical uses are routed by the surrounding proof obligations.
UC-ef03137c34ac7148,maximal,104,8c024b0df57598ec9eea0267378cc598e45ad67b971064b874b7045aa8e474c2,"non-conjugate maximal $A,B\leq G$.",DEFINITION,K1-TT;LIT-KOUROVKA;LIT-PRIORITY;MANUSCRIPT-CODE,Definition or fixed notation; its later mathematical uses are routed by the surrounding proof obligations.
UC-b9e798d41eb3f3fc,completed,112,caf418c7a51b3351c9b04260b903eed4413b23afc3d6bbdca6fac22b8ccf4ff3,them.  Searches completed on 1 August 2026 found no published full proof;,MATHEMATICAL-CLAIM,K1-TT;LIT-KOUROVKA;LIT-PRIORITY;MANUSCRIPT-CODE,"Problem statement, literature, or priority claim; routed to exact literature and wording controls."
UC-4451621e83ee239b,maximal,120,a45130f62cb7b3a8ebf943428f5b784c60361414ba135013e5747066c2f5cd17,The maximal factorizations of finite simple groups and their automorphism,MATHEMATICAL-CLAIM,K1-TT;LIT-KOUROVKA;LIT-PRIORITY;MANUSCRIPT-CODE,"Problem statement, literature, or priority claim; routed to exact literature and wording controls."
UC-46ddaa650fdabaa2,maximal,124,822b09f57d17686dc2261f82f53071846567c3b1dea003192708bc4b490c32ea,valuation obstruction avoids importing the full maximal-factorization tables.,MATHEMATICAL-CLAIM,K1-TT;LIT-KOUROVKA;LIT-PRIORITY;MANUSCRIPT-CODE,"Problem statement, literature, or priority claim; routed to exact literature and wording controls."
UC-ff6b50165a537773,unique,127,578ad117ae9969d1e35fe6e9ca872cc9437b0377ac3ffeaa19a1e8b1d91d5ae6,A minimal counterexample $G$ has a unique minimal normal subgroup,MATHEMATICAL-CLAIM,RED-MIN;SRC-REDUCTION-STRUCTURE;RED-COORD;RED-COORD-BOUND;K1-TT;SUP-EXIST;SUP-MAX;SUP-NONCONJ;DIV-GROUP;DIV-ARITH;CFSG-INVENTORY;CFSG-BOUNDARIES;ARITH-UNIVERSAL;COMP-FINITE-BASE;COMP-SPORADIC,Strategy-level mathematical claim; routed to the exact main-proof dependency bundle.
UC-409b00ef98c5ebbb,stable,129,a0501d568edc731c1ee0a12c130035553ac5fbff9c635225e67661bfb7aee580,(\S\ref{sec:reduction}). For an automorphism-stable conjugacy class $[V]$,MATHEMATICAL-CLAIM,RED-MIN;SRC-REDUCTION-STRUCTURE;RED-COORD;RED-COORD-BOUND;K1-TT;SUP-EXIST;SUP-MAX;SUP-NONCONJ;DIV-GROUP;DIV-ARITH;CFSG-INVENTORY;CFSG-BOUNDARIES;ARITH-UNIVERSAL;COMP-FINITE-BASE;COMP-SPORADIC,Strategy-level mathematical claim; routed to the exact main-proof dependency bundle.
UC-971450d62f991ed2,maximal,130,713cbff24a2eb541c42235ef93b7b823ab20be2a199824a62806ab9ec86772c4,"of suitable subgroups $V<S$, the normalizer $B_V=N_G(V^k)$ is a maximal",MATHEMATICAL-CLAIM,RED-MIN;SRC-REDUCTION-STRUCTURE;RED-COORD;RED-COORD-BOUND;K1-TT;SUP-EXIST;SUP-MAX;SUP-NONCONJ;DIV-GROUP;DIV-ARITH;CFSG-INVENTORY;CFSG-BOUNDARIES;ARITH-UNIVERSAL;COMP-FINITE-BASE;COMP-SPORADIC,Strategy-level mathematical claim; routed to the exact main-proof dependency bundle.
UC-f970a7457fba3a1b,exactly,131,a1143db8ad0e435924f37868d32a712bec359324f3d6d47672fbab9d6deb8095,subgroup of $G$ of order exactly $|G/N|\cdot|V|^k$,MATHEMATICAL-CLAIM,RED-MIN;SRC-REDUCTION-STRUCTURE;RED-COORD;RED-COORD-BOUND;K1-TT;SUP-EXIST;SUP-MAX;SUP-NONCONJ;DIV-GROUP;DIV-ARITH;CFSG-INVENTORY;CFSG-BOUNDARIES;ARITH-UNIVERSAL;COMP-FINITE-BASE;COMP-SPORADIC,Strategy-level mathematical claim; routed to the exact main-proof dependency bundle.
UC-3430a7fbe6e2a1a0,stable,138,a0ad39ff92bee7651c1258c2adf2753b5121fed0f1316c4eb21d2a8003b209dc,(Theorem~\ref{thm:D}) is that a \emph{single} pair of stable classes in,MATHEMATICAL-CLAIM,RED-MIN;SRC-REDUCTION-STRUCTURE;RED-COORD;RED-COORD-BOUND;K1-TT;SUP-EXIST;SUP-MAX;SUP-NONCONJ;DIV-GROUP;DIV-ARITH;CFSG-INVENTORY;CFSG-BOUNDARIES;ARITH-UNIVERSAL;COMP-FINITE-BASE;COMP-SPORADIC,Strategy-level mathematical claim; routed to the exact main-proof dependency bundle.
UC-988631e76a0bd3c0,every,140,99fe84e0eac84f3eeda37bdddbe670713191f740c7fda1e1e36403948df91a80,every $k\geq 2$ and every admissible embedding at once.,MATHEMATICAL-CLAIM,RED-MIN;SRC-REDUCTION-STRUCTURE;RED-COORD;RED-COORD-BOUND;K1-TT;SUP-EXIST;SUP-MAX;SUP-NONCONJ;DIV-GROUP;DIV-ARITH;CFSG-INVENTORY;CFSG-BOUNDARIES;ARITH-UNIVERSAL;COMP-FINITE-BASE;COMP-SPORADIC,Strategy-level mathematical claim; routed to the exact main-proof dependency bundle.
UC-69802b13837fcd27,every,140,99fe84e0eac84f3eeda37bdddbe670713191f740c7fda1e1e36403948df91a80,every $k\geq 2$ and every admissible embedding at once.,MATHEMATICAL-CLAIM,RED-MIN;SRC-REDUCTION-STRUCTURE;RED-COORD;RED-COORD-BOUND;K1-TT;SUP-EXIST;SUP-MAX;SUP-NONCONJ;DIV-GROUP;DIV-ARITH;CFSG-INVENTORY;CFSG-BOUNDARIES;ARITH-UNIVERSAL;COMP-FINITE-BASE;COMP-SPORADIC,Strategy-level mathematical claim; routed to the exact main-proof dependency bundle.
UC-c81053e87318ca79,every,142,4fe4bc2afdff5642b3b822ef65281088a519821b2a724831f62623774a06a175,The $k\geq2$ branch thus reduces to exhibiting such a pair for every finite,MATHEMATICAL-CLAIM,RED-MIN;SRC-REDUCTION-STRUCTURE;RED-COORD;RED-COORD-BOUND;K1-TT;SUP-EXIST;SUP-MAX;SUP-NONCONJ;DIV-GROUP;DIV-ARITH;CFSG-INVENTORY;CFSG-BOUNDARIES;ARITH-UNIVERSAL;COMP-FINITE-BASE;COMP-SPORADIC,Strategy-level mathematical claim; routed to the exact main-proof dependency bundle.
UC-8280b638f8c1dbbe,maximality,150,1c803df8ff48a6440193d4fffdaf355a7851a9dad2c1a9a2b49e1642b2f626fb,"configurations (Zsigmondy exceptions, small-field maximality exceptions,",MATHEMATICAL-CLAIM,RED-MIN;SRC-REDUCTION-STRUCTURE;RED-COORD;RED-COORD-BOUND;K1-TT;SUP-EXIST;SUP-MAX;SUP-NONCONJ;DIV-GROUP;DIV-ARITH;CFSG-INVENTORY;CFSG-BOUNDARIES;ARITH-UNIVERSAL;COMP-FINITE-BASE;COMP-SPORADIC,Strategy-level mathematical claim; routed to the exact main-proof dependency bundle.
UC-f03005f0c0a61567,all,151,65dcdac201c3a15c096e29ac310658464943a971f3b4fbc235b5814993811f46,"the outer automorphisms of $A_6$, and so on) all have order at most",MATHEMATICAL-CLAIM,RED-MIN;SRC-REDUCTION-STRUCTURE;RED-COORD;RED-COORD-BOUND;K1-TT;SUP-EXIST;SUP-MAX;SUP-NONCONJ;DIV-GROUP;DIV-ARITH;CFSG-INVENTORY;CFSG-BOUNDARIES;ARITH-UNIVERSAL;COMP-FINITE-BASE;COMP-SPORADIC,Strategy-level mathematical claim; routed to the exact main-proof dependency bundle.
UC-897fcddff70c48d8,all,156,efed8f171b610dd81abfb1a4ef85a415059becb7dccba814799433f4a6eabf9d,"Theorem~\ref{thm:psl2}; the other $13$ groups, all smaller groups, and every",MATHEMATICAL-CLAIM,RED-MIN;SRC-REDUCTION-STRUCTURE;RED-COORD;RED-COORD-BOUND;K1-TT;SUP-EXIST;SUP-MAX;SUP-NONCONJ;DIV-GROUP;DIV-ARITH;CFSG-INVENTORY;CFSG-BOUNDARIES;ARITH-UNIVERSAL;COMP-FINITE-BASE;COMP-SPORADIC,Strategy-level mathematical claim; routed to the exact main-proof dependency bundle.
UC-268f7805883c20cb,every,156,efed8f171b610dd81abfb1a4ef85a415059becb7dccba814799433f4a6eabf9d,"Theorem~\ref{thm:psl2}; the other $13$ groups, all smaller groups, and every",MATHEMATICAL-CLAIM,RED-MIN;SRC-REDUCTION-STRUCTURE;RED-COORD;RED-COORD-BOUND;K1-TT;SUP-EXIST;SUP-MAX;SUP-NONCONJ;DIV-GROUP;DIV-ARITH;CFSG-INVENTORY;CFSG-BOUNDARIES;ARITH-UNIVERSAL;COMP-FINITE-BASE;COMP-SPORADIC,Strategy-level mathematical claim; routed to the exact main-proof dependency bundle.
UC-acd5cc2eec86896d,maximal,160,dc7fbfd1c56f91cd1bf45f98ad8ac5d97a988a90d06e879f8aaf505e99797d6f,"the two exhibited classes consist of \emph{maximal} subgroups of $S$, all",MATHEMATICAL-CLAIM,RED-MIN;SRC-REDUCTION-STRUCTURE;RED-COORD;RED-COORD-BOUND;K1-TT;SUP-EXIST;SUP-MAX;SUP-NONCONJ;DIV-GROUP;DIV-ARITH;CFSG-INVENTORY;CFSG-BOUNDARIES;ARITH-UNIVERSAL;COMP-FINITE-BASE;COMP-SPORADIC,Strategy-level mathematical claim; routed to the exact main-proof dependency bundle.
UC-afad5534351636e1,all,160,dc7fbfd1c56f91cd1bf45f98ad8ac5d97a988a90d06e879f8aaf505e99797d6f,"the two exhibited classes consist of \emph{maximal} subgroups of $S$, all",MATHEMATICAL-CLAIM,RED-MIN;SRC-REDUCTION-STRUCTURE;RED-COORD;RED-COORD-BOUND;K1-TT;SUP-EXIST;SUP-MAX;SUP-NONCONJ;DIV-GROUP;DIV-ARITH;CFSG-INVENTORY;CFSG-BOUNDARIES;ARITH-UNIVERSAL;COMP-FINITE-BASE;COMP-SPORADIC,Strategy-level mathematical claim; routed to the exact main-proof dependency bundle.
UC-833b30085912143d,automatic,161,d0cac1b1eb54b91260ea8a76fcf4ac0ec918c52f7dbac7dec537bf61d18331cf,hypotheses of the machinery are automatic and only stability and the,MATHEMATICAL-CLAIM,RED-MIN;SRC-REDUCTION-STRUCTURE;RED-COORD;RED-COORD-BOUND;K1-TT;SUP-EXIST;SUP-MAX;SUP-NONCONJ;DIV-GROUP;DIV-ARITH;CFSG-INVENTORY;CFSG-BOUNDARIES;ARITH-UNIVERSAL;COMP-FINITE-BASE;COMP-SPORADIC,Strategy-level mathematical claim; routed to the exact main-proof dependency bundle.
UC-fadfba55eed96b59,stable,166,cb2882e72c3f1c79ca25e10689716e4d13284bea5a8a867fca130886999c36a1,"stable under every automorphism. The twisted families,",MATHEMATICAL-CLAIM,RED-MIN;SRC-REDUCTION-STRUCTURE;RED-COORD;RED-COORD-BOUND;K1-TT;SUP-EXIST;SUP-MAX;SUP-NONCONJ;DIV-GROUP;DIV-ARITH;CFSG-INVENTORY;CFSG-BOUNDARIES;ARITH-UNIVERSAL;COMP-FINITE-BASE;COMP-SPORADIC,Strategy-level mathematical claim; routed to the exact main-proof dependency bundle.
UC-8c752b10de7c716e,every,166,cb2882e72c3f1c79ca25e10689716e4d13284bea5a8a867fca130886999c36a1,"stable under every automorphism. The twisted families,",MATHEMATICAL-CLAIM,RED-MIN;SRC-REDUCTION-STRUCTURE;RED-COORD;RED-COORD-BOUND;K1-TT;SUP-EXIST;SUP-MAX;SUP-NONCONJ;DIV-GROUP;DIV-ARITH;CFSG-INVENTORY;CFSG-BOUNDARIES;ARITH-UNIVERSAL;COMP-FINITE-BASE;COMP-SPORADIC,Strategy-level mathematical claim; routed to the exact main-proof dependency bundle.
UC-f1ce483fb8f42e52,maximal,170,bed47414c74525144b7f643d5e03ac6f9d059b9333772f5e79bb7658a43657dc,the corresponding \emph{flag} parabolics (intersections of fused maximal,MATHEMATICAL-CLAIM,RED-MIN;SRC-REDUCTION-STRUCTURE;RED-COORD;RED-COORD-BOUND;K1-TT;SUP-EXIST;SUP-MAX;SUP-NONCONJ;DIV-GROUP;DIV-ARITH;CFSG-INVENTORY;CFSG-BOUNDARIES;ARITH-UNIVERSAL;COMP-FINITE-BASE;COMP-SPORADIC,Strategy-level mathematical claim; routed to the exact main-proof dependency bundle.
UC-a1eb8833c194702c,maximal,171,445e5d0b75a7e87a4707d4408b8c562b1d624e41d94d4be2f27c105606407aba,"parabolics) become poset-maximal among stable classes, and a structural",MATHEMATICAL-CLAIM,RED-MIN;SRC-REDUCTION-STRUCTURE;RED-COORD;RED-COORD-BOUND;K1-TT;SUP-EXIST;SUP-MAX;SUP-NONCONJ;DIV-GROUP;DIV-ARITH;CFSG-INVENTORY;CFSG-BOUNDARIES;ARITH-UNIVERSAL;COMP-FINITE-BASE;COMP-SPORADIC,Strategy-level mathematical claim; routed to the exact main-proof dependency bundle.
UC-bda991a294506409,stable,171,445e5d0b75a7e87a4707d4408b8c562b1d624e41d94d4be2f27c105606407aba,"parabolics) become poset-maximal among stable classes, and a structural",MATHEMATICAL-CLAIM,RED-MIN;SRC-REDUCTION-STRUCTURE;RED-COORD;RED-COORD-BOUND;K1-TT;SUP-EXIST;SUP-MAX;SUP-NONCONJ;DIV-GROUP;DIV-ARITH;CFSG-INVENTORY;CFSG-BOUNDARIES;ARITH-UNIVERSAL;COMP-FINITE-BASE;COMP-SPORADIC,Strategy-level mathematical claim; routed to the exact main-proof dependency bundle.
UC-17b15f876aecca6c,all,172,088f7b7b06b98e616d0c05fceb3b5cbd44a91b4e723878d5ecba9ecc4fd6382b,lemma (Lemma~\ref{lem:P}) shows they satisfy all needed hypotheses; this,MATHEMATICAL-CLAIM,RED-MIN;SRC-REDUCTION-STRUCTURE;RED-COORD;RED-COORD-BOUND;K1-TT;SUP-EXIST;SUP-MAX;SUP-NONCONJ;DIV-GROUP;DIV-ARITH;CFSG-INVENTORY;CFSG-BOUNDARIES;ARITH-UNIVERSAL;COMP-FINITE-BASE;COMP-SPORADIC,Strategy-level mathematical claim; routed to the exact main-proof dependency bundle.
UC-fe873c0ab78c7d07,maximal,173,c4b7c1b949d1f4dd6d19eaae204da4b940d52e920546d9d9e9120eeae6805869,is the wreath-product analogue of the ``novelty'' phenomenon for maximal,MATHEMATICAL-CLAIM,RED-MIN;SRC-REDUCTION-STRUCTURE;RED-COORD;RED-COORD-BOUND;K1-TT;SUP-EXIST;SUP-MAX;SUP-NONCONJ;DIV-GROUP;DIV-ARITH;CFSG-INVENTORY;CFSG-BOUNDARIES;ARITH-UNIVERSAL;COMP-FINITE-BASE;COMP-SPORADIC,Strategy-level mathematical claim; routed to the exact main-proof dependency bundle.
UC-6b5e2a6d65d66b41,certified,177,4e0ee7ede1d9d8ee975f3bc100d61f40940da42e311bcbd3f8dd231b58ccd5fb,The machine-certified ingredients were produced with GAP~4.16.0,METHODOLOGY-CLAIM,COMP-ENV;COMP-INDEPENDENT;DETERMINISM;FORMAL-CLEAN;MANUSCRIPT-CODE,Verification-method statement; checked against the locked formal and computational package.
UC-3e6632209ff9bac9,Every,190,13ac9722d90690e8113415e7b60085a6afba8df43a1c6b5a33553d692da99e75,search) are excluded from the certificate path. Every finite,METHODOLOGY-CLAIM,COMP-ENV;COMP-INDEPENDENT;DETERMINISM;FORMAL-CLEAN;MANUSCRIPT-CODE,Verification-method statement; checked against the locked formal and computational package.
UC-914410e7937de902,exactly,197,3bc85b32b3880b8e7d51d2ca11dc7ce52c72875b694370dba10d4c78e481f7fe,\S\ref{sec:machine} specifies exactly what is claimed from,METHODOLOGY-CLAIM,COMP-ENV;COMP-INDEPENDENT;DETERMINISM;FORMAL-CLEAN;MANUSCRIPT-CODE,Verification-method statement; checked against the locked formal and computational package.
UC-f97d231020519fa9,certified,198,bc8763db967a55c08803e406595f5745dc2b7aa846bcaa9dd08779d82552cc3e,the machine and how it is certified.,METHODOLOGY-CLAIM,COMP-ENV;COMP-INDEPENDENT;DETERMINISM;FORMAL-CLEAN;MANUSCRIPT-CODE,Verification-method statement; checked against the locked formal and computational package.
UC-9b463850782d8db3,uniqueness,202,bb5473a157d0a6fc8002a1d33fad64ac9c0d483b30a087aa7fc15d6f096adbaa,the minimal-counterexample core (uniqueness of the minimal normal,METHODOLOGY-CLAIM,COMP-ENV;COMP-INDEPENDENT;DETERMINISM;FORMAL-CLEAN;MANUSCRIPT-CODE,Verification-method statement; checked against the locked formal and computational package.
UC-05c80e291dc4b2f2,maximality,205,70974362ea581ca583ace33e831a3fb4e784729bb1c2c4369f1b2ce67802960e,"maximality statements, under the normalized coordinate-action",METHODOLOGY-CLAIM,COMP-ENV;COMP-INDEPENDENT;DETERMINISM;FORMAL-CLEAN;MANUSCRIPT-CODE,Verification-method statement; checked against the locked formal and computational package.
UC-4af48aa58a5e81fb,unique,228,4093429bf7ac0b389270cfe10577c939036f827b5f3526b6821d29a5add3ff6b,"Minimal counterexample has unique minimal normal subgroup $S^k$,",METHODOLOGY-CLAIM,RED-MIN;SRC-REDUCTION-STRUCTURE;RED-COORD;RED-COORD-BOUND;K1-TT;SUP-EXIST;SUP-MAX;SUP-NONCONJ;DIV-GROUP;DIV-ARITH;CFSG-INVENTORY;CFSG-BOUNDARIES;ARITH-UNIVERSAL;COMP-FINITE-BASE;COMP-SPORADIC;FORMAL-CLEAN;MANUSCRIPT-CODE;COMP-INDEPENDENT,"Roadmap statement; cross-linked to the formal, cited, and computed dependencies it summarizes."
UC-1ebf34e2898076d9,uniqueness,232,262ebf19297a9481867b26b891c2814c639f7f7654cb9212a2bba6d90c6eca94,"(uniqueness, soluble quotient, trivial centralizer) kernel-checked in",METHODOLOGY-CLAIM,RED-MIN;SRC-REDUCTION-STRUCTURE;RED-COORD;RED-COORD-BOUND;K1-TT;SUP-EXIST;SUP-MAX;SUP-NONCONJ;DIV-GROUP;DIV-ARITH;CFSG-INVENTORY;CFSG-BOUNDARIES;ARITH-UNIVERSAL;COMP-FINITE-BASE;COMP-SPORADIC;FORMAL-CLEAN;MANUSCRIPT-CODE;COMP-INDEPENDENT,"Roadmap statement; cross-linked to the formal, cited, and computed dependencies it summarizes."
UC-3116a53f52e5995c,stable,235,60820c3b120ee0644d7a93656c2c96a815e85bb3ac7e7f7285a68ac302c80a06,"Normalizers $B_V=N_G(V^k)$ of stable classes are maximal,",METHODOLOGY-CLAIM,RED-MIN;SRC-REDUCTION-STRUCTURE;RED-COORD;RED-COORD-BOUND;K1-TT;SUP-EXIST;SUP-MAX;SUP-NONCONJ;DIV-GROUP;DIV-ARITH;CFSG-INVENTORY;CFSG-BOUNDARIES;ARITH-UNIVERSAL;COMP-FINITE-BASE;COMP-SPORADIC;FORMAL-CLEAN;MANUSCRIPT-CODE;COMP-INDEPENDENT,"Roadmap statement; cross-linked to the formal, cited, and computed dependencies it summarizes."
UC-69dbf44f21d628fe,maximal,235,60820c3b120ee0644d7a93656c2c96a815e85bb3ac7e7f7285a68ac302c80a06,"Normalizers $B_V=N_G(V^k)$ of stable classes are maximal,",METHODOLOGY-CLAIM,RED-MIN;SRC-REDUCTION-STRUCTURE;RED-COORD;RED-COORD-BOUND;K1-TT;SUP-EXIST;SUP-MAX;SUP-NONCONJ;DIV-GROUP;DIV-ARITH;CFSG-INVENTORY;CFSG-BOUNDARIES;ARITH-UNIVERSAL;COMP-FINITE-BASE;COMP-SPORADIC;FORMAL-CLEAN;MANUSCRIPT-CODE;COMP-INDEPENDENT,"Roadmap statement; cross-linked to the formal, cited, and computed dependencies it summarizes."
UC-03b62490841d8471,maximality,239,106fb359a6256384e720040b783582eb88c5f707ae16955a882585fab58ae7d3,"maximality, and non-conjugacy kernel-checked in Lean under the",METHODOLOGY-CLAIM,RED-MIN;SRC-REDUCTION-STRUCTURE;RED-COORD;RED-COORD-BOUND;K1-TT;SUP-EXIST;SUP-MAX;SUP-NONCONJ;DIV-GROUP;DIV-ARITH;CFSG-INVENTORY;CFSG-BOUNDARIES;ARITH-UNIVERSAL;COMP-FINITE-BASE;COMP-SPORADIC;FORMAL-CLEAN;MANUSCRIPT-CODE;COMP-INDEPENDENT,"Roadmap statement; cross-linked to the formal, cited, and computed dependencies it summarizes."
UC-b801a2fc597746da,stable,242,c592a3052df6f6d61b01ee4155e0298766807eee54e915a397604760c4ef5f7d,Divisibility criterion: one stable pair with,METHODOLOGY-CLAIM,RED-MIN;SRC-REDUCTION-STRUCTURE;RED-COORD;RED-COORD-BOUND;K1-TT;SUP-EXIST;SUP-MAX;SUP-NONCONJ;DIV-GROUP;DIV-ARITH;CFSG-INVENTORY;CFSG-BOUNDARIES;ARITH-UNIVERSAL;COMP-FINITE-BASE;COMP-SPORADIC;FORMAL-CLEAN;MANUSCRIPT-CODE;COMP-INDEPENDENT,"Roadmap statement; cross-linked to the formal, cited, and computed dependencies it summarizes."
UC-4ebfac8441afbf10,all,243,d2366eb255202bc91fdca26e4c9993a8f3dc37d5b1e5b427c8d9395b4ec00ca2,$d>\vp{p}(x)$ excludes $S^k$ for all $k\geq2$ &,METHODOLOGY-CLAIM,RED-MIN;SRC-REDUCTION-STRUCTURE;RED-COORD;RED-COORD-BOUND;K1-TT;SUP-EXIST;SUP-MAX;SUP-NONCONJ;DIV-GROUP;DIV-ARITH;CFSG-INVENTORY;CFSG-BOUNDARIES;ARITH-UNIVERSAL;COMP-FINITE-BASE;COMP-SPORADIC;FORMAL-CLEAN;MANUSCRIPT-CODE;COMP-INDEPENDENT,"Roadmap statement; cross-linked to the formal, cited, and computed dependencies it summarizes."
UC-9afd25a0b197b5f4,Stable,248,0c9e92e048ad9329e584e9e84f099736df6249a3ff0a2c191dac66a1a6645039,Stable pairs exist for every infinite family &,METHODOLOGY-CLAIM,RED-MIN;SRC-REDUCTION-STRUCTURE;RED-COORD;RED-COORD-BOUND;K1-TT;SUP-EXIST;SUP-MAX;SUP-NONCONJ;DIV-GROUP;DIV-ARITH;CFSG-INVENTORY;CFSG-BOUNDARIES;ARITH-UNIVERSAL;COMP-FINITE-BASE;COMP-SPORADIC;FORMAL-CLEAN;MANUSCRIPT-CODE;COMP-INDEPENDENT,"Roadmap statement; cross-linked to the formal, cited, and computed dependencies it summarizes."
UC-0d9b2dc009e35c54,every,248,0c9e92e048ad9329e584e9e84f099736df6249a3ff0a2c191dac66a1a6645039,Stable pairs exist for every infinite family &,METHODOLOGY-CLAIM,RED-MIN;SRC-REDUCTION-STRUCTURE;RED-COORD;RED-COORD-BOUND;K1-TT;SUP-EXIST;SUP-MAX;SUP-NONCONJ;DIV-GROUP;DIV-ARITH;CFSG-INVENTORY;CFSG-BOUNDARIES;ARITH-UNIVERSAL;COMP-FINITE-BASE;COMP-SPORADIC;FORMAL-CLEAN;MANUSCRIPT-CODE;COMP-INDEPENDENT,"Roadmap statement; cross-linked to the formal, cited, and computed dependencies it summarizes."
UC-189ac4250b77bba6,every,254,cbde62d721abd4593a91e5a15608150449a73951f1adedba1a292088a71173f4,GAP certificates for every machine-routed case; the $38$ upper-range,METHODOLOGY-CLAIM,RED-MIN;SRC-REDUCTION-STRUCTURE;RED-COORD;RED-COORD-BOUND;K1-TT;SUP-EXIST;SUP-MAX;SUP-NONCONJ;DIV-GROUP;DIV-ARITH;CFSG-INVENTORY;CFSG-BOUNDARIES;ARITH-UNIVERSAL;COMP-FINITE-BASE;COMP-SPORADIC;FORMAL-CLEAN;MANUSCRIPT-CODE;COMP-INDEPENDENT,"Roadmap statement; cross-linked to the formal, cited, and computed dependencies it summarizes."
UC-ef64e8f5912841d2,Every,262,e01541edfdb414bf7efd9cf505a7672c396f176408394babbf07706f4c6598c0,Every machine-backed claim in \S\ref{sec:machine} names its script and,METHODOLOGY-CLAIM,RED-MIN;SRC-REDUCTION-STRUCTURE;RED-COORD;RED-COORD-BOUND;K1-TT;SUP-EXIST;SUP-MAX;SUP-NONCONJ;DIV-GROUP;DIV-ARITH;CFSG-INVENTORY;CFSG-BOUNDARIES;ARITH-UNIVERSAL;COMP-FINITE-BASE;COMP-SPORADIC;FORMAL-CLEAN;MANUSCRIPT-CODE;COMP-INDEPENDENT,"Roadmap statement; cross-linked to the formal, cited, and computed dependencies it summarizes."
UC-81e08c14fb86069b,all,270,d0b40df021d98a5f03aeeee2d23eafed0f86ed6d5ce7b84a44d504ad19cf4405,"If $G=AB$ for subgroups $A,B$, then $G=A^xB^y$ for all $x,y\in G$.",MATHEMATICAL-CLAIM,RED-QUOT;RED-MIN;SRC-REDUCTION-STRUCTURE;RED-COORD;RED-COORD-BOUND,"Reduction/coordinate claim; routed to the reduction proof, exact structural source, and formal checks."
UC-0e8590a8e5291991,maximal,283,eb2dbf0dd05abfc957d917e0cb0a5539f63d850690bc94e5c230dc90e769bcd5,of maximal subgroups: it says every pair of \emph{distinct classes} has,MATHEMATICAL-CLAIM,RED-QUOT;RED-MIN;SRC-REDUCTION-STRUCTURE;RED-COORD;RED-COORD-BOUND,"Reduction/coordinate claim; routed to the reduction proof, exact structural source, and formal checks."
UC-17e5f71b2b98b33d,every,283,eb2dbf0dd05abfc957d917e0cb0a5539f63d850690bc94e5c230dc90e769bcd5,of maximal subgroups: it says every pair of \emph{distinct classes} has,MATHEMATICAL-CLAIM,RED-QUOT;RED-MIN;SRC-REDUCTION-STRUCTURE;RED-COORD;RED-COORD-BOUND,"Reduction/coordinate claim; routed to the reduction proof, exact structural source, and formal checks."
UC-d1838ba88325aad7,every,284,0517051998a8d61c8b59ad9e0a9b66be5dc0258a177ac440f1a9b6e7c3513dfa,one (hence every) representative pair factorizing $G$.,MATHEMATICAL-CLAIM,RED-QUOT;RED-MIN;SRC-REDUCTION-STRUCTURE;RED-COORD;RED-COORD-BOUND,"Reduction/coordinate claim; routed to the reduction proof, exact structural source, and formal checks."
UC-97c91d42d3e149ad,Maximal,291,06b9a73e07ca28cc6cf458a0f3e6833c9d6ec4ea26d5f57d7d27887803f7b844,Maximal subgroups of $G/K$ are the images of the maximal subgroups of $G$,MATHEMATICAL-CLAIM,RED-QUOT;RED-MIN;SRC-REDUCTION-STRUCTURE;RED-COORD;RED-COORD-BOUND,"Reduction/coordinate claim; routed to the reduction proof, exact structural source, and formal checks."
UC-e2f2ab35d2c9fb94,maximal,291,06b9a73e07ca28cc6cf458a0f3e6833c9d6ec4ea26d5f57d7d27887803f7b844,Maximal subgroups of $G/K$ are the images of the maximal subgroups of $G$,MATHEMATICAL-CLAIM,RED-QUOT;RED-MIN;SRC-REDUCTION-STRUCTURE;RED-COORD;RED-COORD-BOUND,"Reduction/coordinate claim; routed to the reduction proof, exact structural source, and formal checks."
UC-e48e60ae671835d0,unique,298,c4716277496f09723c67a89cb6631e189cadb6dd44171c8345c199ecf32c64e2,Then $G$ has a unique minimal normal subgroup $N=S^k$ with $S$ non-abelian,MATHEMATICAL-CLAIM,RED-QUOT;RED-MIN;SRC-REDUCTION-STRUCTURE;RED-COORD;RED-COORD-BOUND,"Reduction/coordinate claim; routed to the reduction proof, exact structural source, and formal checks."
UC-393711b93a1d742d,Every,305,73c7317e801a4a5cc811e09d96ed4cf9bb276c43be73599e2503e00c183bbb63,Every proper quotient of $G$ has property $\mathrm{P}$,MATHEMATICAL-CLAIM,RED-QUOT;RED-MIN;SRC-REDUCTION-STRUCTURE;RED-COORD;RED-COORD-BOUND,"Reduction/coordinate claim; routed to the reduction proof, exact structural source, and formal checks."
UC-40f6780d6a88d04f,unique,312,a12c071ac8715ffce95a7f473403cbb8934f9405f742dc6a819abf502f9eee0f,"Hence there is a unique minimal normal subgroup $N=S^k$, $S$ non-abelian",MATHEMATICAL-CLAIM,RED-QUOT;RED-MIN;SRC-REDUCTION-STRUCTURE;RED-COORD;RED-COORD-BOUND,"Reduction/coordinate claim; routed to the reduction proof, exact structural source, and formal checks."
UC-5f491037a93cd550,uniqueness,315,d0bebf79091ce09542f24d5e56f34dcb001dc38e44fa460cba462e4961a89011,"a minimal normal subgroup of $G$, necessarily $N$ by uniqueness,",MATHEMATICAL-CLAIM,RED-QUOT;RED-MIN;SRC-REDUCTION-STRUCTURE;RED-COORD;RED-COORD-BOUND,"Reduction/coordinate claim; routed to the reduction proof, exact structural source, and formal checks."
UC-2807d0bf0a8d2275,unique,323,cf06537faa674adc030e036bb655c30f614cf28542a09154d5f597f79fbc1b93,realization in the unique-minimal-normal-subgroup setting. Finally $G/N$ is soluble because it is a,MATHEMATICAL-CLAIM,RED-MIN;SRC-REDUCTION-STRUCTURE;RED-COORD;RED-COORD-BOUND,"Reduction/coordinate claim; routed to the reduction proof, exact structural source, and formal checks."
UC-120c600679381c3c,all,331,a060c16079244c8fb86a78c18ad66e413155d449adb4b28fc4fa8e05e509e391,"coordinate-transitivity all coordinates give the same $X$ up to conjugacy,",MATHEMATICAL-CLAIM,RED-QUOT;RED-MIN;SRC-REDUCTION-STRUCTURE;RED-COORD;RED-COORD-BOUND,"Reduction/coordinate claim; routed to the reduction proof, exact structural source, and formal checks."
UC-857f0a50a6f3797d,every,342,edefc5f6f9e26867cc3405b031382adf921222dcb8f796962b15ef845868ac42,"Lemma~\ref{lem:conj}), places every component of every element",MATHEMATICAL-CLAIM,RED-QUOT;RED-MIN;SRC-REDUCTION-STRUCTURE;RED-COORD;RED-COORD-BOUND,"Reduction/coordinate claim; routed to the reduction proof, exact structural source, and formal checks."
UC-458e73da7c599c57,every,342,edefc5f6f9e26867cc3405b031382adf921222dcb8f796962b15ef845868ac42,"Lemma~\ref{lem:conj}), places every component of every element",MATHEMATICAL-CLAIM,RED-QUOT;RED-MIN;SRC-REDUCTION-STRUCTURE;RED-COORD;RED-COORD-BOUND,"Reduction/coordinate claim; routed to the reduction proof, exact structural source, and formal checks."
UC-d9796b6c67ef5798,every,361,faeeb7246dc87915c9bf5c12db6461ee7b434c991e23e4682406e3c3af09759d,"After the normalization above, every $a_{g,i}$ lies in $X$. We retain",MATHEMATICAL-CLAIM,RED-QUOT;RED-MIN;SRC-REDUCTION-STRUCTURE;RED-COORD;RED-COORD-BOUND,"Reduction/coordinate claim; routed to the reduction proof, exact structural source, and formal checks."
UC-022a478cb9aec8c5,all,368,476eec70fa2feec900efade30fc865b605dde74acee2d076804a1b08167751d3,"Then $t$ divides $x^k\,k!$. Since property $\mathrm{P}$ and all criteria",MATHEMATICAL-CLAIM,RED-QUOT;RED-MIN;SRC-REDUCTION-STRUCTURE;RED-COORD;RED-COORD-BOUND,"Reduction/coordinate claim; routed to the reduction proof, exact structural source, and formal checks."
UC-0c6231e9db7adc1f,maximal,379,71f9c096048899c83d19cf154d6a931f79b01499130391972436701907892923,"If $M\supseteq N$ is maximal and $B$ is maximal with $B\not\supseteq N$,",MATHEMATICAL-CLAIM,RED-QUOT;RED-MIN;SRC-REDUCTION-STRUCTURE;RED-COORD;RED-COORD-BOUND,"Reduction/coordinate claim; routed to the reduction proof, exact structural source, and formal checks."
UC-9d4f4964fb6fc350,maximal,379,71f9c096048899c83d19cf154d6a931f79b01499130391972436701907892923,"If $M\supseteq N$ is maximal and $B$ is maximal with $B\not\supseteq N$,",MATHEMATICAL-CLAIM,RED-QUOT;RED-MIN;SRC-REDUCTION-STRUCTURE;RED-COORD;RED-COORD-BOUND,"Reduction/coordinate claim; routed to the reduction proof, exact structural source, and formal checks."
UC-be58d68efb2c3689,maximal,380,b429173c2bb2d4632b2418add1477ab3f5bd312a57e5a0848480b087331c908a,"then $BN=G$ ($BN$ is a subgroup strictly containing the maximal $B$),",MATHEMATICAL-CLAIM,RED-QUOT;RED-MIN;SRC-REDUCTION-STRUCTURE;RED-COORD;RED-COORD-BOUND,"Reduction/coordinate claim; routed to the reduction proof, exact structural source, and formal checks."
UC-35a20417947323d6,every,383,90c8921fb6fc7e02651a1ff9f1898e75361b99d24a5873c54b5a319e9d4089e8,factorization of every pair of non-conjugate maximal subgroups not,MATHEMATICAL-CLAIM,RED-QUOT;RED-MIN;SRC-REDUCTION-STRUCTURE;RED-COORD;RED-COORD-BOUND,"Reduction/coordinate claim; routed to the reduction proof, exact structural source, and formal checks."
UC-7617035a38acefcb,maximal,383,90c8921fb6fc7e02651a1ff9f1898e75361b99d24a5873c54b5a319e9d4089e8,factorization of every pair of non-conjugate maximal subgroups not,MATHEMATICAL-CLAIM,RED-QUOT;RED-MIN;SRC-REDUCTION-STRUCTURE;RED-COORD;RED-COORD-BOUND,"Reduction/coordinate claim; routed to the reduction proof, exact structural source, and formal checks."
UC-c7098f5ea554be11,stable,391,6c96c03c1f7bc05be9da0c2a2a8ccb13da0b56acd3c35fe7c97767f7a7e277f9,"$S$-conjugacy class. An $S$-class is \emph{$X$-stable} if $X$ permutes it,",DEFINITION,SUP-EXIST;SUP-MAX;SUP-NONCONJ;RED-COORD,Definition or fixed notation; its later mathematical uses are routed by the surrounding proof obligations.
UC-2190b197c779e498,every,392,13a4c5c4e0a09e959047c4160b046cfa22a3465f7c85d10ec9e1d85fe5bf50a6,i.e.\ $V^a$ is $S$-conjugate to $V$ for every $a\in X$ ($\Inn$-stability,DEFINITION,SUP-EXIST;SUP-MAX;SUP-NONCONJ;RED-COORD,Definition or fixed notation; its later mathematical uses are routed by the surrounding proof obligations.
UC-6b1b4b99f35d5fea,automatic,393,805ea7640dc4788ceb81d1716388295e19558f8bf9632baac09ba2deaa1e6c8b,being automatic).,DEFINITION,SUP-EXIST;SUP-MAX;SUP-NONCONJ;RED-COORD,Definition or fixed notation; its later mathematical uses are routed by the surrounding proof obligations.
UC-b862ef8a054e8b7e,stable,396,ef3b93fd3a6a2ea76f00f5303ddf229508aa2c662486abece92bf70a82184b89,"$\Pos_X(S):=\{\,[V] : 1<V<S,\ N_S(V)=V,\ [V]\ X\text{-stable}\,\}$,",DEFINITION,SUP-EXIST;SUP-MAX;SUP-NONCONJ;RED-COORD,Definition or fixed notation; its later mathematical uses are routed by the surrounding proof obligations.
UC-43529490574c0053,every,399,bffbe35d138ba801a73f1173fdbb5fa97f9bd73755e0010baa43ad6f0d7b8903,\emph{normally saturating} if $\langle V^W\rangle=W$ for every overgroup,DEFINITION,SUP-EXIST;SUP-MAX;SUP-NONCONJ;RED-COORD,Definition or fixed notation; its later mathematical uses are routed by the surrounding proof obligations.
UC-c7c623f3c70e09c8,maximal,404,9869faadb8f9a3152eb6e2e8fc1021d9ae499a4e3d7ece2889c8642179600864,"If $V$ is a \emph{maximal} subgroup of $S$ then, whenever $[V]$ is",MATHEMATICAL-CLAIM,SUP-EXIST;SUP-MAX;SUP-NONCONJ;RED-COORD,Product-supplement claim or definition; routed to the corresponding normalized-action lemmas.
UC-73d53fc175f0f9fd,stable,405,71042004174fd958b42b3eca82e75382766fa780c4488ec9627a1f127f0fad0a,$X$-stable: $[V]\in\Pos_X(S)$ (maximal subgroups of a non-abelian simple,MATHEMATICAL-CLAIM,SUP-EXIST;SUP-MAX;SUP-NONCONJ;RED-COORD,Product-supplement claim or definition; routed to the corresponding normalized-action lemmas.
UC-c5955189b10a8d39,maximal,405,71042004174fd958b42b3eca82e75382766fa780c4488ec9627a1f127f0fad0a,$X$-stable: $[V]\in\Pos_X(S)$ (maximal subgroups of a non-abelian simple,MATHEMATICAL-CLAIM,SUP-EXIST;SUP-MAX;SUP-NONCONJ;RED-COORD,Product-supplement claim or definition; routed to the corresponding normalized-action lemmas.
UC-f2abd50fedd4af42,maximal,406,01072f7812a70a6d7bf72ddccca0033bd19929fa12e5c68de8d921974dc263b0,"group are self-normalizing), $[V]$ is a maximal element of the poset, and",MATHEMATICAL-CLAIM,SUP-EXIST;SUP-MAX;SUP-NONCONJ;RED-COORD,Product-supplement claim or definition; routed to the corresponding normalized-action lemmas.
UC-ab7b0ca319013ab9,maximal,408,af54d5873a96cbbf429437e997d04dd513480479b6fb3a72bba84cb26e533ea3,$\langle V^S\rangle=S$ by simplicity). So for maximal classes the lemmas,MATHEMATICAL-CLAIM,SUP-EXIST;SUP-MAX;SUP-NONCONJ;RED-COORD,Product-supplement claim or definition; routed to the corresponding normalized-action lemmas.
UC-3811158d393aa99f,exactly,417,c43935bd553dda43a6ace0f7124f424211f628c3a517b212656607941aa8685c,\item $|B_V|=t\cdot|V|^k$ exactly.,MATHEMATICAL-CLAIM,SUP-EXIST;SUP-MAX;SUP-NONCONJ;RED-COORD,Product-supplement claim or definition; routed to the corresponding normalized-action lemmas.
UC-2b0330b590ef060a,every,425,96244dfdfdb5598b72f95825b2e4d209aeab983a04f2c956b036672805cac4e5,"since every coordinate of $V^k$ is $V$,",MATHEMATICAL-CLAIM,SUP-EXIST;SUP-MAX;SUP-NONCONJ;RED-COORD,Product-supplement claim or definition; routed to the corresponding normalized-action lemmas.
UC-1ad430cc66bffd58,Maximality,436,4827ac465055dfec565a73772967a6c2f8dccc5ca5ef1a8ca0732ce6a140cde6,\begin{lemma}[Maximality]\label{lem:B},MATHEMATICAL-CLAIM,SUP-EXIST;SUP-MAX;SUP-NONCONJ;RED-COORD,Product-supplement claim or definition; routed to the corresponding normalized-action lemmas.
UC-2a4cf622d5e56ffe,maximal,437,b2778cda4dbcbf51f2a2471ce90f27922ab4ca6ce81864f2ee9c21b015a833e9,If in addition $[V]$ is a maximal element of $\Pos_X(S)$ and $V$ is,MATHEMATICAL-CLAIM,SUP-EXIST;SUP-MAX;SUP-NONCONJ;RED-COORD,Product-supplement claim or definition; routed to the corresponding normalized-action lemmas.
UC-28e357e1beb3529e,maximal,438,00c5dedaf58fbb94c74b98540e1584229262b19a7560232ff661d9475ab06d28,"normally saturating, then $B_V$ is maximal in $G$.",MATHEMATICAL-CLAIM,SUP-EXIST;SUP-MAX;SUP-NONCONJ;RED-COORD,Product-supplement claim or definition; routed to the corresponding normalized-action lemmas.
UC-c98c1edc8ff89961,every,448,05a31b3e3085f53ffd1b1abdc8e11acd004349f4fe043a3fc1bb78d58b1e13a4,"$n\in N$); $n$ fixes every coordinate, hence so does $h$, so $h\in H_1$",MATHEMATICAL-CLAIM,SUP-EXIST;SUP-MAX;SUP-NONCONJ;RED-COORD,Product-supplement claim or definition; routed to the corresponding normalized-action lemmas.
UC-ca0ba125f4c074b3,stable,451,0a81e405b4cf5f7ade67221b17797144817ea38c7e1b4eeed46e29c19af6e1b3,of subgroups of $S$ is $X$-stable iff it is stable under $\pi_1(H_1)$.,MATHEMATICAL-CLAIM,SUP-EXIST;SUP-MAX;SUP-NONCONJ;RED-COORD,Product-supplement claim or definition; routed to the corresponding normalized-action lemmas.
UC-40e4415068650208,stable,451,0a81e405b4cf5f7ade67221b17797144817ea38c7e1b4eeed46e29c19af6e1b3,of subgroups of $S$ is $X$-stable iff it is stable under $\pi_1(H_1)$.,MATHEMATICAL-CLAIM,SUP-EXIST;SUP-MAX;SUP-NONCONJ;RED-COORD,Product-supplement claim or definition; routed to the corresponding normalized-action lemmas.
UC-8052975b9f2cec91,every,459,a0d0731029a0a79207c1c23d1398d8919fc5dab2700c6557ab6becdcf982a664,$\langle V^{W_i}\rangle=W_i$ by saturation. So $K_i=W_i$ for every $i$,MATHEMATICAL-CLAIM,SUP-EXIST;SUP-MAX;SUP-NONCONJ;RED-COORD,Product-supplement claim or definition; routed to the corresponding normalized-action lemmas.
UC-f00a48553c57bc9a,stable,464,674a376d82909015b4735495972f829ae45a5c1f7f08172430bc276de2ba0af0,"$W_1^{\pi_1(h)}=W_1$, so $[W_1]$ is $\pi_1(H_1)$-stable, hence",MATHEMATICAL-CLAIM,SUP-EXIST;SUP-MAX;SUP-NONCONJ;RED-COORD,Product-supplement claim or definition; routed to the corresponding normalized-action lemmas.
UC-e78f85b6af40b63d,stable,465,b767846ec4d81200ba2201f67cbf6a968c6cb212ba4f067fcb66c8d578283868,"$X$-stable by Step~1. For any $i$, coordinate-transitivity of $H$",MATHEMATICAL-CLAIM,SUP-EXIST;SUP-MAX;SUP-NONCONJ;RED-COORD,Product-supplement claim or definition; routed to the corresponding normalized-action lemmas.
UC-72d8471d21d353ab,stable,469,1e4846559ea25d14efd008b457cec41f82ecbb77acfd7a265ab5d5859ecb6b73,Write $[W]$ for this common $X$-stable class.,MATHEMATICAL-CLAIM,SUP-EXIST;SUP-MAX;SUP-NONCONJ;RED-COORD,Product-supplement claim or definition; routed to the corresponding normalized-action lemmas.
UC-cc6af6d9255c72bf,stable,476,6a6ee667120fb7bba43c81730510b9e0e625b8b80c7b0b5d5dda03a9f8ad956d,"$X$-stable ($N_S(W^a)=N_S(W)^a$, so stability propagates up the tower),",MATHEMATICAL-CLAIM,SUP-EXIST;SUP-MAX;SUP-NONCONJ;RED-COORD,Product-supplement claim or definition; routed to the corresponding normalized-action lemmas.
UC-a7a3119dad593ce8,Maximality,477,5bb23dc2a252d48d8a30a5256878235c7e8ab47e47907b586af4fdf6b403e4dd,i.e.\ $[U]\in\Pos_X(S)$ with $[U]\geq[W]\geq[V]$. Maximality of $[V]$ in,MATHEMATICAL-CLAIM,SUP-EXIST;SUP-MAX;SUP-NONCONJ;RED-COORD,Product-supplement claim or definition; routed to the corresponding normalized-action lemmas.
UC-2818df4f0605d16d,all,494,726e7895ece1591f18d2c5f1ca07ab0cc4c94d949fd9eef6f078aa41e89d4ab0,"The next lemma supplies, structurally, all hypotheses of",MATHEMATICAL-CLAIM,PAR-NOVELTY;SRC-TWISTED-BN;SRC-MAXIMALITY,Parabolic-novelty claim; routed to the structural lemma and exact BN-pair/maximality sources.
UC-4b899ecd5a46338e,maximal,495,12b005557598eee766973b3647a26437d86ce48c7c3b56fc8ffc5d1da5411cf1,Lemma~\ref{lem:B} for the non-maximal (``novelty'') classes used in,MATHEMATICAL-CLAIM,PAR-NOVELTY;SRC-TWISTED-BN;SRC-MAXIMALITY,Parabolic-novelty claim; routed to the structural lemma and exact BN-pair/maximality sources.
UC-97825ad457ee1a1a,maximal,496,547d2a63e98853b3eba06d41a1761ec13c5dd4721f390a6e6011e38d66bcc79d,\S\ref{sec:families}: the standard parabolic subgroups whose maximal,MATHEMATICAL-CLAIM,PAR-NOVELTY;SRC-TWISTED-BN;SRC-MAXIMALITY,Parabolic-novelty claim; routed to the structural lemma and exact BN-pair/maximality sources.
UC-be7bd157d80cd533,all,499,07736cd6c7698e68a543fd8f74d807ef9dbceb1ce11a12474d588206ea879195,with split $BN$-pair of rank $\ell\geq2$ (all our applications are,MATHEMATICAL-CLAIM,PAR-NOVELTY;SRC-TWISTED-BN;SRC-MAXIMALITY,Parabolic-novelty claim; routed to the structural lemma and exact BN-pair/maximality sources.
UC-fd9785e5040a91d1,maximal,503,fa05f03fef2607bcd65709660cd4a4a4944f949aaa94740632558df151eb4e5b,subgroup $L_J$ is generated by the maximal torus $T$ and the root,MATHEMATICAL-CLAIM,PAR-NOVELTY;SRC-TWISTED-BN;SRC-MAXIMALITY,Parabolic-novelty claim; routed to the structural lemma and exact BN-pair/maximality sources.
UC-f0ca27c01f585b55,maximal,504,343d10262d1a54600cae512755f48e2b598cf3af0c36f833205763e79936c4b6,subgroups of $J$; the maximal parabolic omitting node $i$ is,MATHEMATICAL-CLAIM,PAR-NOVELTY;SRC-TWISTED-BN;SRC-MAXIMALITY,Parabolic-novelty claim; routed to the structural lemma and exact BN-pair/maximality sources.
UC-d12041baf5441b1c,stable,510,ec66e6b9be49db43b4733ddfaca790bee11296e19195a011272441b814b9c252,"\item[(a)] the $S$-class $[Q_J]$ is $X$-stable, and",MATHEMATICAL-CLAIM,PAR-NOVELTY;SRC-TWISTED-BN;SRC-MAXIMALITY,Parabolic-novelty claim; routed to the structural lemma and exact BN-pair/maximality sources.
UC-e7ae348b918ad3d6,every,511,d53181e1129d9ed76a14cda5a989fffc38793308024c401320256cf72391186c,\item[(b)] for every $J\subsetneq K\subsetneq\Delta$ the class $[Q_K]$,MATHEMATICAL-CLAIM,PAR-NOVELTY;SRC-TWISTED-BN;SRC-MAXIMALITY,Parabolic-novelty claim; routed to the structural lemma and exact BN-pair/maximality sources.
UC-1ca7fca95db2006c,stable,512,bd4011bbe9c9b263d95d101c99e45e74630b51bf329fc059706d6e671195cc18,is \emph{not} $X$-stable.,MATHEMATICAL-CLAIM,PAR-NOVELTY;SRC-TWISTED-BN;SRC-MAXIMALITY,Parabolic-novelty claim; routed to the structural lemma and exact BN-pair/maximality sources.
UC-64fe471ceea8fe1b,maximal,514,5c2054945340982980c46efd19334ad27b06971ec0a0e1dbb9a6ddffdc32d12b,"Then $[V]\in\Pos_X(S)$, $[V]$ is a maximal element of $\Pos_X(S)$, and",MATHEMATICAL-CLAIM,PAR-NOVELTY;SRC-TWISTED-BN;SRC-MAXIMALITY,Parabolic-novelty claim; routed to the structural lemma and exact BN-pair/maximality sources.
UC-f13b19db98a20b28,Every,524,af68888828a708ed036d6e028eeca81e65835f8343f898f3a20683443c954e1b,"\emph{Overgroups.} Every subgroup containing $V$ contains $B$, and every",MATHEMATICAL-CLAIM,PAR-NOVELTY;SRC-TWISTED-BN;SRC-MAXIMALITY,Parabolic-novelty claim; routed to the structural lemma and exact BN-pair/maximality sources.
UC-fa819570c9586b85,every,524,af68888828a708ed036d6e028eeca81e65835f8343f898f3a20683443c954e1b,"\emph{Overgroups.} Every subgroup containing $V$ contains $B$, and every",MATHEMATICAL-CLAIM,PAR-NOVELTY;SRC-TWISTED-BN;SRC-MAXIMALITY,Parabolic-novelty claim; routed to the structural lemma and exact BN-pair/maximality sources.
UC-b08e9749f26a692b,maximality,530,5de06a786509afb38c36c3152b9c665eb24d246c35c9264c9ab90aa5ea0b6504,\emph{Poset-maximality.} If $[U]\in\Pos_X(S)$ with $V\leq U^s<S$ for some,MATHEMATICAL-CLAIM,PAR-NOVELTY;SRC-TWISTED-BN;SRC-MAXIMALITY,Parabolic-novelty claim; routed to the structural lemma and exact BN-pair/maximality sources.
UC-c970b29277851824,stable,533,845731c17d328323aba9afbb0791b9f61e73a544158f719e896ea65131bc8724,be $X$-stable.,MATHEMATICAL-CLAIM,PAR-NOVELTY;SRC-TWISTED-BN;SRC-MAXIMALITY,Parabolic-novelty claim; routed to the structural lemma and exact BN-pair/maximality sources.
UC-d934352c5e1212c6,every,543,0bc3e81e8359cdfd570db72f55ca7d9d24933bda2e19250f4699205e8fcf6548,"$\langle B_L^{\,L_K}\rangle$ contains every $L_K$-conjugate of every",MATHEMATICAL-CLAIM,PAR-NOVELTY;SRC-TWISTED-BN;SRC-MAXIMALITY,Parabolic-novelty claim; routed to the structural lemma and exact BN-pair/maximality sources.
UC-653453980bf8e5cf,every,543,0bc3e81e8359cdfd570db72f55ca7d9d24933bda2e19250f4699205e8fcf6548,"$\langle B_L^{\,L_K}\rangle$ contains every $L_K$-conjugate of every",MATHEMATICAL-CLAIM,PAR-NOVELTY;SRC-TWISTED-BN;SRC-MAXIMALITY,Parabolic-novelty claim; routed to the structural lemma and exact BN-pair/maximality sources.
UC-c6093f4b9e3b05b4,maximal,558,39d871f97e20be959a8a81bac96bb717c3e7c27a5cac7bb76df3628c89613cf6,"maximal elements of $\Pos_X(S)$, both normally saturating. If some prime",MATHEMATICAL-CLAIM,DIV-GROUP;DIV-ARITH;K1-TT;RED-COORD-BOUND,"Divisibility or almost-simple claim; routed to its group, arithmetic, and published-theorem evidence."
UC-a1a3bb4a01f34df6,unique,563,47790a6b6c569486d8e5c1a94d08157979431bc3446013e0aa782768fe9290c1,then no group $G$ with unique minimal normal subgroup $S^k$ and,MATHEMATICAL-CLAIM,DIV-GROUP;DIV-ARITH;K1-TT;RED-COORD-BOUND,"Divisibility or almost-simple claim; routed to its group, arithmetic, and published-theorem evidence."
UC-e2474a13050c1681,maximal,569,8187ef13b18c1ce101cb3aa3589f4a5e62c6a32f5833381386433d7f75d91608,"maximal subgroups of $G$, so property $\mathrm{P}$ forces $G=B_VB_W$ and",MATHEMATICAL-CLAIM,DIV-GROUP;DIV-ARITH;K1-TT;RED-COORD-BOUND,"Divisibility or almost-simple claim; routed to its group, arithmetic, and published-theorem evidence."
UC-bc63221ece0f550a,maximal,587,adf9025d60a5205fc3497ec309bfba39e4af8d212e4663e5629939412dd2b021,"$B_V,B_W$ is used; no classification of the maximal subgroups of $G$",MATHEMATICAL-CLAIM,DIV-GROUP;DIV-ARITH;K1-TT;RED-COORD-BOUND,"Divisibility or almost-simple claim; routed to its group, arithmetic, and published-theorem evidence."
UC-4321b21e310b11df,completeness,589,c37e275dc055ae26028863820a3b02398cb0a16477375f857e0c30e3fa4e5968,to completeness of tabulated maximal-subgroup data: it needs only that,MATHEMATICAL-CLAIM,DIV-GROUP;DIV-ARITH;K1-TT;RED-COORD-BOUND,"Divisibility or almost-simple claim; routed to its group, arithmetic, and published-theorem evidence."
UC-a611098195d6433d,maximal,589,c37e275dc055ae26028863820a3b02398cb0a16477375f857e0c30e3fa4e5968,to completeness of tabulated maximal-subgroup data: it needs only that,MATHEMATICAL-CLAIM,DIV-GROUP;DIV-ARITH;K1-TT;RED-COORD-BOUND,"Divisibility or almost-simple claim; routed to its group, arithmetic, and published-theorem evidence."
UC-f9ebfc1a4c977092,maximal,590,89d1e0061029bcc696d4fe8d6a05ebfbdcdbad15563841a712777a443d194883,the two exhibited subgroups are maximal (or Lemma~\ref{lem:P}-novelties),MATHEMATICAL-CLAIM,DIV-GROUP;DIV-ARITH;K1-TT;RED-COORD-BOUND,"Divisibility or almost-simple claim; routed to its group, arithmetic, and published-theorem evidence."
UC-8fe063524432ac93,stable,591,09e741288f7c5fc42e12facb63e4c5bdc80feef0e61729a15944a136d110668a,and their classes stable.,MATHEMATICAL-CLAIM,DIV-GROUP;DIV-ARITH;K1-TT;RED-COORD-BOUND,"Divisibility or almost-simple claim; routed to its group, arithmetic, and published-theorem evidence."
UC-2fa2eb98eed42deb,maximal,596,d72c3391a27353d52062ab2b3d045727988958e415d20cba343da8ecd74b92e0,"$S\leq G\leq\Aut(S)$ put $X:=G$, $x:=|G/S|=t$. For $[V]$ a maximal",MATHEMATICAL-CLAIM,DIV-GROUP;DIV-ARITH;K1-TT;RED-COORD-BOUND,"Divisibility or almost-simple claim; routed to its group, arithmetic, and published-theorem evidence."
UC-36f585655644fcfb,maximal,598,17def42a849f65288af58633344711cb6f041a5a381276528e7ee2f773003c54,"$B_V\cap S=V$, $B_VS=G$, $|B_V|=t|V|$, and $B_V$ is maximal in $G$.",MATHEMATICAL-CLAIM,DIV-GROUP;DIV-ARITH;K1-TT;RED-COORD-BOUND,"Divisibility or almost-simple claim; routed to its group, arithmetic, and published-theorem evidence."
UC-781d4b5d55fb8ab4,maximality,606,6f217f9933eee8a01623737c3fdab8e61fe73ab980c1c9f084daf29651513f35,Lemma~\ref{lem:A}; $B_V\cap S=N_S(V)=V$; the maximality of $B_V$ is the,MATHEMATICAL-CLAIM,DIV-GROUP;DIV-ARITH;K1-TT;RED-COORD-BOUND,"Divisibility or almost-simple claim; routed to its group, arithmetic, and published-theorem evidence."
UC-cc433aed700fa968,stable,612,b28e2fa51c4f4c5c4021914fa512cbad8933814cdbeceecdaecbf4df219f6fc0,self-normalizing subgroup whose class is $X$-stable (here,MATHEMATICAL-CLAIM,DIV-GROUP;DIV-ARITH;K1-TT;RED-COORD-BOUND,"Divisibility or almost-simple claim; routed to its group, arithmetic, and published-theorem evidence."
UC-ede94e9ccf15942c,exactly,615,becfc01c2f7bbf48ddb9890f7d9d985d55f82a866db321934c81a148dd5f6665,"$T$, exactly as in Step~1 of Lemma~\ref{lem:B}) and lies above $[V]$,",MATHEMATICAL-CLAIM,DIV-GROUP;DIV-ARITH;K1-TT;RED-COORD-BOUND,"Divisibility or almost-simple claim; routed to its group, arithmetic, and published-theorem evidence."
UC-c3d96b2972f0e1a1,maximality,616,f3fcf4f1e64e2f88f1992f11c6ac88f54fa533619432490a0d4d72953239f1a7,so poset-maximality forces $T=V$ and $H\leq N_G(V)=B_V$. The two,MATHEMATICAL-CLAIM,DIV-GROUP;DIV-ARITH;K1-TT;RED-COORD-BOUND,"Divisibility or almost-simple claim; routed to its group, arithmetic, and published-theorem evidence."
UC-26ef588c2ddf6aee,every,625,c1e493f085ece653d72960fac12a8a643a4c4916d70772af1a0ecbb441240eb9,"From now on, ``$S$ is \emph{excluded}'' means: for every $X$ with",DEFINITION,DIV-GROUP;DIV-ARITH;K1-TT;RED-COORD-BOUND,Definition or fixed notation; its later mathematical uses are routed by the surrounding proof obligations.
UC-e0e91800ff87e430,unique,627,ef23c51766f94ec660054386af131c34e0f57e580afd03c74551490611446b78,Theorem~\ref{thm:D}; consequently no finite group $G$ with unique,DEFINITION,DIV-GROUP;DIV-ARITH;K1-TT;RED-COORD-BOUND,Definition or fixed notation; its later mathematical uses are routed by the surrounding proof obligations.
UC-d300ea200c56ced7,Every,636,f51cb491d6d5736627a72ae6a5544173efa2d074ea65abb6f6dadd3deb050e22,Every non-abelian simple group $S$ with $|S|\leq 1.05\times10^{7}$ is,METHODOLOGY-CLAIM,COMP-FINITE-BASE;COMP-K2;COMP-INDEPENDENT;COMP-ENV;DETERMINISM,Finite-base computation claim; routed to exhaustive receipts and independent validation.
UC-13b8329d26c229bc,every,642,d957c2cbdc43d22989f8f71b950c92bd501ec07d7003e9cd4ce352ce415762a4,"GAP~4.16.0 \cite{GAP}, organized as follows; every machine claim is backed by a",METHODOLOGY-CLAIM,COMP-FINITE-BASE;COMP-K2;COMP-INDEPENDENT;COMP-ENV;DETERMINISM,Finite-base computation claim; routed to exhaustive receipts and independent validation.
UC-8f108befb65a4515,every,646,5d0b88a1ba53199bdac26e33c3305ae9fe2d0ee4bf3965bf903f8af0b6f5a8a7,"maps every paper claim to its scripts and certificates), and the group",METHODOLOGY-CLAIM,COMP-FINITE-BASE;COMP-K2;COMP-INDEPENDENT;COMP-ENV;DETERMINISM,Finite-base computation claim; routed to exhaustive receipts and independent validation.
UC-fa174225a9010efa,maximal,654,130e128ba633dfd151231dfc0c53288028e718c0262a2304da1ffa07a0db369d,receipt rather than a redundant GAP maximal-subgroup enumeration; sweeps J3,METHODOLOGY-CLAIM,COMP-FINITE-BASE;COMP-K2;COMP-INDEPENDENT;COMP-ENV;DETERMINISM,Finite-base computation claim; routed to exhaustive receipts and independent validation.
UC-849c958af2552c10,Maximal,661,2960ab8d5d644e48da9b308ee2d11f027e2563f474a4a1f82521db0e037767db,"\item \emph{Maximal-class pairs (sweeps J, J2, J4, J3, J5, J6).} For each",METHODOLOGY-CLAIM,COMP-FINITE-BASE;COMP-K2;COMP-INDEPENDENT;COMP-ENV;DETERMINISM,Finite-base computation claim; routed to exhaustive receipts and independent validation.
UC-0aa416786cee68e7,stable,663,448d2f1b178f16ebb01397fee37a4aec8e827f4b1a27e17bf94fb685c1f5496d,"program lists the $X$-stable classes of maximal subgroups of $S$, and",METHODOLOGY-CLAIM,COMP-FINITE-BASE;COMP-K2;COMP-INDEPENDENT;COMP-ENV;DETERMINISM,Finite-base computation claim; routed to exhaustive receipts and independent validation.
UC-a57f8b51c593537f,maximal,663,448d2f1b178f16ebb01397fee37a4aec8e827f4b1a27e17bf94fb685c1f5496d,"program lists the $X$-stable classes of maximal subgroups of $S$, and",METHODOLOGY-CLAIM,COMP-FINITE-BASE;COMP-K2;COMP-INDEPENDENT;COMP-ENV;DETERMINISM,Finite-base computation claim; routed to exhaustive receipts and independent validation.
UC-9f91f2714836d3f1,every,666,b32482e3b3f47536c4107bbf3856f1d7ee559606a84d8bf9be0ef478dfc9344d,"$\Out(S)$, the frozen program audits every quotient-class representative",METHODOLOGY-CLAIM,COMP-FINITE-BASE;COMP-K2;COMP-INDEPENDENT;COMP-ENV;DETERMINISM,Finite-base computation claim; routed to exhaustive receipts and independent validation.
UC-e3793130dc3d40ff,complete,670,be2c999c1401251cf8978e08c8b76f6552068a9fe5d014662ab90b9105d86d20,SHA-256 fingerprint of the complete induced permutation action on the pinned,METHODOLOGY-CLAIM,COMP-FINITE-BASE;COMP-K2;COMP-INDEPENDENT;COMP-ENV;DETERMINISM,Finite-base computation claim; routed to exhaustive receipts and independent validation.
UC-b1a6050b37dc259c,maximal,671,3ca6578e8958982733a3d7355be65f004445501e88367813afe81ec8695f3622,"maximal-subgroup-class list, together with intrinsic quotient/kernel data;",METHODOLOGY-CLAIM,COMP-FINITE-BASE;COMP-K2;COMP-INDEPENDENT;COMP-ENV;DETERMINISM,Finite-base computation claim; routed to exhaustive receipts and independent validation.
UC-2a957edaaff8f8d7,every,674,94f9752d349b8f4605099b92b5acd7bb66d061d92e513219759e0813aecf4d7c,"\texttt{XCASE} inventory, including survivor cases, and binds every successful",METHODOLOGY-CLAIM,COMP-FINITE-BASE;COMP-K2;COMP-INDEPENDENT;COMP-ENV;DETERMINISM,Finite-base computation claim; routed to exhaustive receipts and independent validation.
UC-942da50a90a256ce,exactly,675,b256a91c85b675476150b7b21aa9842f85eb50af2d9ceb626fd878773c2cc472,\texttt{CERT} to exactly one such record. For all but six socles in range this succeeds for,METHODOLOGY-CLAIM,COMP-FINITE-BASE;COMP-K2;COMP-INDEPENDENT;COMP-ENV;DETERMINISM,Finite-base computation claim; routed to exhaustive receipts and independent validation.
UC-d86401217a215ded,all,675,b256a91c85b675476150b7b21aa9842f85eb50af2d9ceb626fd878773c2cc472,\texttt{CERT} to exactly one such record. For all but six socles in range this succeeds for,METHODOLOGY-CLAIM,COMP-FINITE-BASE;COMP-K2;COMP-INDEPENDENT;COMP-ENV;DETERMINISM,Finite-base computation claim; routed to exhaustive receipts and independent validation.
UC-cb7a4e1f35588e52,every,676,6e0fcdae7a8add1f4ffd2d4200662860f5761f3081bf8b20cb716c338af95bfd,every $X$. A logged certificate line records,METHODOLOGY-CLAIM,COMP-FINITE-BASE;COMP-K2;COMP-INDEPENDENT;COMP-ENV;DETERMINISM,Finite-base computation claim; routed to exhaustive receipts and independent validation.
UC-d54bea662ca4e5e9,all,678,3a96ef3798e5a3b04cf015a602e088666396f71e66568e88ce325572ff989d5e,"$A_5^k$ for all $k$ and all $X$, the first unbounded-$k$ closure. In",METHODOLOGY-CLAIM,COMP-FINITE-BASE;COMP-K2;COMP-INDEPENDENT;COMP-ENV;DETERMINISM,Finite-base computation claim; routed to exhaustive receipts and independent validation.
UC-37c55986f56e2af0,all,678,3a96ef3798e5a3b04cf015a602e088666396f71e66568e88ce325572ff989d5e,"$A_5^k$ for all $k$ and all $X$, the first unbounded-$k$ closure. In",METHODOLOGY-CLAIM,COMP-FINITE-BASE;COMP-K2;COMP-INDEPENDENT;COMP-ENV;DETERMINISM,Finite-base computation claim; routed to exhaustive receipts and independent validation.
UC-36d7f16b2749ea3e,every,680,72ab56686f9649a5036bba2f8ae9354ca43134bcaac9be5dfeb6f7f0041d5161,"exceed the base bound, carry certificates of the same form for every",METHODOLOGY-CLAIM,COMP-FINITE-BASE;COMP-K2;COMP-INDEPENDENT;COMP-ENV;DETERMINISM,Finite-base computation claim; routed to exhaustive receipts and independent validation.
UC-9cad67943f1e30ac,stable,684,acdc0c4ee87c6b653c9329b40084a36959834b9208845225c7568c3ee6f1493b,"admit too few stable maximal classes, all for the expected reason (an",METHODOLOGY-CLAIM,COMP-FINITE-BASE;COMP-K2;COMP-INDEPENDENT;COMP-ENV;DETERMINISM,Finite-base computation claim; routed to exhaustive receipts and independent validation.
UC-712366c1c69fad76,maximal,684,acdc0c4ee87c6b653c9329b40084a36959834b9208845225c7568c3ee6f1493b,"admit too few stable maximal classes, all for the expected reason (an",METHODOLOGY-CLAIM,COMP-FINITE-BASE;COMP-K2;COMP-INDEPENDENT;COMP-ENV;DETERMINISM,Finite-base computation claim; routed to exhaustive receipts and independent validation.
UC-5697f202d2057dca,all,684,acdc0c4ee87c6b653c9329b40084a36959834b9208845225c7568c3ee6f1493b,"admit too few stable maximal classes, all for the expected reason (an",METHODOLOGY-CLAIM,COMP-FINITE-BASE;COMP-K2;COMP-INDEPENDENT;COMP-ENV;DETERMINISM,Finite-base computation claim; routed to exhaustive receipts and independent validation.
UC-9c0564609438cca2,maximal,688,519cbd61de0661f133c73809c91c827c6d11b612cfafb26d5c7a913442a3288d,"involving non-maximal classes that are maximal in $\Pos_X(S)$, with",METHODOLOGY-CLAIM,COMP-FINITE-BASE;COMP-K2;COMP-INDEPENDENT;COMP-ENV;DETERMINISM,Finite-base computation claim; routed to exhaustive receipts and independent validation.
UC-084ab2717f8080a8,maximal,688,519cbd61de0661f133c73809c91c827c6d11b612cfafb26d5c7a913442a3288d,"involving non-maximal classes that are maximal in $\Pos_X(S)$, with",METHODOLOGY-CLAIM,COMP-FINITE-BASE;COMP-K2;COMP-INDEPENDENT;COMP-ENV;DETERMINISM,Finite-base computation claim; routed to exhaustive receipts and independent validation.
UC-acebc3ac14c1e022,independently,692,34ff1d36b2e6430bb7c50f8b281220114c796183cc1c9aa8abc0fe8872785a68,"\texttt{IntermediateSubgroups(S,V)}; independently it enumerates every",METHODOLOGY-CLAIM,COMP-FINITE-BASE;COMP-K2;COMP-INDEPENDENT;COMP-ENV;DETERMINISM,Finite-base computation claim; routed to exhaustive receipts and independent validation.
UC-e60a218b228461df,every,692,34ff1d36b2e6430bb7c50f8b281220114c796183cc1c9aa8abc0fe8872785a68,"\texttt{IntermediateSubgroups(S,V)}; independently it enumerates every",METHODOLOGY-CLAIM,COMP-FINITE-BASE;COMP-K2;COMP-INDEPENDENT;COMP-ENV;DETERMINISM,Finite-base computation claim; routed to exhaustive receipts and independent validation.
UC-3a92a05c66eb2d84,every,697,9c61639b7199299e57c1bf1c3b332783aa6f9e9ca728e6fb81e32db8318014a3,mismatch is fatal: every embedding orbit of $V$ in each overgroup class,METHODOLOGY-CLAIM,COMP-FINITE-BASE;COMP-K2;COMP-INDEPENDENT;COMP-ENV;DETERMINISM,Finite-base computation claim; routed to exhaustive receipts and independent validation.
UC-293c93119764f688,Every,699,3312d22320fc262cb73d0dae77ccb37881ba46dc78590e79d4a9c6accaac4055,"Every record names the $S$-class position, order, index, normalizer order, a",METHODOLOGY-CLAIM,COMP-FINITE-BASE;COMP-K2;COMP-INDEPENDENT;COMP-ENV;DETERMINISM,Finite-base computation claim; routed to exhaustive receipts and independent validation.
UC-b72d2d9b94cd66c6,complete,706,10c9336149cbafa134f1386cbd52835e5b4715e8e385c5495f24e82d0470e97e,with the induced action on the complete pinned list of $S$-subgroup classes.,METHODOLOGY-CLAIM,COMP-FINITE-BASE;COMP-K2;COMP-INDEPENDENT;COMP-ENV;DETERMINISM,Finite-base computation claim; routed to exhaustive receipts and independent validation.
UC-342cfc7ca03f54d1,Every,719,928e99e7438abf4062c3eef1da072d8f1ae38a25e8a69525e8057007ca0251cb,"Every sporadic simple group, and the Tits group ${}^2F_4(2)'$, is",METHODOLOGY-CLAIM,COMP-SPORADIC;SRC-SPORADIC-MAX;COMP-INDEPENDENT;COMP-ENV,Sporadic/Tits computation claim; routed to exact class receipts and published maximality sources.
UC-c5d3d1fe9b2093d1,stable,731,34d370769d0b92124eaeefdd9e6e817c83190e75db1c490ae1c928e66b099e9f,\texttt{sweepM\_sporadic.log}): stable maximal classes and pair searches use the,METHODOLOGY-CLAIM,COMP-SPORADIC;SRC-SPORADIC-MAX;COMP-INDEPENDENT;COMP-ENV,Sporadic/Tits computation claim; routed to exact class receipts and published maximality sources.
UC-9b45717566cf6ef3,maximal,731,34d370769d0b92124eaeefdd9e6e817c83190e75db1c490ae1c928e66b099e9f,\texttt{sweepM\_sporadic.log}): stable maximal classes and pair searches use the,METHODOLOGY-CLAIM,COMP-SPORADIC;SRC-SPORADIC-MAX;COMP-INDEPENDENT;COMP-ENV,Sporadic/Tits computation claim; routed to exact class receipts and published maximality sources.
UC-b1a9161eed2d1dec,maximal,732,5f8f1df409b2129243e7ec2ae8a969c87fee0a5e23427edadefe0d6542b2f054,\textsc{Atlas} maximal-subgroup data via the GAP character table,METHODOLOGY-CLAIM,COMP-SPORADIC;SRC-SPORADIC-MAX;COMP-INDEPENDENT;COMP-ENV,Sporadic/Tits computation claim; routed to exact class receipts and published maximality sources.
UC-7b47c91f0597b9b8,Every,734,8a791310df4f1388089a3850b5e0208859f0b5f19fb1b926c56374c359e7bfe5,AtlasRep~2.1.11. Every record gives the exact character-table identifier and,METHODOLOGY-CLAIM,COMP-SPORADIC;SRC-SPORADIC-MAX;COMP-INDEPENDENT;COMP-ENV,Sporadic/Tits computation claim; routed to exact class receipts and published maximality sources.
UC-1a88b4113f5902dd,automatic,735,fc451f91c6251181fbd0d76979020c1a12c5957450d9599e0c93e54e14ad21b1,"\texttt{Maxes} list position. If $\Out(S)=1$, stability is automatic. If",METHODOLOGY-CLAIM,COMP-SPORADIC;SRC-SPORADIC-MAX;COMP-INDEPENDENT;COMP-ENV,Sporadic/Tits computation claim; routed to exact class receipts and published maximality sources.
UC-6e455ce60f27ec16,exactly,736,e8b4c8789c8de6125c904d2754e1b71fa96d4cf044b4bb7b3d20f7ae88909ad2,"$|\Out(S)|=2$, the program accepts a class only when its order occurs exactly",METHODOLOGY-CLAIM,COMP-SPORADIC;SRC-SPORADIC-MAX;COMP-INDEPENDENT;COMP-ENV,Sporadic/Tits computation claim; routed to exact class receipts and published maximality sources.
UC-f69db99ee46008c3,complete,737,997a811de6843967c749ef0b903c7a4dbaf5d993def3f39a811453d0bba2e170,"once in the complete pinned \texttt{Maxes} list; automorphisms preserve order,",METHODOLOGY-CLAIM,COMP-SPORADIC;SRC-SPORADIC-MAX;COMP-INDEPENDENT;COMP-ENV,Sporadic/Tits computation claim; routed to exact class receipts and published maximality sources.
UC-5e295540ecac0405,stable,738,a63241283dc3c6bd03846003e57e0827da63904297b35b2eb0daec555653d0ee,so that exact class is stable. No stored class fusion is claimed or used.,METHODOLOGY-CLAIM,COMP-SPORADIC;SRC-SPORADIC-MAX;COMP-INDEPENDENT;COMP-ENV,Sporadic/Tits computation claim; routed to exact class receipts and published maximality sources.
UC-76d9c93919e263df,maximal,740,d56b598bc0a2ddb8da51c2730bb71d5f52405bde96e8775bc0c218dcef9bead8,"group, list position, identifier, and order, to a published maximal-subgroup",METHODOLOGY-CLAIM,COMP-SPORADIC;SRC-SPORADIC-MAX;COMP-INDEPENDENT;COMP-ENV,Sporadic/Tits computation claim; routed to exact class receipts and published maximality sources.
UC-4a66d6b34ba5a85e,independently,744,55dedec5392c59aea005ffb73e0a5a97b77c478509e83a5ed794b35eaffda6b0,are covered independently by \cite[pp.~553--563]{Wilson1984} and,METHODOLOGY-CLAIM,COMP-SPORADIC;SRC-SPORADIC-MAX;COMP-INDEPENDENT;COMP-ENV,Sporadic/Tits computation claim; routed to exact class receipts and published maximality sources.
UC-f21b919c12b9310d,completeness,750,aa373cfbbdd1a0209eecd8e5b1a779361d64d682fc5abdd4442de80389e836af,"Theorem~\ref{thm:D}, completeness is logically needed here only for the",METHODOLOGY-CLAIM,COMP-SPORADIC;SRC-SPORADIC-MAX;COMP-INDEPENDENT;COMP-ENV,Sporadic/Tits computation claim; routed to exact class receipts and published maximality sources.
UC-5182528f5f0516c8,unique,751,90a9f1af5f2f19cea24adaff16280a50e42ed532becf1ebfddd01d9fae376c07,unique-order stability argument when $|\Out(S)|=2$. The exact source map is,METHODOLOGY-CLAIM,COMP-SPORADIC;SRC-SPORADIC-MAX;COMP-INDEPENDENT;COMP-ENV,Sporadic/Tits computation claim; routed to exact class receipts and published maximality sources.
UC-9fc7888283c3b893,exactly,763,2cfdc5296e2744abab0cc483550d7348132f818d365d17b41c56097ebea08a9d,with the Zsigmondy-exception set exactly as documented in the proofs;,METHODOLOGY-CLAIM,COMP-SPORADIC;SRC-SPORADIC-MAX;COMP-INDEPENDENT;COMP-ENV,Sporadic/Tits computation claim; routed to exact class receipts and published maximality sources.
UC-42d620f5c960c584,all,767,b9875da500b85876d16aa29d56a2812bcfa2816e2ed66ee3253e8ea4ef4f27cd,quantified over all ranks and fields.,METHODOLOGY-CLAIM,COMP-SPORADIC;SRC-SPORADIC-MAX;COMP-INDEPENDENT;COMP-ENV,Sporadic/Tits computation claim; routed to exact class receipts and published maximality sources.
UC-554e08a16b9477f6,maximal,774,3761364991447484fdfc5e137cdf9efeb43bcc3a2facbd3eaa815a89ed0320eb,"maximal subgroups of $S$, only their $X$-stability and the valuation",MATHEMATICAL-CLAIM,ARITH-UNIVERSAL;ARITH-SYMBOLIC;SRC-ORDER-FORMULAS;SRC-ZSIGMONDY;SRC-MAXIMALITY;SRC-AUTOMORPHISMS;COMP-FINITE-BASE,"PSL(2,q) family claim; routed to exact arithmetic, structural sources, and finite exceptions."
UC-5cd5789ffbdac854,certified,790,ec4cea124b6d81d7fa4dd4bc687f5d0a1275ac12941e689d0f413d3d5d45def3,"For $q\in\{4,5,7,8,9,11\}$ this is machine-certified by",MATHEMATICAL-CLAIM,ARITH-UNIVERSAL;ARITH-SYMBOLIC;SRC-ORDER-FORMULAS;SRC-ZSIGMONDY;SRC-MAXIMALITY;SRC-AUTOMORPHISMS;COMP-FINITE-BASE,"PSL(2,q) family claim; routed to exact arithmetic, structural sources, and finite exceptions."
UC-129e1c08ba3074c0,All,792,22b02705d32e433a1ad3a8958f8f8bd41dfbb6ea9a71845423da93d32dbb111e,(not by an invocation of Proposition~\ref{prop:base}).  All other simple parameters are covered,MATHEMATICAL-CLAIM,ARITH-UNIVERSAL;ARITH-SYMBOLIC;SRC-ORDER-FORMULAS;SRC-ZSIGMONDY;SRC-MAXIMALITY;SRC-AUTOMORPHISMS;COMP-FINITE-BASE,"PSL(2,q) family claim; routed to exact arithmetic, structural sources, and finite exceptions."
UC-e20dd07d7a32f294,maximal,800,570b2c7d395b98d4dc1a05a5c5c833418263505e589b55bf3ded2794e90fed30,be the normalizers of the split and nonsplit maximal tori: dihedral of,MATHEMATICAL-CLAIM,ARITH-UNIVERSAL;ARITH-SYMBOLIC;SRC-ORDER-FORMULAS;SRC-ZSIGMONDY;SRC-MAXIMALITY;SRC-AUTOMORPHISMS;COMP-FINITE-BASE,"PSL(2,q) family claim; routed to exact arithmetic, structural sources, and finite exceptions."
UC-44e3f2eecfdc15c2,maximal,801,e8cb9ea75a27e2df2a551dbeb62ac281a5b6474fc8a2f5b4b5dfbcf9a625dee3,"orders $q-1$ and $q+1$, and maximal in $S$ for $q\geq13$ by Dickson's",MATHEMATICAL-CLAIM,ARITH-UNIVERSAL;ARITH-SYMBOLIC;SRC-ORDER-FORMULAS;SRC-ZSIGMONDY;SRC-MAXIMALITY;SRC-AUTOMORPHISMS;COMP-FINITE-BASE,"PSL(2,q) family claim; routed to exact arithmetic, structural sources, and finite exceptions."
UC-cf367b69d5a980d8,All,804,6d588f01851107235cccb41cc8ca44a28ba1e33a6ba8a19ae845bc6dc9ec8820,All split (resp.\ nonsplit) maximal tori,MATHEMATICAL-CLAIM,ARITH-UNIVERSAL;ARITH-SYMBOLIC;SRC-ORDER-FORMULAS;SRC-ZSIGMONDY;SRC-MAXIMALITY;SRC-AUTOMORPHISMS;COMP-FINITE-BASE,"PSL(2,q) family claim; routed to exact arithmetic, structural sources, and finite exceptions."
UC-dcf89fe22d480573,maximal,804,6d588f01851107235cccb41cc8ca44a28ba1e33a6ba8a19ae845bc6dc9ec8820,All split (resp.\ nonsplit) maximal tori,MATHEMATICAL-CLAIM,ARITH-UNIVERSAL;ARITH-SYMBOLIC;SRC-ORDER-FORMULAS;SRC-ZSIGMONDY;SRC-MAXIMALITY;SRC-AUTOMORPHISMS;COMP-FINITE-BASE,"PSL(2,q) family claim; routed to exact arithmetic, structural sources, and finite exceptions."
UC-572c418ca125b90e,every,805,55306bf475105c3ad7b24ed72c0fa6025cdb29a9236e3e25df34ed1b4b321b88,are $S$-conjugate and every automorphism maps one to one (there is no,MATHEMATICAL-CLAIM,ARITH-UNIVERSAL;ARITH-SYMBOLIC;SRC-ORDER-FORMULAS;SRC-ZSIGMONDY;SRC-MAXIMALITY;SRC-AUTOMORPHISMS;COMP-FINITE-BASE,"PSL(2,q) family claim; routed to exact arithmetic, structural sources, and finite exceptions."
UC-7e9f4b0e06dba852,stable,807,49d725efd1924eed4e96d79982f33940b03b3f676ceb3f0ed2254307e7a3f4bc,"algebraically), so $[U]$ and $[V]$ are $X$-stable for every $X$. Now",MATHEMATICAL-CLAIM,ARITH-UNIVERSAL;ARITH-SYMBOLIC;SRC-ORDER-FORMULAS;SRC-ZSIGMONDY;SRC-MAXIMALITY;SRC-AUTOMORPHISMS;COMP-FINITE-BASE,"PSL(2,q) family claim; routed to exact arithmetic, structural sources, and finite exceptions."
UC-2b674f1a1ae158dc,every,807,49d725efd1924eed4e96d79982f33940b03b3f676ceb3f0ed2254307e7a3f4bc,"algebraically), so $[U]$ and $[V]$ are $X$-stable for every $X$. Now",MATHEMATICAL-CLAIM,ARITH-UNIVERSAL;ARITH-SYMBOLIC;SRC-ORDER-FORMULAS;SRC-ZSIGMONDY;SRC-MAXIMALITY;SRC-AUTOMORPHISMS;COMP-FINITE-BASE,"PSL(2,q) family claim; routed to exact arithmetic, structural sources, and finite exceptions."
UC-393c54def3b975da,maximal,814,881cc4640c6677718fab9541e15fd50a466c7c2eb1561a2c67ca343bc6df79ac,"order $q(q-1)$, and $V:=N_S(T_+)$, dihedral of order $2(q-1)$, maximal",MATHEMATICAL-CLAIM,ARITH-UNIVERSAL;ARITH-SYMBOLIC;SRC-ORDER-FORMULAS;SRC-ZSIGMONDY;SRC-MAXIMALITY;SRC-AUTOMORPHISMS;COMP-FINITE-BASE,"PSL(2,q) family claim; routed to exact arithmetic, structural sources, and finite exceptions."
UC-85bd2c16a47f26f4,unique,817,583acfc08a5d8a22c260b49d57f78a8a1f74291afccf76fc653e34974aafd275,normalizers and $[V]$ the unique class of split torus normalizers: both,MATHEMATICAL-CLAIM,ARITH-UNIVERSAL;ARITH-SYMBOLIC;SRC-ORDER-FORMULAS;SRC-ZSIGMONDY;SRC-MAXIMALITY;SRC-AUTOMORPHISMS;COMP-FINITE-BASE,"PSL(2,q) family claim; routed to exact arithmetic, structural sources, and finite exceptions."
UC-a9e0271608a8754b,stable,818,6c81de8bcaecb0030e4c144730f23daa2000b699e1d028a1a6806357afb90649,$X$-stable. Now $|U||V|/|S|=2(q-1)/(q+1)$ with $q+1$ odd and coprime to,MATHEMATICAL-CLAIM,ARITH-UNIVERSAL;ARITH-SYMBOLIC;SRC-ORDER-FORMULAS;SRC-ZSIGMONDY;SRC-MAXIMALITY;SRC-AUTOMORPHISMS;COMP-FINITE-BASE,"PSL(2,q) family claim; routed to exact arithmetic, structural sources, and finite exceptions."
UC-1d3e8e8d8ed3ac3d,certified,833,8552862b931e0ab4d5fa937fb7bab1ab9260f95b1e2939836af22ada23d90b37,For $n\leq14$ this is machine-certified: $n\leq10$ falls under,MATHEMATICAL-CLAIM,ARITH-UNIVERSAL;ARITH-SYMBOLIC;SRC-ORDER-FORMULAS;SRC-ZSIGMONDY;SRC-MAXIMALITY;SRC-AUTOMORPHISMS;COMP-FINITE-BASE,"Alternating-family claim; routed to exact arithmetic, subgroup sources, and finite exceptions."
UC-d65de85fcb674c88,all,835,c0d25300ef40816940245bdbe54c15ba62f086b03a68bc25fee9ebb8835c3061,"automorphisms fuse classes; all five $X$ are handled there), and",MATHEMATICAL-CLAIM,ARITH-UNIVERSAL;ARITH-SYMBOLIC;SRC-ORDER-FORMULAS;SRC-ZSIGMONDY;SRC-MAXIMALITY;SRC-AUTOMORPHISMS;COMP-FINITE-BASE,"Alternating-family claim; routed to exact arithmetic, subgroup sources, and finite exceptions."
UC-491802e5390f62b2,maximal,841,9ffa7799fa7ee345b327404fc2bb61503ad401d209ef1d7d9695b5e341e7ffc9,"$I:=(S_{n/2}\wr S_2)\cap A_n$. Each $M_m$ is maximal in $A_n$, and $I$",MATHEMATICAL-CLAIM,ARITH-UNIVERSAL;ARITH-SYMBOLIC;SRC-ORDER-FORMULAS;SRC-ZSIGMONDY;SRC-MAXIMALITY;SRC-AUTOMORPHISMS;COMP-FINITE-BASE,"Alternating-family claim; routed to exact arithmetic, subgroup sources, and finite exceptions."
UC-d5b7a225c44c8f61,maximal,842,38c108ce1e29a6a3273a77e371db59cd5bc849864e4ce17b4959ee5f19d77835,is maximal outside a finite list of exceptions all with $n\leq14$,MATHEMATICAL-CLAIM,ARITH-UNIVERSAL;ARITH-SYMBOLIC;SRC-ORDER-FORMULAS;SRC-ZSIGMONDY;SRC-MAXIMALITY;SRC-AUTOMORPHISMS;COMP-FINITE-BASE,"Alternating-family claim; routed to exact arithmetic, subgroup sources, and finite exceptions."
UC-741ee7eff03dbf68,all,842,38c108ce1e29a6a3273a77e371db59cd5bc849864e4ce17b4959ee5f19d77835,is maximal outside a finite list of exceptions all with $n\leq14$,MATHEMATICAL-CLAIM,ARITH-UNIVERSAL;ARITH-SYMBOLIC;SRC-ORDER-FORMULAS;SRC-ZSIGMONDY;SRC-MAXIMALITY;SRC-AUTOMORPHISMS;COMP-FINITE-BASE,"Alternating-family claim; routed to exact arithmetic, subgroup sources, and finite exceptions."
UC-187eca56d21ad3e7,all,846,f9ecc684ea13493609a061ba461c6c6ab19ce73331d0d0581d252908408f195e,$\Aut(A_n)=S_n$ for $n\neq6$: all these classes are $X$-stable for every,MATHEMATICAL-CLAIM,ARITH-UNIVERSAL;ARITH-SYMBOLIC;SRC-ORDER-FORMULAS;SRC-ZSIGMONDY;SRC-MAXIMALITY;SRC-AUTOMORPHISMS;COMP-FINITE-BASE,"Alternating-family claim; routed to exact arithmetic, subgroup sources, and finite exceptions."
UC-530a45d966f8e062,stable,846,f9ecc684ea13493609a061ba461c6c6ab19ce73331d0d0581d252908408f195e,$\Aut(A_n)=S_n$ for $n\neq6$: all these classes are $X$-stable for every,MATHEMATICAL-CLAIM,ARITH-UNIVERSAL;ARITH-SYMBOLIC;SRC-ORDER-FORMULAS;SRC-ZSIGMONDY;SRC-MAXIMALITY;SRC-AUTOMORPHISMS;COMP-FINITE-BASE,"Alternating-family claim; routed to exact arithmetic, subgroup sources, and finite exceptions."
UC-0f466bc905a9c426,every,846,f9ecc684ea13493609a061ba461c6c6ab19ce73331d0d0581d252908408f195e,$\Aut(A_n)=S_n$ for $n\neq6$: all these classes are $X$-stable for every,MATHEMATICAL-CLAIM,ARITH-UNIVERSAL;ARITH-SYMBOLIC;SRC-ORDER-FORMULAS;SRC-ZSIGMONDY;SRC-MAXIMALITY;SRC-AUTOMORPHISMS;COMP-FINITE-BASE,"Alternating-family claim; routed to exact arithmetic, subgroup sources, and finite exceptions."
UC-0a33ab2b42697585,all,852,3c30a6542d7bd8d2e8a494c1cad8812732a16c14d30388651867ee9abe2e6481,"subgroup order is $0$ (all parts of the partitions involved are $<p$),",MATHEMATICAL-CLAIM,ARITH-UNIVERSAL;ARITH-SYMBOLIC;SRC-ORDER-FORMULAS;SRC-ZSIGMONDY;SRC-MAXIMALITY;SRC-AUTOMORPHISMS;COMP-FINITE-BASE,"Alternating-family claim; routed to exact arithmetic, subgroup sources, and finite exceptions."
UC-5ab3d0ffd43d8147,maximal,885,44b55c2de8d662fb7098122cb1fbc5cce376ac3cf9f18590fc737ef7e588fab4,"Let $P_1,P_2$ be maximal parabolic subgroups from two distinct classes",MATHEMATICAL-CLAIM,ARITH-UNIVERSAL;ARITH-SYMBOLIC;SRC-ORDER-FORMULAS;SRC-ZSIGMONDY;SRC-TWISTED-BN;SRC-AUTOMORPHISMS;SRC-MAXIMALITY,No-graph Lie-family claim; routed to universal arithmetic and exact parabolic/automorphism sources.
UC-7d053a19a6c2ca2b,maximal,887,17938c91abd741883cd1bf8cfd8c03ca9ee750e42c755beda1d3edbe15fe5f3c,maximal subgroups of $S$: any overgroup of a parabolic contains a Borel,MATHEMATICAL-CLAIM,ARITH-UNIVERSAL;ARITH-SYMBOLIC;SRC-ORDER-FORMULAS;SRC-ZSIGMONDY;SRC-TWISTED-BN;SRC-AUTOMORPHISMS;SRC-MAXIMALITY,No-graph Lie-family claim; routed to universal arithmetic and exact parabolic/automorphism sources.
UC-d6b59a7fd1bf4548,every,888,86674e7206d18b786d047cb489929c7003fd6fd3366a57d0b8a7d0124429c19d,"subgroup, and every subgroup containing a Borel is parabolic",MATHEMATICAL-CLAIM,ARITH-UNIVERSAL;ARITH-SYMBOLIC;SRC-ORDER-FORMULAS;SRC-ZSIGMONDY;SRC-TWISTED-BN;SRC-AUTOMORPHISMS;SRC-MAXIMALITY,No-graph Lie-family claim; routed to universal arithmetic and exact parabolic/automorphism sources.
UC-ab099d13b6390552,every,899,a493b48cd6e04137c58d7ba26a14f4115dfc5fb3230d9ed286f0e1e9e1c3db04,hypothesis and treated in Theorem~\ref{thm:graph}). So every parabolic,MATHEMATICAL-CLAIM,ARITH-UNIVERSAL;ARITH-SYMBOLIC;SRC-ORDER-FORMULAS;SRC-ZSIGMONDY;SRC-TWISTED-BN;SRC-AUTOMORPHISMS;SRC-MAXIMALITY,No-graph Lie-family claim; routed to universal arithmetic and exact parabolic/automorphism sources.
UC-be1b1acfaef13b09,stable,900,cb0ec9616d0cdbc5ad351ef1ab188d3338110c96c13c61c8839c9d863a8401dd,class is $X$-stable for every $X$.,MATHEMATICAL-CLAIM,ARITH-UNIVERSAL;ARITH-SYMBOLIC;SRC-ORDER-FORMULAS;SRC-ZSIGMONDY;SRC-TWISTED-BN;SRC-AUTOMORPHISMS;SRC-MAXIMALITY,No-graph Lie-family claim; routed to universal arithmetic and exact parabolic/automorphism sources.
UC-2b511a92724de3c3,every,900,cb0ec9616d0cdbc5ad351ef1ab188d3338110c96c13c61c8839c9d863a8401dd,class is $X$-stable for every $X$.,MATHEMATICAL-CLAIM,ARITH-UNIVERSAL;ARITH-SYMBOLIC;SRC-ORDER-FORMULAS;SRC-ZSIGMONDY;SRC-TWISTED-BN;SRC-AUTOMORPHISMS;SRC-MAXIMALITY,No-graph Lie-family claim; routed to universal arithmetic and exact parabolic/automorphism sources.
UC-064fa35c4f079df5,maximal,906,b1d7930f759895a9644a155f9b5ccc4ba78db1132144f17adfc7cd9015e88aca,(ii) $r$ divides no maximal parabolic order: $|P_i|=q^{N_i}|L_i|,MATHEMATICAL-CLAIM,ARITH-UNIVERSAL;ARITH-SYMBOLIC;SRC-ORDER-FORMULAS;SRC-ZSIGMONDY;SRC-TWISTED-BN;SRC-AUTOMORPHISMS;SRC-MAXIMALITY,No-graph Lie-family claim; routed to universal arithmetic and exact parabolic/automorphism sources.
UC-481baa992f6d2e81,every,909,f4550ad88ddaa0a451257cb957aafe8b9e7930976dd39f27ff05026cda8f802d,$h_i$ the largest torus exponent of $L_i$; in every listed case every,MATHEMATICAL-CLAIM,ARITH-UNIVERSAL;ARITH-SYMBOLIC;SRC-ORDER-FORMULAS;SRC-ZSIGMONDY;SRC-TWISTED-BN;SRC-AUTOMORPHISMS;SRC-MAXIMALITY,No-graph Lie-family claim; routed to universal arithmetic and exact parabolic/automorphism sources.
UC-f67e8da066dd3dbf,every,909,f4550ad88ddaa0a451257cb957aafe8b9e7930976dd39f27ff05026cda8f802d,$h_i$ the largest torus exponent of $L_i$; in every listed case every,MATHEMATICAL-CLAIM,ARITH-UNIVERSAL;ARITH-SYMBOLIC;SRC-ORDER-FORMULAS;SRC-ZSIGMONDY;SRC-TWISTED-BN;SRC-AUTOMORPHISMS;SRC-MAXIMALITY,No-graph Lie-family claim; routed to universal arithmetic and exact parabolic/automorphism sources.
UC-1f091c4392d9ce63,exactly,945,7f153463e9bcf7a0f1cea235c7b25f1cacfcaab01aa0dab4d7fef9f28532ceda,"These are exactly the twisted types of twisted $BN$-pair rank $\geq2$,",MATHEMATICAL-CLAIM,ARITH-UNIVERSAL;ARITH-SYMBOLIC;SRC-ORDER-FORMULAS;SRC-ZSIGMONDY;SRC-TWISTED-BN;SRC-2E6-LEVI;SRC-AUTOMORPHISMS;SRC-MAXIMALITY,"Higher twisted-rank family claim; routed to arithmetic, BN-pair, Levi, automorphism, and maximality sources."
UC-6fce4c9f24d03277,maximal,946,60603165eb4efadc809dc40c67e03ed33208f5868427e47fb4d1c07c9e265851,so $S$ has at least two classes of maximal parabolic subgroups,MATHEMATICAL-CLAIM,ARITH-UNIVERSAL;ARITH-SYMBOLIC;SRC-ORDER-FORMULAS;SRC-ZSIGMONDY;SRC-TWISTED-BN;SRC-2E6-LEVI;SRC-AUTOMORPHISMS;SRC-MAXIMALITY,"Higher twisted-rank family claim; routed to arithmetic, BN-pair, Levi, automorphism, and maximality sources."
UC-f0f5ff06c4e329a0,maximal,947,b299b717fa399784b32bf756331aadf1e049da37ccf07e7b7706d3b45827f5c5,"$P_1,P_2$, maximal in $S$ as in Theorem~\ref{thm:nograph}. The required",MATHEMATICAL-CLAIM,ARITH-UNIVERSAL;ARITH-SYMBOLIC;SRC-ORDER-FORMULAS;SRC-ZSIGMONDY;SRC-TWISTED-BN;SRC-2E6-LEVI;SRC-AUTOMORPHISMS;SRC-MAXIMALITY,"Higher twisted-rank family claim; routed to arithmetic, BN-pair, Levi, automorphism, and maximality sources."
UC-7f40bdcf48f46ba7,every,948,5da1710022b31eab267e7d516e0be494ebf1afb11ee2d556d35e9cb7d194cd11,applicability is explicit: every finite group of Lie type in defining,MATHEMATICAL-CLAIM,ARITH-UNIVERSAL;ARITH-SYMBOLIC;SRC-ORDER-FORMULAS;SRC-ZSIGMONDY;SRC-TWISTED-BN;SRC-2E6-LEVI;SRC-AUTOMORPHISMS;SRC-MAXIMALITY,"Higher twisted-rank family claim; routed to arithmetic, BN-pair, Levi, automorphism, and maximality sources."
UC-28708f3670c4aec7,every,954,6e6c04e56f7663294164d6220ae82fd765ebc50c0076fffccd1094e00c66dcb2,\emph{Stability.} We claim every parabolic class is $X$-stable for every,MATHEMATICAL-CLAIM,ARITH-UNIVERSAL;ARITH-SYMBOLIC;SRC-ORDER-FORMULAS;SRC-ZSIGMONDY;SRC-TWISTED-BN;SRC-2E6-LEVI;SRC-AUTOMORPHISMS;SRC-MAXIMALITY,"Higher twisted-rank family claim; routed to arithmetic, BN-pair, Levi, automorphism, and maximality sources."
UC-7d16d8098dc47529,stable,954,6e6c04e56f7663294164d6220ae82fd765ebc50c0076fffccd1094e00c66dcb2,\emph{Stability.} We claim every parabolic class is $X$-stable for every,MATHEMATICAL-CLAIM,ARITH-UNIVERSAL;ARITH-SYMBOLIC;SRC-ORDER-FORMULAS;SRC-ZSIGMONDY;SRC-TWISTED-BN;SRC-2E6-LEVI;SRC-AUTOMORPHISMS;SRC-MAXIMALITY,"Higher twisted-rank family claim; routed to arithmetic, BN-pair, Levi, automorphism, and maximality sources."
UC-83ad3320f8ab71c5,every,954,6e6c04e56f7663294164d6220ae82fd765ebc50c0076fffccd1094e00c66dcb2,\emph{Stability.} We claim every parabolic class is $X$-stable for every,MATHEMATICAL-CLAIM,ARITH-UNIVERSAL;ARITH-SYMBOLIC;SRC-ORDER-FORMULAS;SRC-ZSIGMONDY;SRC-TWISTED-BN;SRC-2E6-LEVI;SRC-AUTOMORPHISMS;SRC-MAXIMALITY,"Higher twisted-rank family claim; routed to arithmetic, BN-pair, Levi, automorphism, and maximality sources."
UC-c18ec18f9fcc46eb,Every,955,14d73b284273b3689ab41b2d8dfefc7dfc32e42c037d8cc0e5b18ce48407f13c,$X$. Every $a\in\Aut(S)$,MATHEMATICAL-CLAIM,ARITH-UNIVERSAL;ARITH-SYMBOLIC;SRC-ORDER-FORMULAS;SRC-ZSIGMONDY;SRC-TWISTED-BN;SRC-2E6-LEVI;SRC-AUTOMORPHISMS;SRC-MAXIMALITY,"Higher twisted-rank family claim; routed to arithmetic, BN-pair, Levi, automorphism, and maximality sources."
UC-103df5d33257f70f,exactly,956,cb40bf67cc4f5168e842aa2cf38205c8682f2f66086d55b914937f96199bbe53,permutes the parabolic subgroups: they are exactly the overgroups of the,MATHEMATICAL-CLAIM,ARITH-UNIVERSAL;ARITH-SYMBOLIC;SRC-ORDER-FORMULAS;SRC-ZSIGMONDY;SRC-TWISTED-BN;SRC-2E6-LEVI;SRC-AUTOMORPHISMS;SRC-MAXIMALITY,"Higher twisted-rank family claim; routed to arithmetic, BN-pair, Levi, automorphism, and maximality sources."
UC-08487cd3dcefcfb1,every,968,e9087b4936efcbfd56e6aefd406663668ea4b59a982c899c63d2bf169aed006f,type. Thus they map every standard parabolic $Q_J$ to a conjugate of the same,MATHEMATICAL-CLAIM,ARITH-UNIVERSAL;ARITH-SYMBOLIC;SRC-ORDER-FORMULAS;SRC-ZSIGMONDY;SRC-TWISTED-BN;SRC-2E6-LEVI;SRC-AUTOMORPHISMS;SRC-MAXIMALITY,"Higher twisted-rank family claim; routed to arithmetic, BN-pair, Levi, automorphism, and maximality sources."
UC-0193a0ebe7906979,every,969,c001464376f590893f0908e78783c12d80197c383352c4d480db050df415274e,type. Hence every automorphism fixes every,MATHEMATICAL-CLAIM,ARITH-UNIVERSAL;ARITH-SYMBOLIC;SRC-ORDER-FORMULAS;SRC-ZSIGMONDY;SRC-TWISTED-BN;SRC-2E6-LEVI;SRC-AUTOMORPHISMS;SRC-MAXIMALITY,"Higher twisted-rank family claim; routed to arithmetic, BN-pair, Levi, automorphism, and maximality sources."
UC-52c8544237c6b042,every,969,c001464376f590893f0908e78783c12d80197c383352c4d480db050df415274e,type. Hence every automorphism fixes every,MATHEMATICAL-CLAIM,ARITH-UNIVERSAL;ARITH-SYMBOLIC;SRC-ORDER-FORMULAS;SRC-ZSIGMONDY;SRC-TWISTED-BN;SRC-2E6-LEVI;SRC-AUTOMORPHISMS;SRC-MAXIMALITY,"Higher twisted-rank family claim; routed to arithmetic, BN-pair, Levi, automorphism, and maximality sources."
UC-7ed7c1a14b873c9b,maximal,971,8d10e4d19247737d9f9fa32ab2099c435af6f87fc73b2e740283e8307768b717,directly that the two maximal parabolic classes cannot be interchanged:,MATHEMATICAL-CLAIM,ARITH-UNIVERSAL;ARITH-SYMBOLIC;SRC-ORDER-FORMULAS;SRC-ZSIGMONDY;SRC-TWISTED-BN;SRC-2E6-LEVI;SRC-AUTOMORPHISMS;SRC-MAXIMALITY,"Higher twisted-rank family claim; routed to arithmetic, BN-pair, Levi, automorphism, and maximality sources."
UC-5d62bac36bfd8233,every,977,fcefd7adf06e420035bcc9e9ea960ec25e5955585a5ffb0086896a162bd73cd3,automorphism.) So every parabolic,MATHEMATICAL-CLAIM,ARITH-UNIVERSAL;ARITH-SYMBOLIC;SRC-ORDER-FORMULAS;SRC-ZSIGMONDY;SRC-TWISTED-BN;SRC-2E6-LEVI;SRC-AUTOMORPHISMS;SRC-MAXIMALITY,"Higher twisted-rank family claim; routed to arithmetic, BN-pair, Levi, automorphism, and maximality sources."
UC-872c64ff48bb6dee,stable,978,cb0ec9616d0cdbc5ad351ef1ab188d3338110c96c13c61c8839c9d863a8401dd,class is $X$-stable for every $X$.,MATHEMATICAL-CLAIM,ARITH-UNIVERSAL;ARITH-SYMBOLIC;SRC-ORDER-FORMULAS;SRC-ZSIGMONDY;SRC-TWISTED-BN;SRC-2E6-LEVI;SRC-AUTOMORPHISMS;SRC-MAXIMALITY,"Higher twisted-rank family claim; routed to arithmetic, BN-pair, Levi, automorphism, and maximality sources."
UC-3ed688cdbd400c76,every,978,cb0ec9616d0cdbc5ad351ef1ab188d3338110c96c13c61c8839c9d863a8401dd,class is $X$-stable for every $X$.,MATHEMATICAL-CLAIM,ARITH-UNIVERSAL;ARITH-SYMBOLIC;SRC-ORDER-FORMULAS;SRC-ZSIGMONDY;SRC-TWISTED-BN;SRC-2E6-LEVI;SRC-AUTOMORPHISMS;SRC-MAXIMALITY,"Higher twisted-rank family claim; routed to arithmetic, BN-pair, Levi, automorphism, and maximality sources."
UC-e32b144a984228c4,all,988,f24bade31ba71effc12b51bd593b783578cfd72212a537bd792bbf04d4a02a7d,"($j\leq2$) and $q^j-(-1)^j$ ($j\leq n-2$), all dividing $p^m-1$ with",MATHEMATICAL-CLAIM,ARITH-UNIVERSAL;ARITH-SYMBOLIC;SRC-ORDER-FORMULAS;SRC-ZSIGMONDY;SRC-TWISTED-BN;SRC-2E6-LEVI;SRC-AUTOMORPHISMS;SRC-MAXIMALITY,"Higher twisted-rank family claim; routed to arithmetic, BN-pair, Levi, automorphism, and maximality sources."
UC-7e5b285546b920b3,maximal,1005,5abfa36ee07ae995c5352a93aaf9549ceb19449bf4ea05dd33636c327f234276,maximal parabolic classes correspond to the four $\tau$-orbits of nodes,MATHEMATICAL-CLAIM,ARITH-UNIVERSAL;ARITH-SYMBOLIC;SRC-ORDER-FORMULAS;SRC-ZSIGMONDY;SRC-TWISTED-BN;SRC-2E6-LEVI;SRC-AUTOMORPHISMS;SRC-MAXIMALITY,"Higher twisted-rank family claim; routed to arithmetic, BN-pair, Levi, automorphism, and maximality sources."
UC-ae5157099286e0f5,stable,1007,6570fc760619b08d9d607972fdf5f63786a5d3c422f0c73cc4d7a814c8be43aa,"$\{3,5\}$; the complementary $\tau$-stable subdiagrams are $A_5$,",MATHEMATICAL-CLAIM,ARITH-UNIVERSAL;ARITH-SYMBOLIC;SRC-ORDER-FORMULAS;SRC-ZSIGMONDY;SRC-TWISTED-BN;SRC-2E6-LEVI;SRC-AUTOMORPHISMS;SRC-MAXIMALITY,"Higher twisted-rank family claim; routed to arithmetic, BN-pair, Levi, automorphism, and maximality sources."
UC-378dc85a4a87d4a3,all,1012,9af644fa8e58afae43671972a7477eaf2dcd70ba62fc2efeb9efb5b6b87d019f,"$\leq10f,\,6f,\,8f,\,4f$ respectively, all $<18f$. Any two classes",MATHEMATICAL-CLAIM,ARITH-UNIVERSAL;ARITH-SYMBOLIC;SRC-ORDER-FORMULAS;SRC-ZSIGMONDY;SRC-TWISTED-BN;SRC-2E6-LEVI;SRC-AUTOMORPHISMS;SRC-MAXIMALITY,"Higher twisted-rank family claim; routed to arithmetic, BN-pair, Levi, automorphism, and maximality sources."
UC-883bafacef080f14,every,1026,27e9b03b89942913fed5fb9ed11e5dd66daedf33ab455cf3c4880d496fee384d,\emph{$r\nmid x$.} In every case $x$ divides $d_S\cdot c f$ where the,MATHEMATICAL-CLAIM,ARITH-UNIVERSAL;ARITH-SYMBOLIC;SRC-ORDER-FORMULAS;SRC-ZSIGMONDY;SRC-TWISTED-BN;SRC-2E6-LEVI;SRC-AUTOMORPHISMS;SRC-MAXIMALITY,"Higher twisted-rank family claim; routed to arithmetic, BN-pair, Levi, automorphism, and maximality sources."
UC-3b7cdb1d12b9e6fe,maximal,1054,1f6f01ef6ae0721c1b36c79c2c6aa5849673c57beda3783738cca6456b7db996,"subgroups $B=N_S(Q)$, $Q\in\Syl_p(S)$; $B$ is a \emph{maximal}",MATHEMATICAL-CLAIM,ARITH-UNIVERSAL;ARITH-SYMBOLIC;SRC-ORDER-FORMULAS;SRC-ZSIGMONDY;SRC-TWISTED-BN;SRC-AUTOMORPHISMS;SRC-MAXIMALITY;CFSG-BOUNDARIES,"Twisted rank-one family claim; routed to exact arithmetic, subgroup sources, and boundary cases."
UC-6b7b0a31b60b4743,stable,1055,4a1717b65afb35ce92382ffaae91ed10e8b59b6d4290136ea40de56e3ad4978b,subgroup (rank-one $BN$-pair) and its class is $X$-stable for every $X$.,MATHEMATICAL-CLAIM,ARITH-UNIVERSAL;ARITH-SYMBOLIC;SRC-ORDER-FORMULAS;SRC-ZSIGMONDY;SRC-TWISTED-BN;SRC-AUTOMORPHISMS;SRC-MAXIMALITY;CFSG-BOUNDARIES,"Twisted rank-one family claim; routed to exact arithmetic, subgroup sources, and boundary cases."
UC-d605e8dab7c72eb3,every,1055,4a1717b65afb35ce92382ffaae91ed10e8b59b6d4290136ea40de56e3ad4978b,subgroup (rank-one $BN$-pair) and its class is $X$-stable for every $X$.,MATHEMATICAL-CLAIM,ARITH-UNIVERSAL;ARITH-SYMBOLIC;SRC-ORDER-FORMULAS;SRC-ZSIGMONDY;SRC-TWISTED-BN;SRC-AUTOMORPHISMS;SRC-MAXIMALITY;CFSG-BOUNDARIES,"Twisted rank-one family claim; routed to exact arithmetic, subgroup sources, and boundary cases."
UC-8783b4c76be048d9,stable,1056,a20f4a81b5b5a7c941781dd397a935d5c9bb0395f82d74e8d3819d0023659d5a,We pair it with a second $X$-stable maximal class avoiding a Zsigmondy,MATHEMATICAL-CLAIM,ARITH-UNIVERSAL;ARITH-SYMBOLIC;SRC-ORDER-FORMULAS;SRC-ZSIGMONDY;SRC-TWISTED-BN;SRC-AUTOMORPHISMS;SRC-MAXIMALITY;CFSG-BOUNDARIES,"Twisted rank-one family claim; routed to exact arithmetic, subgroup sources, and boundary cases."
UC-019b056640f03136,maximal,1056,a20f4a81b5b5a7c941781dd397a935d5c9bb0395f82d74e8d3819d0023659d5a,We pair it with a second $X$-stable maximal class avoiding a Zsigmondy,MATHEMATICAL-CLAIM,ARITH-UNIVERSAL;ARITH-SYMBOLIC;SRC-ORDER-FORMULAS;SRC-ZSIGMONDY;SRC-TWISTED-BN;SRC-AUTOMORPHISMS;SRC-MAXIMALITY;CFSG-BOUNDARIES,"Twisted rank-one family claim; routed to exact arithmetic, subgroup sources, and boundary cases."
UC-d386743febb7f2bd,maximal,1062,5a95daa1eabdb2e94279d004d275b2bb83e6380199fdcf2da2234a9152b900b4,"maximal for $q\geq3$, $q\neq5$ \cite[Table~8.5, p.~379]{BHRD} (class",MATHEMATICAL-CLAIM,ARITH-UNIVERSAL;ARITH-SYMBOLIC;SRC-ORDER-FORMULAS;SRC-ZSIGMONDY;SRC-TWISTED-BN;SRC-AUTOMORPHISMS;SRC-MAXIMALITY;CFSG-BOUNDARIES,"Twisted rank-one family claim; routed to exact arithmetic, subgroup sources, and boundary cases."
UC-04a5595897cc7fec,every,1063,4b629ad8b41b27cde68f6a28e9a14fab8771156f8de0afe3153cd0ce1a972d28,"$\mathcal{C}_1$), one class, preserved by every semilinear",MATHEMATICAL-CLAIM,ARITH-UNIVERSAL;ARITH-SYMBOLIC;SRC-ORDER-FORMULAS;SRC-ZSIGMONDY;SRC-TWISTED-BN;SRC-AUTOMORPHISMS;SRC-MAXIMALITY;CFSG-BOUNDARIES,"Twisted rank-one family claim; routed to exact arithmetic, subgroup sources, and boundary cases."
UC-bb538526c4203d50,maximality,1070,cf9a7768fdc0fe0cb1e04d9aab52216ec146e8f917cdb31f20821891b3fb23d7,"For $q\in\{3,4,5,7\}$ (in particular the maximality exception $q=5$),",MATHEMATICAL-CLAIM,ARITH-UNIVERSAL;ARITH-SYMBOLIC;SRC-ORDER-FORMULAS;SRC-ZSIGMONDY;SRC-TWISTED-BN;SRC-AUTOMORPHISMS;SRC-MAXIMALITY;CFSG-BOUNDARIES,"Twisted rank-one family claim; routed to exact arithmetic, subgroup sources, and boundary cases."
UC-ef2ce8691d7e5762,maximal,1075,372ac8dbc85b780974e13a3d5cdbc687c4630ae414758c3451867f88d98cf19e,maximal by Suzuki's classification \cite{Suzuki1962}; see also,MATHEMATICAL-CLAIM,ARITH-UNIVERSAL;ARITH-SYMBOLIC;SRC-ORDER-FORMULAS;SRC-ZSIGMONDY;SRC-TWISTED-BN;SRC-AUTOMORPHISMS;SRC-MAXIMALITY;CFSG-BOUNDARIES,"Twisted rank-one family claim; routed to exact arithmetic, subgroup sources, and boundary cases."
UC-a4a79b6a20206948,stable,1077,dbcb409e30cc5df264e05a7a01ced8639bb533c6fa8f7ff44a903b11873a3b5d,"class, stable",MATHEMATICAL-CLAIM,ARITH-UNIVERSAL;ARITH-SYMBOLIC;SRC-ORDER-FORMULAS;SRC-ZSIGMONDY;SRC-TWISTED-BN;SRC-AUTOMORPHISMS;SRC-MAXIMALITY;CFSG-BOUNDARIES,"Twisted rank-one family claim; routed to exact arithmetic, subgroup sources, and boundary cases."
UC-32639703e32c5870,stable,1085,5080060f925a97d330e3cfd7365352a3949c2ca3c63d3b8b28d488ccfe16920a,"$\iota$ (one class of involutions, so $[V]$ is $\Aut$-stable),",MATHEMATICAL-CLAIM,ARITH-UNIVERSAL;ARITH-SYMBOLIC;SRC-ORDER-FORMULAS;SRC-ZSIGMONDY;SRC-TWISTED-BN;SRC-AUTOMORPHISMS;SRC-MAXIMALITY;CFSG-BOUNDARIES,"Twisted rank-one family claim; routed to exact arithmetic, subgroup sources, and boundary cases."
UC-6115f0c8c03f7368,maximal,1086,e6e2ad0d5248f5e68abd0f629fa5efcf566436d5321726a15da57aa95379f6ab,$|V|=q(q^2-1)$; $V$ is maximal,MATHEMATICAL-CLAIM,ARITH-UNIVERSAL;ARITH-SYMBOLIC;SRC-ORDER-FORMULAS;SRC-ZSIGMONDY;SRC-TWISTED-BN;SRC-AUTOMORPHISMS;SRC-MAXIMALITY;CFSG-BOUNDARIES,"Twisted rank-one family claim; routed to exact arithmetic, subgroup sources, and boundary cases."
UC-492f6f47f609aa7d,every,1123,949e0d1fa4d6f79f6c7310b11dd9edd3e9b656142bd0782792a33cfdd06a44e4,symmetry; automorphisms with trivial graph part preserve every type. By,MATHEMATICAL-CLAIM,PAR-NOVELTY;ARITH-UNIVERSAL;ARITH-SYMBOLIC;SRC-ORDER-FORMULAS;SRC-ZSIGMONDY;SRC-AUTOMORPHISMS;SRC-MAXIMALITY;CFSG-BOUNDARIES,"Graph/graph-field family claim; routed to novelty machinery, universal arithmetic, sources, and exceptions."
UC-bd6339179624d427,Every,1128,3f8ca4c4a6283aa8a276d0f9d0336b378644e7f623cb06868ae4956a25a055b8,\emph{Case A: $X$ with trivial graph part.} Every parabolic class is,MATHEMATICAL-CLAIM,PAR-NOVELTY;ARITH-UNIVERSAL;ARITH-SYMBOLIC;SRC-ORDER-FORMULAS;SRC-ZSIGMONDY;SRC-AUTOMORPHISMS;SRC-MAXIMALITY;CFSG-BOUNDARIES,"Graph/graph-field family claim; routed to novelty machinery, universal arithmetic, sources, and exceptions."
UC-25d7abddc0eb53bc,stable,1129,5062833c705cd397e27072a73d25b038c066557431691e19a63b46a307c91a41,"$X$-stable, and the argument of Theorem~\ref{thm:nograph} applies with",MATHEMATICAL-CLAIM,PAR-NOVELTY;ARITH-UNIVERSAL;ARITH-SYMBOLIC;SRC-ORDER-FORMULAS;SRC-ZSIGMONDY;SRC-AUTOMORPHISMS;SRC-MAXIMALITY;CFSG-BOUNDARIES,"Graph/graph-field family claim; routed to novelty machinery, universal arithmetic, sources, and exceptions."
UC-ef350f3874380b29,all,1139,08031122f73713e5536e2ea52300d9782508186e33f464dc16d13ffbd9d228ea,"$(n,f)=(3,2)$ is $\PSL(3,4)$ (machine base, all ten $X$), and",MATHEMATICAL-CLAIM,PAR-NOVELTY;ARITH-UNIVERSAL;ARITH-SYMBOLIC;SRC-ORDER-FORMULAS;SRC-ZSIGMONDY;SRC-AUTOMORPHISMS;SRC-MAXIMALITY;CFSG-BOUNDARIES,"Graph/graph-field family claim; routed to novelty machinery, universal arithmetic, sources, and exceptions."
UC-1bfba6922b987fd1,all,1153,9fd41ec0e8b3c8e0f7eab1ccf1beff84351058131499e1d7dbfef663465973e6,"$(n,f)=(4,1)$, $S=\Omega^+(8,2)$, handled for all $X$ in Case~B3.",MATHEMATICAL-CLAIM,PAR-NOVELTY;ARITH-UNIVERSAL;ARITH-SYMBOLIC;SRC-ORDER-FORMULAS;SRC-ZSIGMONDY;SRC-AUTOMORPHISMS;SRC-MAXIMALITY;CFSG-BOUNDARIES,"Graph/graph-field family claim; routed to novelty machinery, universal arithmetic, sources, and exceptions."
UC-c85e3fa769608152,stable,1154,27fad7d64ed1d339ce8d0b30f689b9707fda3d15959ad2a25ad7d089a8eb76e2,\item $E_6(q)$: see Case~B4; the pair used there is stable for every,MATHEMATICAL-CLAIM,PAR-NOVELTY;ARITH-UNIVERSAL;ARITH-SYMBOLIC;SRC-ORDER-FORMULAS;SRC-ZSIGMONDY;SRC-AUTOMORPHISMS;SRC-MAXIMALITY;CFSG-BOUNDARIES,"Graph/graph-field family claim; routed to novelty machinery, universal arithmetic, sources, and exceptions."
UC-93cd8a82b34d8c98,every,1154,27fad7d64ed1d339ce8d0b30f689b9707fda3d15959ad2a25ad7d089a8eb76e2,\item $E_6(q)$: see Case~B4; the pair used there is stable for every,MATHEMATICAL-CLAIM,PAR-NOVELTY;ARITH-UNIVERSAL;ARITH-SYMBOLIC;SRC-ORDER-FORMULAS;SRC-ZSIGMONDY;SRC-AUTOMORPHISMS;SRC-MAXIMALITY;CFSG-BOUNDARIES,"Graph/graph-field family claim; routed to novelty machinery, universal arithmetic, sources, and exceptions."
UC-ed08255c7aaadafd,all,1160,ac1c28b7dd3bafe8f6ac3d8c8dbd556d3526762b7dc726d3a3912989e875e1d6,"$r\mid\Phi_{12}(q)$; all proper Levis (types $B_3$, $C_3$,",MATHEMATICAL-CLAIM,PAR-NOVELTY;ARITH-UNIVERSAL;ARITH-SYMBOLIC;SRC-ORDER-FORMULAS;SRC-ZSIGMONDY;SRC-AUTOMORPHISMS;SRC-MAXIMALITY;CFSG-BOUNDARIES,"Graph/graph-field family claim; routed to novelty machinery, universal arithmetic, sources, and exceptions."
UC-9e4b2ea7ea849513,completes,1162,1c4248b183c6ddf43413925e80287609c36d9110aab5d1374da7e715bfd8a022,$x\mid f<r$. (This completes the $p=2$ case excluded from,MATHEMATICAL-CLAIM,PAR-NOVELTY;ARITH-UNIVERSAL;ARITH-SYMBOLIC;SRC-ORDER-FORMULAS;SRC-ZSIGMONDY;SRC-AUTOMORPHISMS;SRC-MAXIMALITY;CFSG-BOUNDARIES,"Graph/graph-field family claim; routed to novelty machinery, universal arithmetic, sources, and exceptions."
UC-11e45052b925393c,stable,1171,38252e2691a9963857b568dfe4e7559c48bb25c94cd44aa298d7a96fa5aa2442,$X$-stable because $J$ is invariant under the relevant diagram symmetry,MATHEMATICAL-CLAIM,PAR-NOVELTY;ARITH-UNIVERSAL;ARITH-SYMBOLIC;SRC-ORDER-FORMULAS;SRC-ZSIGMONDY;SRC-AUTOMORPHISMS;SRC-MAXIMALITY;CFSG-BOUNDARIES,"Graph/graph-field family claim; routed to novelty machinery, universal arithmetic, sources, and exceptions."
UC-d3e9051804bdd98e,maximal,1175,860340e638c7f6ba59491a0ca44388111c9f9e7eacca954f37376530828a3599,"so $B_{Q_J}$ is maximal in $G$ by Lemma~\ref{lem:B}, and pairs of",MATHEMATICAL-CLAIM,PAR-NOVELTY;ARITH-UNIVERSAL;ARITH-SYMBOLIC;SRC-ORDER-FORMULAS;SRC-ZSIGMONDY;SRC-AUTOMORPHISMS;SRC-MAXIMALITY;CFSG-BOUNDARIES,"Graph/graph-field family claim; routed to novelty machinery, universal arithmetic, sources, and exceptions."
UC-825467996fd3f968,all,1181,21a74f5217e271ade215b3bd122f7f3ad5488d4782fea9927d710e112fa6ed97,"\emph{B1. $\PSL(3,q)$, $q\geq5$} ($q\leq4$: machine base, including all",MATHEMATICAL-CLAIM,PAR-NOVELTY;ARITH-UNIVERSAL;ARITH-SYMBOLIC;SRC-ORDER-FORMULAS;SRC-ZSIGMONDY;SRC-AUTOMORPHISMS;SRC-MAXIMALITY;CFSG-BOUNDARIES,"Graph/graph-field family claim; routed to novelty machinery, universal arithmetic, sources, and exceptions."
UC-6ade0dcca78305b5,maximal,1185,6f0b84119e52223d800b5c78f66059cf77cebd3775883b35f238c30dd443d3b2,"a maximal split torus ($d=\gcd(3,q-1)$), maximal for $q\geq5$",MATHEMATICAL-CLAIM,PAR-NOVELTY;ARITH-UNIVERSAL;ARITH-SYMBOLIC;SRC-ORDER-FORMULAS;SRC-ZSIGMONDY;SRC-AUTOMORPHISMS;SRC-MAXIMALITY;CFSG-BOUNDARIES,"Graph/graph-field family claim; routed to novelty machinery, universal arithmetic, sources, and exceptions."
UC-8847c4c170088a44,maximal,1185,6f0b84119e52223d800b5c78f66059cf77cebd3775883b35f238c30dd443d3b2,"a maximal split torus ($d=\gcd(3,q-1)$), maximal for $q\geq5$",MATHEMATICAL-CLAIM,PAR-NOVELTY;ARITH-UNIVERSAL;ARITH-SYMBOLIC;SRC-ORDER-FORMULAS;SRC-ZSIGMONDY;SRC-AUTOMORPHISMS;SRC-MAXIMALITY;CFSG-BOUNDARIES,"Graph/graph-field family claim; routed to novelty machinery, universal arithmetic, sources, and exceptions."
UC-8164febffbe57e22,every,1187,e3f57bbdfd6702cb45a4f8bd9abe85dc3a4df0ec75d07e5eeb14196bdaac0cd5,"$\mathcal{C}_2$), one class, preserved by every automorphism. Take",MATHEMATICAL-CLAIM,PAR-NOVELTY;ARITH-UNIVERSAL;ARITH-SYMBOLIC;SRC-ORDER-FORMULAS;SRC-ZSIGMONDY;SRC-AUTOMORPHISMS;SRC-MAXIMALITY;CFSG-BOUNDARIES,"Graph/graph-field family claim; routed to novelty machinery, universal arithmetic, sources, and exceptions."
UC-69a88c09404047e4,stable,1195,a0cd9be622866b70b1fe8691cea471b6188bec545d6fe9d025cbcbcea3853b87,"Node $2$ is $\delta$-fixed, so $[P_2]$ is an $X$-stable \emph{maximal}",MATHEMATICAL-CLAIM,PAR-NOVELTY;ARITH-UNIVERSAL;ARITH-SYMBOLIC;SRC-ORDER-FORMULAS;SRC-ZSIGMONDY;SRC-AUTOMORPHISMS;SRC-MAXIMALITY;CFSG-BOUNDARIES,"Graph/graph-field family claim; routed to novelty machinery, universal arithmetic, sources, and exceptions."
UC-fbf1338c3596650f,maximal,1195,a0cd9be622866b70b1fe8691cea471b6188bec545d6fe9d025cbcbcea3853b87,"Node $2$ is $\delta$-fixed, so $[P_2]$ is an $X$-stable \emph{maximal}",MATHEMATICAL-CLAIM,PAR-NOVELTY;ARITH-UNIVERSAL;ARITH-SYMBOLIC;SRC-ORDER-FORMULAS;SRC-ZSIGMONDY;SRC-AUTOMORPHISMS;SRC-MAXIMALITY;CFSG-BOUNDARIES,"Graph/graph-field family claim; routed to novelty machinery, universal arithmetic, sources, and exceptions."
UC-d917014b369bb867,stable,1207,29aaf987d3db8b44ce252f022da06e28a39c9b4eb6bb7599582695103110678c,"are $\delta$-orbits, so both $[Q_{J_i}]$ are $X$-stable; the proper",MATHEMATICAL-CLAIM,PAR-NOVELTY;ARITH-UNIVERSAL;ARITH-SYMBOLIC;SRC-ORDER-FORMULAS;SRC-ZSIGMONDY;SRC-AUTOMORPHISMS;SRC-MAXIMALITY;CFSG-BOUNDARIES,"Graph/graph-field family claim; routed to novelty machinery, universal arithmetic, sources, and exceptions."
UC-a73493d8a02d099e,stable,1220,8f2136fda7f5ca35c1235904efbd64e198cb7da0710156e37bd033cb059ea49c,"Case~A pair $([P_1],[P_2])$ is $X$-stable for \emph{every} $X$ and",MATHEMATICAL-CLAIM,PAR-NOVELTY;ARITH-UNIVERSAL;ARITH-SYMBOLIC;SRC-ORDER-FORMULAS;SRC-ZSIGMONDY;SRC-AUTOMORPHISMS;SRC-MAXIMALITY;CFSG-BOUNDARIES,"Graph/graph-field family claim; routed to novelty machinery, universal arithmetic, sources, and exceptions."
UC-7ff648e2e712086d,every,1220,8f2136fda7f5ca35c1235904efbd64e198cb7da0710156e37bd033cb059ea49c,"Case~A pair $([P_1],[P_2])$ is $X$-stable for \emph{every} $X$ and",MATHEMATICAL-CLAIM,PAR-NOVELTY;ARITH-UNIVERSAL;ARITH-SYMBOLIC;SRC-ORDER-FORMULAS;SRC-ZSIGMONDY;SRC-AUTOMORPHISMS;SRC-MAXIMALITY;CFSG-BOUNDARIES,"Graph/graph-field family claim; routed to novelty machinery, universal arithmetic, sources, and exceptions."
UC-dd5e3f981507b5dd,allowed,1221,aaa716952c0d04d59e9554fd1fabe392fdf56b7334b6afaabccbb5741b16e98f,Case~A's argument goes through unchanged (its $x$-bound already allowed,MATHEMATICAL-CLAIM,PAR-NOVELTY;ARITH-UNIVERSAL;ARITH-SYMBOLIC;SRC-ORDER-FORMULAS;SRC-ZSIGMONDY;SRC-AUTOMORPHISMS;SRC-MAXIMALITY;CFSG-BOUNDARIES,"Graph/graph-field family claim; routed to novelty machinery, universal arithmetic, sources, and exceptions."
UC-4b390ee603ba5aaf,stable,1224,c3c4c2ce8c47d42f6e4d6f62893f303f7ea600b5ce0c725415f3c175e894dcec,"$X$-stable and Case~A applies. If the graph part contains a triality,",MATHEMATICAL-CLAIM,PAR-NOVELTY;ARITH-UNIVERSAL;ARITH-SYMBOLIC;SRC-ORDER-FORMULAS;SRC-ZSIGMONDY;SRC-AUTOMORPHISMS;SRC-MAXIMALITY;CFSG-BOUNDARIES,"Graph/graph-field family claim; routed to novelty machinery, universal arithmetic, sources, and exceptions."
UC-1d6f395fb0a2d027,all,1225,eea76095fdfc7fc6555b7c10f9f51042815ea31643b9d13bf188cab1c0ca06b5,"take the pair $([P_2],[Q_{\{2\}}])$: node $2$ is fixed by all of $S_3$,",MATHEMATICAL-CLAIM,PAR-NOVELTY;ARITH-UNIVERSAL;ARITH-SYMBOLIC;SRC-ORDER-FORMULAS;SRC-ZSIGMONDY;SRC-AUTOMORPHISMS;SRC-MAXIMALITY;CFSG-BOUNDARIES,"Graph/graph-field family claim; routed to novelty machinery, universal arithmetic, sources, and exceptions."
UC-aa7e78acf9e5bb9a,stable,1226,64d06fe002888ad6e0a4d497d0feded3b348521a6db07503ead705ba65afe80e,so $[P_2]$ is an $X$-stable maximal class (Levi,MATHEMATICAL-CLAIM,PAR-NOVELTY;ARITH-UNIVERSAL;ARITH-SYMBOLIC;SRC-ORDER-FORMULAS;SRC-ZSIGMONDY;SRC-AUTOMORPHISMS;SRC-MAXIMALITY;CFSG-BOUNDARIES,"Graph/graph-field family claim; routed to novelty machinery, universal arithmetic, sources, and exceptions."
UC-5d8d8c2b13f5309c,maximal,1226,64d06fe002888ad6e0a4d497d0feded3b348521a6db07503ead705ba65afe80e,so $[P_2]$ is an $X$-stable maximal class (Levi,MATHEMATICAL-CLAIM,PAR-NOVELTY;ARITH-UNIVERSAL;ARITH-SYMBOLIC;SRC-ORDER-FORMULAS;SRC-ZSIGMONDY;SRC-AUTOMORPHISMS;SRC-MAXIMALITY;CFSG-BOUNDARIES,"Graph/graph-field family claim; routed to novelty machinery, universal arithmetic, sources, and exceptions."
UC-df29b0447ec8c2eb,stable,1231,823953942ccd7ea1c9600073f331c58d354587a1503f9d08bab36307d8c0d851,"the permutation of the end nodes $\{1,3,4\}$; none is $X$-stable",MATHEMATICAL-CLAIM,PAR-NOVELTY;ARITH-UNIVERSAL;ARITH-SYMBOLIC;SRC-ORDER-FORMULAS;SRC-ZSIGMONDY;SRC-AUTOMORPHISMS;SRC-MAXIMALITY;CFSG-BOUNDARIES,"Graph/graph-field family claim; routed to novelty machinery, universal arithmetic, sources, and exceptions."
UC-da63b2a68374519f,all,1242,37e7d16040447930d6afb56907b1ac48345897074b413002a6fa1eda162e4205,"\emph{B4. $E_6(q)$, all $X$.} The diagram involution fixes nodes $2$",MATHEMATICAL-CLAIM,PAR-NOVELTY;ARITH-UNIVERSAL;ARITH-SYMBOLIC;SRC-ORDER-FORMULAS;SRC-ZSIGMONDY;SRC-AUTOMORPHISMS;SRC-MAXIMALITY;CFSG-BOUNDARIES,"Graph/graph-field family claim; routed to novelty machinery, universal arithmetic, sources, and exceptions."
UC-a4905c172ddddd58,stable,1244,f456f39549834a6a56deb9fa9ef2e01258d2545d6be25909b48a14b07d31c6c1,"$3\leftrightarrow5$). Pair $([P_2],[P_4])$: two $X$-stable classes of",MATHEMATICAL-CLAIM,PAR-NOVELTY;ARITH-UNIVERSAL;ARITH-SYMBOLIC;SRC-ORDER-FORMULAS;SRC-ZSIGMONDY;SRC-AUTOMORPHISMS;SRC-MAXIMALITY;CFSG-BOUNDARIES,"Graph/graph-field family claim; routed to novelty machinery, universal arithmetic, sources, and exceptions."
UC-c6be0dc833e6b59f,maximal,1245,a75e616bb339c5a447277c8f6bbca1579647b01bae480450d0df6dec472edfa4,\emph{maximal} parabolics for every $X$. $r$ primitive for $p^{12f}-1$:,MATHEMATICAL-CLAIM,PAR-NOVELTY;ARITH-UNIVERSAL;ARITH-SYMBOLIC;SRC-ORDER-FORMULAS;SRC-ZSIGMONDY;SRC-AUTOMORPHISMS;SRC-MAXIMALITY;CFSG-BOUNDARIES,"Graph/graph-field family claim; routed to novelty machinery, universal arithmetic, sources, and exceptions."
UC-bd13a4dfed4bc04f,every,1245,a75e616bb339c5a447277c8f6bbca1579647b01bae480450d0df6dec472edfa4,\emph{maximal} parabolics for every $X$. $r$ primitive for $p^{12f}-1$:,MATHEMATICAL-CLAIM,PAR-NOVELTY;ARITH-UNIVERSAL;ARITH-SYMBOLIC;SRC-ORDER-FORMULAS;SRC-ZSIGMONDY;SRC-AUTOMORPHISMS;SRC-MAXIMALITY;CFSG-BOUNDARIES,"Graph/graph-field family claim; routed to novelty machinery, universal arithmetic, sources, and exceptions."
UC-8ebcef42fb7cded0,maximal,1261,1c300bcf48473399e967f695d494abc9c0cdc8e503b988dce385858e29260aed,extension) for $f$ even; $V$ is maximal in both cases,MATHEMATICAL-CLAIM,PAR-NOVELTY;ARITH-UNIVERSAL;ARITH-SYMBOLIC;SRC-ORDER-FORMULAS;SRC-ZSIGMONDY;SRC-AUTOMORPHISMS;SRC-MAXIMALITY;CFSG-BOUNDARIES,"Graph/graph-field family claim; routed to novelty machinery, universal arithmetic, sources, and exceptions."
UC-5fd9ff7ac622ec8c,stable,1267,223e279d5aaecc942224fbe4c3df99868455d16205d61273f685b4469d39d5ae,"$[V]$ is $\Aut$-stable. \emph{Primes:} $f$ odd, $2f\neq6$: $r$",MATHEMATICAL-CLAIM,PAR-NOVELTY;ARITH-UNIVERSAL;ARITH-SYMBOLIC;SRC-ORDER-FORMULAS;SRC-ZSIGMONDY;SRC-AUTOMORPHISMS;SRC-MAXIMALITY;CFSG-BOUNDARIES,"Graph/graph-field family claim; routed to novelty machinery, universal arithmetic, sources, and exceptions."
UC-49571e5f8ee72b65,exactly,1279,9ba5e1075e68780f81d1087424e28c2f1eaf79fabf8982baecae7770c95c58c1,$p=17=\Phi_8(2)$ matches this construction exactly.),MATHEMATICAL-CLAIM,PAR-NOVELTY;ARITH-UNIVERSAL;ARITH-SYMBOLIC;SRC-ORDER-FORMULAS;SRC-ZSIGMONDY;SRC-AUTOMORPHISMS;SRC-MAXIMALITY;CFSG-BOUNDARIES,"Graph/graph-field family claim; routed to novelty machinery, universal arithmetic, sources, and exceptions."
UC-af592a92e6ab6900,exactly,1296,cb8385737d4bdaaddea56b551e46eb8eefdae874e360ef10a35676357697d34d,"$V:=\Fix(\tilde\rho^{\,f})\cap S$ exactly as in B5: $V={}^2G_2(q)$ for",MATHEMATICAL-CLAIM,PAR-NOVELTY;ARITH-UNIVERSAL;ARITH-SYMBOLIC;SRC-ORDER-FORMULAS;SRC-ZSIGMONDY;SRC-AUTOMORPHISMS;SRC-MAXIMALITY;CFSG-BOUNDARIES,"Graph/graph-field family claim; routed to novelty machinery, universal arithmetic, sources, and exceptions."
UC-ebbaf15160874a23,maximal,1297,7eeb0e26b3da696151f5a04f991f36d57673b5cc5dc9c10a14271c48e7c3dfcb,"$f$ odd, maximal in $G_2(q)$ \cite[Thm.~A, p.~33]{Kleidman1988} (for $f=1$,",MATHEMATICAL-CLAIM,PAR-NOVELTY;ARITH-UNIVERSAL;ARITH-SYMBOLIC;SRC-ORDER-FORMULAS;SRC-ZSIGMONDY;SRC-AUTOMORPHISMS;SRC-MAXIMALITY;CFSG-BOUNDARIES,"Graph/graph-field family claim; routed to novelty machinery, universal arithmetic, sources, and exceptions."
UC-f6b56139b797db45,maximal,1298,2e112e3917cffba92acb221f98d3f4a028617ee106e6679ad275251f580e7b97,"$V={}^2G_2(3)\cong P\Gamma L_2(8)$, maximal in $G_2(3)$ by the",MATHEMATICAL-CLAIM,PAR-NOVELTY;ARITH-UNIVERSAL;ARITH-SYMBOLIC;SRC-ORDER-FORMULAS;SRC-ZSIGMONDY;SRC-AUTOMORPHISMS;SRC-MAXIMALITY;CFSG-BOUNDARIES,"Graph/graph-field family claim; routed to novelty machinery, universal arithmetic, sources, and exceptions."
UC-1f69ee8f8f934a78,maximal,1301,f2359664de7abd31672b5517020b85023c988a92f0b5d447a0c2d46d7b7b45df,"(subfield, index-two extension, maximal",MATHEMATICAL-CLAIM,PAR-NOVELTY;ARITH-UNIVERSAL;ARITH-SYMBOLIC;SRC-ORDER-FORMULAS;SRC-ZSIGMONDY;SRC-AUTOMORPHISMS;SRC-MAXIMALITY;CFSG-BOUNDARIES,"Graph/graph-field family claim; routed to novelty machinery, universal arithmetic, sources, and exceptions."
UC-66b277a017fd15a0,stable,1303,f71bd2cb82bb3550e20ec4a75298792ee095eefc6fff6fe14bbfaa63dd750730,$\Aut$-stable by the commuting-endomorphism argument of B5,MATHEMATICAL-CLAIM,PAR-NOVELTY;ARITH-UNIVERSAL;ARITH-SYMBOLIC;SRC-ORDER-FORMULAS;SRC-ZSIGMONDY;SRC-AUTOMORPHISMS;SRC-MAXIMALITY;CFSG-BOUNDARIES,"Graph/graph-field family claim; routed to novelty machinery, universal arithmetic, sources, and exceptions."
UC-5cabc8b0805f31e6,all,1305,bf9b3989809acea2647b2e4d9dcae82bc00d323415f0e19479182ec400de1d11,odd: $r$ primitive for $3^{3f}-1$ (exists for all $f\geq1$: $p=3\neq2$,MATHEMATICAL-CLAIM,PAR-NOVELTY;ARITH-UNIVERSAL;ARITH-SYMBOLIC;SRC-ORDER-FORMULAS;SRC-ZSIGMONDY;SRC-AUTOMORPHISMS;SRC-MAXIMALITY;CFSG-BOUNDARIES,"Graph/graph-field family claim; routed to novelty machinery, universal arithmetic, sources, and exceptions."
UC-48388a6b0beea8bb,every,1318,b1ae55fc5c76c35372d602d7905e55b6b10b99cdd4f3557640a38619368c5ad2,In every case Theorem~\ref{thm:D} excludes $S^k$ for every $k\geq2$.,MATHEMATICAL-CLAIM,PAR-NOVELTY;ARITH-UNIVERSAL;ARITH-SYMBOLIC;SRC-ORDER-FORMULAS;SRC-ZSIGMONDY;SRC-AUTOMORPHISMS;SRC-MAXIMALITY;CFSG-BOUNDARIES,"Graph/graph-field family claim; routed to novelty machinery, universal arithmetic, sources, and exceptions."
UC-3fa7f1d500616a83,every,1318,b1ae55fc5c76c35372d602d7905e55b6b10b99cdd4f3557640a38619368c5ad2,In every case Theorem~\ref{thm:D} excludes $S^k$ for every $k\geq2$.,MATHEMATICAL-CLAIM,PAR-NOVELTY;ARITH-UNIVERSAL;ARITH-SYMBOLIC;SRC-ORDER-FORMULAS;SRC-ZSIGMONDY;SRC-AUTOMORPHISMS;SRC-MAXIMALITY;CFSG-BOUNDARIES,"Graph/graph-field family claim; routed to novelty machinery, universal arithmetic, sources, and exceptions."
UC-ea78928a6742aff5,Every,1324,3dd96030a651c943a1124ebd097cdb83729e64361e5b85ab66bf04b21fb3f5ba,Every non-abelian finite simple group is excluded in the sense of,MATHEMATICAL-CLAIM,RED-MIN;SRC-REDUCTION-STRUCTURE;RED-COORD;RED-COORD-BOUND;K1-TT;SUP-EXIST;SUP-MAX;SUP-NONCONJ;DIV-GROUP;DIV-ARITH;CFSG-INVENTORY;CFSG-BOUNDARIES;ARITH-UNIVERSAL;COMP-FINITE-BASE;COMP-SPORADIC,"Coverage, main-proof, or corollary claim; routed to the complete logical dependency bundle."
UC-eb76284cdd9d7626,Every,1359,48598ef76b8db215cc74830a7cab2424c61ffda47bbcec42d80f662d50d8de78,Every finite simple group appears (repetitions from exceptional,MATHEMATICAL-CLAIM,RED-MIN;SRC-REDUCTION-STRUCTURE;RED-COORD;RED-COORD-BOUND;K1-TT;SUP-EXIST;SUP-MAX;SUP-NONCONJ;DIV-GROUP;DIV-ARITH;CFSG-INVENTORY;CFSG-BOUNDARIES;ARITH-UNIVERSAL;COMP-FINITE-BASE;COMP-SPORADIC,"Coverage, main-proof, or corollary claim; routed to the complete logical dependency bundle."
UC-5d0ec387f1640238,unique,1366,9e38326ab8092c42c333bdefc3b3b772e61b9cb7e73431ac8ad4f487a18415cc,"unique minimal normal subgroup $N=S^k$, $S$ non-abelian simple, and",MATHEMATICAL-CLAIM,RED-MIN;SRC-REDUCTION-STRUCTURE;RED-COORD;RED-COORD-BOUND;K1-TT;SUP-EXIST;SUP-MAX;SUP-NONCONJ;DIV-GROUP;DIV-ARITH;CFSG-INVENTORY;CFSG-BOUNDARIES;ARITH-UNIVERSAL;COMP-FINITE-BASE;COMP-SPORADIC,"Coverage, main-proof, or corollary claim; routed to the complete logical dependency bundle."
UC-25bfb86db270c560,maximal,1371,08f14428214f8c41027e242f393a04f86e9e8a3d670624bf521aab6cf84f96b6,"$[V]\neq[W]$, maximal in $\Pos_X(S)$ and normally saturating, and a",MATHEMATICAL-CLAIM,RED-MIN;SRC-REDUCTION-STRUCTURE;RED-COORD;RED-COORD-BOUND;K1-TT;SUP-EXIST;SUP-MAX;SUP-NONCONJ;DIV-GROUP;DIV-ARITH;CFSG-INVENTORY;CFSG-BOUNDARIES;ARITH-UNIVERSAL;COMP-FINITE-BASE;COMP-SPORADIC,"Coverage, main-proof, or corollary claim; routed to the complete logical dependency bundle."
UC-426751eb34642e02,every,1390,915453076fba7f1893a2a9c5565c7df1e0a97c6e1fbe2372cb2c41dc41c7a3d3,counterexample: for \emph{every} finite group $G$ with a unique minimal,MATHEMATICAL-CLAIM,RED-MIN;SRC-REDUCTION-STRUCTURE;RED-COORD;RED-COORD-BOUND;K1-TT;SUP-EXIST;SUP-MAX;SUP-NONCONJ;DIV-GROUP;DIV-ARITH;CFSG-INVENTORY;CFSG-BOUNDARIES;ARITH-UNIVERSAL;COMP-FINITE-BASE;COMP-SPORADIC,"Coverage, main-proof, or corollary claim; routed to the complete logical dependency bundle."
UC-72f9bc6551cff7d3,unique,1390,915453076fba7f1893a2a9c5565c7df1e0a97c6e1fbe2372cb2c41dc41c7a3d3,counterexample: for \emph{every} finite group $G$ with a unique minimal,MATHEMATICAL-CLAIM,RED-MIN;SRC-REDUCTION-STRUCTURE;RED-COORD;RED-COORD-BOUND;K1-TT;SUP-EXIST;SUP-MAX;SUP-NONCONJ;DIV-GROUP;DIV-ARITH;CFSG-INVENTORY;CFSG-BOUNDARIES;ARITH-UNIVERSAL;COMP-FINITE-BASE;COMP-SPORADIC,"Coverage, main-proof, or corollary claim; routed to the complete logical dependency bundle."
UC-962f841661646eaa,maximal,1392,9651d7a513560dcb44d15395ca4e172de5e62b939d39d9cbd03e68ec90f39ffe,non-conjugate maximal subgroups of $G$ fails to factorize $G$. The,MATHEMATICAL-CLAIM,RED-MIN;SRC-REDUCTION-STRUCTURE;RED-COORD;RED-COORD-BOUND;K1-TT;SUP-EXIST;SUP-MAX;SUP-NONCONJ;DIV-GROUP;DIV-ARITH;CFSG-INVENTORY;CFSG-BOUNDARIES;ARITH-UNIVERSAL;COMP-FINITE-BASE;COMP-SPORADIC,"Coverage, main-proof, or corollary claim; routed to the complete logical dependency bundle."
UC-80cbada79cbcbe13,All,1398,56be6fe9a1b0334b56823b019a116a840203520f18f964d65d5d42efc40a16f6,"All code, GAP scripts, and log certificates required to reproduce the",METADATA-OR-DISCLOSURE,MANUSCRIPT-CODE;COMP-INDEPENDENT;DETERMINISM,Availability or disclosure statement; checked against repository evidence and manuscript controls.
UC-5a86342f3ad642aa,every,1402,7df35af9cc1a7872acee6f96c5260288b490cf09c7fd66251507e48757e6f188,"SHA-256 checksums of every certificate log, a \path{CITATION.cff}",METADATA-OR-DISCLOSURE,MANUSCRIPT-CODE;COMP-INDEPENDENT;DETERMINISM,Availability or disclosure statement; checked against repository evidence and manuscript controls.
UC-633231c37639e606,All,1423,05e267d31318a6297a524a02b0c00fd0a3453a577d51ac9761326554efddd292,"checked the cited references, and edited the final manuscript. All",METADATA-OR-DISCLOSURE,MANUSCRIPT-CODE;COMP-INDEPENDENT;DETERMINISM,Availability or disclosure statement; checked against repository evidence and manuscript controls.
UC-e6abab65730055fc,independently,1424,865d01ee06bb597ce14f04fc047c3ae1aae6e6a3dfa5108c433353878d937376,"machine-verified claims are backed by the committed, independently",METADATA-OR-DISCLOSURE,MANUSCRIPT-CODE;COMP-INDEPENDENT;DETERMINISM,Availability or disclosure statement; checked against repository evidence and manuscript controls.
UC-e11919fa07d8653a,Maximal,1432,f56c71618c395051c4badf96acfbe8f32517dc694db53e1ed886430d31d6c37e,\emph{The Maximal Subgroups of the Low-Dimensional Finite Classical,BIBLIOGRAPHIC-TEXT,MANUSCRIPT-CODE,"Occurrence is inside a bibliographic title or reference entry, not an uncited proof assertion."
UC-31736adbfd180865,maximal,1465,0e7ad95e2e8f593fb567ad8b50e6b8f34d751a0b4f26f6adcc0161088a5c770b,"maximal subgroups of the Monster, \emph{J.\ Algebra} \textbf{689} (2026),",BIBLIOGRAPHIC-TEXT,MANUSCRIPT-CODE,"Occurrence is inside a bibliographic title or reference entry, not an uncited proof assertion."
UC-802f55aa057be9ae,maximal,1503,2845c5c72db1118bec8be11f7fa4c96acf50bc63daf3cc4a68659f4d5af6a6b4,"P.~B.~Kleidman, The maximal subgroups of the Chevalley groups $G_2(q)$",BIBLIOGRAPHIC-TEXT,MANUSCRIPT-CODE,"Occurrence is inside a bibliographic title or reference entry, not an uncited proof assertion."
UC-212cef3ba26d6b2d,maximal,1509,1dfc3a013dc3c232ae0856460fecc30c247a699f90bc4d32591061e5999baee2,"M.~W.~Liebeck, C.~E.~Praeger, J.~Saxl, A classification of the maximal",BIBLIOGRAPHIC-TEXT,MANUSCRIPT-CODE,"Occurrence is inside a bibliographic title or reference entry, not an uncited proof assertion."
UC-c4c76b160c26f7f3,Maximal,1515,761b7c87a561d7c27ff5ccc0d6862a6e0b40308a4f078b8c8abf63d127a206d8,"M.~W.~Liebeck, C.~E.~Praeger, J.~Saxl, \emph{The Maximal Factorizations",BIBLIOGRAPHIC-TEXT,MANUSCRIPT-CODE,"Occurrence is inside a bibliographic title or reference entry, not an uncited proof assertion."
UC-8b50a2cfbe591426,unique,1521,6a006a93bd9c9b71f6e7ddcb95a4a3a639f5f6e5bd40d8c205aef7c6f2137386,"with a unique minimal normal subgroup, \emph{Pacific J.\ Math.}",BIBLIOGRAPHIC-TEXT,MANUSCRIPT-CODE,"Occurrence is inside a bibliographic title or reference entry, not an uncited proof assertion."
UC-6f3bb6bf02b68578,Maximal,1540,9920337761e6e6e71ba3c555048836a9cb674b519c3b5f66572d6f1093446a48,"C.~M.~Roney-Dougal, Maximal subgroups of finite simple groups:",BIBLIOGRAPHIC-TEXT,MANUSCRIPT-CODE,"Occurrence is inside a bibliographic title or reference entry, not an uncited proof assertion."
UC-365e690b738b4f8f,maximal,1560,96a0812b8b89a56b91dec7e92b7e5fc3e4ea1f858cb822595621b07f46590477,"K.~B.~Tchakerian, The maximal subgroups of the Tits simple group,",BIBLIOGRAPHIC-TEXT,MANUSCRIPT-CODE,"Occurrence is inside a bibliographic title or reference entry, not an uncited proof assertion."
UC-e8265a3107023df5,maximal,1565,3093aabbf3dc91743f571fc0b8f1b39f5caf8a6b2d246a4d6a8c5d406380b7fd,"simple groups by nonconjugate maximal subgroups, \emph{Sib.\ Math.\ J.}",BIBLIOGRAPHIC-TEXT,MANUSCRIPT-CODE,"Occurrence is inside a bibliographic title or reference entry, not an uncited proof assertion."
UC-b022d5f7e75a3288,maximal,1570,20fd27f5dd8e7ece0c99d825dc5bf389d34d6bf5dea677733ec04fb9c9426f33,"R.~A.~Wilson, The geometry and maximal subgroups of the simple groups",BIBLIOGRAPHIC-TEXT,MANUSCRIPT-CODE,"Occurrence is inside a bibliographic title or reference entry, not an uncited proof assertion."
UC-edaeef2641fe64c3,Maximal,1575,d378628a326563eb2631fd92d99a9b4218f901404b0e9c228cf596ef242ee980,"R.~A.~Wilson, Maximal subgroups of sporadic groups, in \emph{Finite",BIBLIOGRAPHIC-TEXT,MANUSCRIPT-CODE,"Occurrence is inside a bibliographic title or reference entry, not an uncited proof assertion."
