=== socle A5^2:  |S|^k = 3600,  |W/N| = 8
    candidates (subgroups N <= G <= W up to conjugacy): 8
    |G| = 3600  |G:N| = 1  maxclasses = 8 (suppl:
8)  fails: supp-supp sizes 360,720
    |G| = 7200  |G:N| = 2  maxclasses = 7 (suppl:
6)  fails: supp-supp sizes 720,1440
    |G| = 7200  |G:N| = 2  maxclasses = 9 (suppl:
8)  fails: supp-supp sizes 720,1440
    |G| = 7200  |G:N| = 2  maxclasses = 6 (suppl:
5)  fails: supp-supp sizes 120,120
    |G| = 14400  |G:N| = 4  maxclasses = 9 (suppl:
6)  fails: supp-supp sizes 1440,2880
    |G| = 14400  |G:N| = 4  maxclasses = 8 (suppl:
5)  fails: supp-supp sizes 240,240
    |G| = 14400  |G:N| = 4  maxclasses = 4 (suppl:
3)  fails: supp-supp sizes 144,576
    |G| = 28800  |G:N| = 8  maxclasses = 6 (suppl:
3)  fails: supp-supp sizes 288,1152
=== socle L2_7^2:  |S|^k = 28224,  |W/N| = 8
    candidates (subgroups N <= G <= W up to conjugacy): 8
    |G| = 28224  |G:N| = 1  maxclasses = 8 (suppl:
8)  fails: supp-supp sizes 4032,4032
    |G| = 56448  |G:N| = 2  maxclasses = 7 (suppl:
6)  fails: supp-supp sizes 8064,8064
    |G| = 56448  |G:N| = 2  maxclasses = 9 (suppl:
8)  fails: supp-supp sizes 7056,2016
    |G| = 56448  |G:N| = 2  maxclasses = 6 (suppl:
5)  fails: supp-supp sizes 336,336
    |G| = 112896  |G:N| = 4  maxclasses = 9 (suppl:
6)  fails: supp-supp sizes 14112,4032
    |G| = 112896  |G:N| = 4  maxclasses = 8 (suppl:
5)  fails: supp-supp sizes 672,672
    |G| = 112896  |G:N| = 4  maxclasses = 4 (suppl:
3)  fails: supp-supp sizes 1764,144
    |G| = 225792  |G:N| = 8  maxclasses = 6 (suppl:
3)  fails: supp-supp sizes 3528,288
=== socle A6^2:  |S|^k = 129600,  |W/N| = 32
    candidates (subgroups N <= G <= W up to conjugacy): 65
    |G| = 129600  |G:N| = 1  maxclasses = 14 (suppl:
14)  fails: supp-supp sizes 21600,8640
    |G| = 259200  |G:N| = 2  maxclasses = 11 (suppl:
10)  fails: supp-supp sizes 43200,17280
    |G| = 259200  |G:N| = 2  maxclasses = 15 (suppl:
14)  fails: supp-supp sizes 43200,17280
    |G| = 259200  |G:N| = 2  maxclasses = 9 (suppl:
8)  fails: supp-supp sizes 43200,17280
    |G| = 259200  |G:N| = 2  maxclasses = 9 (suppl:
8)  fails: supp-supp sizes 43200,17280
    |G| = 259200  |G:N| = 2  maxclasses = 9 (suppl:
8)  fails: supp-supp sizes 43200,17280
    |G| = 259200  |G:N| = 2  maxclasses = 9 (suppl:
8)  fails: supp-supp sizes 43200,17280
    |G| = 259200  |G:N| = 2  maxclasses = 11 (suppl:
10)  fails: supp-supp sizes 25920,5760
    |G| = 259200  |G:N| = 2  maxclasses = 7 (suppl:
6)  fails: supp-supp sizes 25920,5760
    |G| = 259200  |G:N| = 2  maxclasses = 11 (suppl:
10)  fails: supp-supp sizes 25920,7200
    |G| = 259200  |G:N| = 2  maxclasses = 10 (suppl:
9)  fails: supp-supp sizes 720,720
    |G| = 518400  |G:N| = 4  maxclasses = 13 (suppl:
10)  fails: supp-supp sizes 86400,34560
    |G| = 518400  |G:N| = 4  maxclasses = 11 (suppl:
8)  fails: supp-supp sizes 86400,34560
    |G| = 518400  |G:N| = 4  maxclasses = 11 (suppl:
8)  fails: supp-supp sizes 86400,34560
    |G| = 518400  |G:N| = 4  maxclasses = 11 (suppl:
8)  fails: supp-supp sizes 86400,34560
    |G| = 518400  |G:N| = 4  maxclasses = 11 (suppl:
8)  fails: supp-supp sizes 86400,34560
    |G| = 518400  |G:N| = 4  maxclasses = 11 (suppl:
8)  fails: supp-supp sizes 86400,34560
    |G| = 518400  |G:N| = 4  maxclasses = 9 (suppl:
6)  fails: supp-supp sizes 51840,11520
    |G| = 518400  |G:N| = 4  maxclasses = 11 (suppl:
8)  fails: supp-supp sizes 86400,34560
    |G| = 518400  |G:N| = 4  maxclasses = 9 (suppl:
6)  fails: supp-supp sizes 51840,11520
    |G| = 518400  |G:N| = 4  maxclasses = 9 (suppl:
6)  fails: supp-supp sizes 51840,11520
    |G| = 518400  |G:N| = 4  maxclasses = 9 (suppl:
6)  fails: supp-supp sizes 51840,11520
    |G| = 518400  |G:N| = 4  maxclasses = 9 (suppl:
6)  fails: supp-supp sizes 51840,11520
    |G| = 518400  |G:N| = 4  maxclasses = 9 (suppl:
6)  fails: supp-supp sizes 51840,11520
    |G| = 518400  |G:N| = 4  maxclasses = 9 (suppl:
6)  fails: supp-supp sizes 51840,14400
    |G| = 518400  |G:N| = 4  maxclasses = 9 (suppl:
6)  fails: supp-supp sizes 51840,11520
    |G| = 518400  |G:N| = 4  maxclasses = 6 (suppl:
5)  fails: supp-supp sizes 14400,2304
    |G| = 518400  |G:N| = 4  maxclasses = 12 (suppl:
9)  fails: supp-supp sizes 1440,1440
    |G| = 518400  |G:N| = 4  maxclasses = 13 (suppl:
10)  fails: supp-supp sizes 51840,11520
    |G| = 518400  |G:N| = 4  maxclasses = 9 (suppl:
6)  fails: supp-supp sizes 51840,11520
    |G| = 518400  |G:N| = 4  maxclasses = 9 (suppl:
6)  fails: supp-supp sizes 51840,11520
    |G| = 518400  |G:N| = 4  maxclasses = 4 (suppl:
3)  fails: supp-supp sizes 5184,400
    |G| = 518400  |G:N| = 4  maxclasses = 10 (suppl:
7)  fails: supp-supp sizes 1440,1440
    |G| = 518400  |G:N| = 4  maxclasses = 4 (suppl:
3)  fails: supp-supp sizes 5184,256
    |G| = 518400  |G:N| = 4  maxclasses = 10 (suppl:
7)  fails: supp-supp sizes 1440,1440
    |G| = 518400  |G:N| = 4  maxclasses = 9 (suppl:
6)  fails: supp-supp sizes 51840,11520
    |G| = 518400  |G:N| = 4  maxclasses = 9 (suppl:
6)  fails: supp-supp sizes 51840,11520
    |G| = 518400  |G:N| = 4  maxclasses = 9 (suppl:
6)  fails: supp-supp sizes 51840,11520
    |G| = 1036800  |G:N| = 8  maxclasses = 13 (suppl:
6)  fails: supp-supp sizes 103680,23040
    |G| = 1036800  |G:N| = 8  maxclasses = 13 (suppl:
6)  fails: supp-supp sizes 103680,23040
    |G| = 1036800  |G:N| = 8  maxclasses = 6 (suppl:
3)  fails: supp-supp sizes 10368,512
    |G| = 1036800  |G:N| = 8  maxclasses = 6 (suppl:
3)  fails: supp-supp sizes 10368,800
    |G| = 1036800  |G:N| = 8  maxclasses = 13 (suppl:
6)  fails: supp-supp sizes 103680,23040
    |G| = 1036800  |G:N| = 8  maxclasses = 13 (suppl:
6)  fails: supp-supp sizes 103680,23040
    |G| = 1036800  |G:N| = 8  maxclasses = 13 (suppl:
6)  fails: supp-supp sizes 103680,23040
    |G| = 1036800  |G:N| = 8  maxclasses = 13 (suppl:
6)  fails: supp-supp sizes 103680,23040
    |G| = 1036800  |G:N| = 8  maxclasses = 13 (suppl:
6)  fails: supp-supp sizes 103680,23040
    |G| = 1036800  |G:N| = 8  maxclasses = 13 (suppl:
6)  fails: supp-supp sizes 103680,23040
    |G| = 1036800  |G:N| = 8  maxclasses = 15 (suppl:
8)  fails: supp-supp sizes 172800,69120
    |G| = 1036800  |G:N| = 8  maxclasses = 8 (suppl:
5)  fails: supp-supp sizes 28800,4608
    |G| = 1036800  |G:N| = 8  maxclasses = 6 (suppl:
3)  fails: supp-supp sizes 10368,512
    |G| = 1036800  |G:N| = 8  maxclasses = 6 (suppl:
3)  fails: supp-supp sizes 10368,800
    |G| = 1036800  |G:N| = 8  maxclasses = 6 (suppl:
3)  fails: supp-supp sizes 10368,800
    |G| = 1036800  |G:N| = 8  maxclasses = 6 (suppl:
3)  fails: supp-supp sizes 10368,512
    |G| = 1036800  |G:N| = 8  maxclasses = 14 (suppl:
7)  fails: supp-supp sizes 2880,2880
    |G| = 1036800  |G:N| = 8  maxclasses = 6 (suppl:
3)  fails: supp-supp sizes 10368,512
    |G| = 1036800  |G:N| = 8  maxclasses = 6 (suppl:
3)  fails: supp-supp sizes 10368,512
    |G| = 2073600  |G:N| = 16  maxclasses = 21 (suppl:
6)  fails: supp-supp sizes 207360,46080
    |G| = 2073600  |G:N| = 16  maxclasses = 10 (suppl:
3)  fails: supp-supp sizes 20736,1024
    |G| = 2073600  |G:N| = 16  maxclasses = 6 (suppl:
3)  fails: supp-supp sizes 20736,1024
    |G| = 2073600  |G:N| = 16  maxclasses = 10 (suppl:
3)  fails: supp-supp sizes 20736,1600
    |G| = 2073600  |G:N| = 16  maxclasses = 6 (suppl:
3)  fails: supp-supp sizes 20736,1024
    |G| = 2073600  |G:N| = 16  maxclasses = 10 (suppl:
3)  fails: supp-supp sizes 20736,1024
    |G| = 2073600  |G:N| = 16  maxclasses = 6 (suppl:
3)  fails: supp-supp sizes 20736,1024
    |G| = 4147200  |G:N| = 32  maxclasses = 10 (suppl:
3)  fails: supp-supp sizes 41472,2048
=== socle L2_8^2:  |S|^k = 254016,  |W/N| = 18
    candidates (subgroups N <= G <= W up to conjugacy): 9
    |G| = 254016  |G:N| = 1  maxclasses = 9 (suppl:
9)  fails: supp-supp sizes 28224,7056
    |G| = 508032  |G:N| = 2  maxclasses = 5 (suppl:
4)  fails: supp-supp sizes 1008,6272
    |G| = 762048  |G:N| = 3  maxclasses = 7 (suppl:
6)  fails: supp-supp sizes 84672,21168
    |G| = 762048  |G:N| = 3  maxclasses = 10 (suppl:
9)  fails: supp-supp sizes 84672,21168
    |G| = 762048  |G:N| = 3  maxclasses = 7 (suppl:
6)  fails: supp-supp sizes 84672,21168
    |G| = 1524096  |G:N| = 6  maxclasses = 6 (suppl:
4)  fails: supp-supp sizes 3024,18816
    |G| = 1524096  |G:N| = 6  maxclasses = 5 (suppl:
3)  fails: supp-supp sizes 18816,1176
    |G| = 2286144  |G:N| = 9  maxclasses = 10 (suppl:
6)  fails: supp-supp sizes 254016,63504
    |G| = 4572288  |G:N| = 18  maxclasses = 6 (suppl:
3)  fails: supp-supp sizes 56448,3528
=== socle L2_11^2:  |S|^k = 435600,  |W/N| = 8
    candidates (subgroups N <= G <= W up to conjugacy): 8
    |G| = 435600  |G:N| = 1  maxclasses = 10 (suppl:
10)  fails: supp-supp sizes 39600,39600
    |G| = 871200  |G:N| = 2  maxclasses = 9 (suppl:
8)  fails: supp-supp sizes 79200,79200
    |G| = 871200  |G:N| = 2  maxclasses = 11 (suppl:
10)  fails: supp-supp sizes 72600,13200
    |G| = 871200  |G:N| = 2  maxclasses = 7 (suppl:
6)  fails: supp-supp sizes 1320,1320
    |G| = 1742400  |G:N| = 4  maxclasses = 11 (suppl:
8)  fails: supp-supp sizes 145200,26400
    |G| = 1742400  |G:N| = 4  maxclasses = 9 (suppl:
6)  fails: supp-supp sizes 2640,2640
    |G| = 1742400  |G:N| = 4  maxclasses = 5 (suppl:
4)  fails: supp-supp sizes 12100,400
    |G| = 3484800  |G:N| = 8  maxclasses = 7 (suppl:
4)  fails: supp-supp sizes 24200,800
=== socle L2_13^2:  |S|^k = 1192464,  |W/N| = 8
    candidates (subgroups N <= G <= W up to conjugacy): 8
    |G| = 1192464  |G:N| = 1  maxclasses = 10 (suppl:
10)  fails: supp-supp sizes 85176,15288
    |G| = 2384928  |G:N| = 2  maxclasses = 9 (suppl:
8)  fails: supp-supp sizes 170352,30576
    |G| = 2384928  |G:N| = 2  maxclasses = 11 (suppl:
10)  fails: supp-supp sizes 170352,26208
    |G| = 2384928  |G:N| = 2  maxclasses = 7 (suppl:
6)  fails: supp-supp sizes 2184,2184
    |G| = 4769856  |G:N| = 4  maxclasses = 11 (suppl:
8)  fails: supp-supp sizes 340704,52416
    |G| = 4769856  |G:N| = 4  maxclasses = 9 (suppl:
6)  fails: supp-supp sizes 4368,4368
    |G| = 4769856  |G:N| = 4  maxclasses = 5 (suppl:
4)  fails: supp-supp sizes 24336,576
    |G| = 9539712  |G:N| = 8  maxclasses = 7 (suppl:
4)  fails: supp-supp sizes 48672,1152
=== socle L2_17^2:  |S|^k = 5992704,  |W/N| = 8
    candidates (subgroups N <= G <= W up to conjugacy): 8
    |G| = 5992704  |G:N| = 1  maxclasses = 12 (suppl:
12)  fails: supp-supp sizes 332928,58752
    |G| = 11985408  |G:N| = 2  maxclasses = 9 (suppl:
8)  fails: supp-supp sizes 665856,117504
    |G| = 11985408  |G:N| = 2  maxclasses = 9 (suppl:
8)  fails: supp-supp sizes 665856,78336
    |G| = 11985408  |G:N| = 2  maxclasses = 8 (suppl:
7)  fails: supp-supp sizes 4896,4896
    |G| = 23970816  |G:N| = 4  maxclasses = 9 (suppl:
6)  fails: supp-supp sizes 1331712,156672
    |G| = 23970816  |G:N| = 4  maxclasses = 8 (suppl:
5)  fails: supp-supp sizes 9792,9792
    |G| = 23970816  |G:N| = 4  maxclasses = 4 (suppl:
3)  fails: supp-supp sizes 73984,1024
    |G| = 47941632  |G:N| = 8  maxclasses = 6 (suppl:
3)  fails: supp-supp sizes 147968,2048
=== socle A7^2:  |S|^k = 6350400,  |W/N| = 8
    candidates (subgroups N <= G <= W up to conjugacy): 8
    |G| = 6350400  |G:N| = 1  maxclasses = 12 (suppl:
12)  fails: supp-supp sizes 181440,302400
    |G| = 12700800  |G:N| = 2  maxclasses = 10 (suppl:
9)  fails: supp-supp sizes 362880,604800
    |G| = 12700800  |G:N| = 2  maxclasses = 11 (suppl:
10)  fails: supp-supp sizes 362880,604800
    |G| = 12700800  |G:N| = 2  maxclasses = 8 (suppl:
7)  fails: supp-supp sizes 5040,5040
    |G| = 25401600  |G:N| = 4  maxclasses = 11 (suppl:
8)  fails: supp-supp sizes 725760,1209600
    |G| = 25401600  |G:N| = 4  maxclasses = 9 (suppl:
6)  fails: supp-supp sizes 10080,10080
    |G| = 25401600  |G:N| = 4  maxclasses = 5 (suppl:
4)  fails: supp-supp sizes 20736,57600
    |G| = 50803200  |G:N| = 8  maxclasses = 7 (suppl:
4)  fails: supp-supp sizes 41472,115200
=== socle L2_19^2:  |S|^k = 11696400,  |W/N| = 8
    candidates (subgroups N <= G <= W up to conjugacy): 8
    |G| = 11696400  |G:N| = 1  maxclasses = 12 (suppl:
12)  fails: supp-supp sizes 584820,61560
    |G| = 23392800  |G:N| = 2  maxclasses = 10 (suppl:
9)  fails: supp-supp sizes 1169640,123120
    |G| = 23392800  |G:N| = 2  maxclasses = 11 (suppl:
10)  fails: supp-supp sizes 1169640,123120
    |G| = 23392800  |G:N| = 2  maxclasses = 8 (suppl:
7)  fails: supp-supp sizes 6840,6840
    |G| = 46785600  |G:N| = 4  maxclasses = 11 (suppl:
8)  fails: supp-supp sizes 2339280,246240
    |G| = 46785600  |G:N| = 4  maxclasses = 9 (suppl:
6)  fails: supp-supp sizes 13680,13680
    |G| = 46785600  |G:N| = 4  maxclasses = 5 (suppl:
4)  fails: supp-supp sizes 116964,1296
    |G| = 93571200  |G:N| = 8  maxclasses = 7 (suppl:
4)  fails: supp-supp sizes 233928,2592
=== socle L2_16^2:  |S|^k = 16646400,  |W/N| = 32
    candidates (subgroups N <= G <= W up to conjugacy): 22
    |G| = 16646400  |G:N| = 1  maxclasses = 12 (suppl:
12)  fails: supp-supp sizes 979200,244800
    |G| = 33292800  |G:N| = 2  maxclasses = 9 (suppl:
8)  fails: supp-supp sizes 1958400,489600
    |G| = 33292800  |G:N| = 2  maxclasses = 13 (suppl:
12)  fails: supp-supp sizes 1958400,489600
    |G| = 33292800  |G:N| = 2  maxclasses = 7 (suppl:
6)  fails: supp-supp sizes 8160,8160
    |G| = 66585600  |G:N| = 4  maxclasses = 11 (suppl:
8)  fails: supp-supp sizes 3916800,979200
    |G| = 66585600  |G:N| = 4  maxclasses = 9 (suppl:
8)  fails: supp-supp sizes 3916800,979200
    |G| = 66585600  |G:N| = 4  maxclasses = 9 (suppl:
8)  fails: supp-supp sizes 3916800,979200
    |G| = 66585600  |G:N| = 4  maxclasses = 13 (suppl:
12)  fails: supp-supp sizes 3916800,979200
    |G| = 66585600  |G:N| = 4  maxclasses = 9 (suppl:
8)  fails: supp-supp sizes 3916800,979200
    |G| = 66585600  |G:N| = 4  maxclasses = 9 (suppl:
6)  fails: supp-supp sizes 16320,16320
    |G| = 66585600  |G:N| = 4  maxclasses = 7 (suppl:
6)  fails: supp-supp sizes 16320,16320
    |G| = 133171200  |G:N| = 8  maxclasses = 11 (suppl:
8)  fails: supp-supp sizes 7833600,1958400
    |G| = 133171200  |G:N| = 8  maxclasses = 11 (suppl:
8)  fails: supp-supp sizes 7833600,1958400
    |G| = 133171200  |G:N| = 8  maxclasses = 7 (suppl:
4)  fails: supp-supp sizes 460800,28800
    |G| = 133171200  |G:N| = 8  maxclasses = 9 (suppl:
6)  fails: supp-supp sizes 32640,32640
    |G| = 133171200  |G:N| = 8  maxclasses = 7 (suppl:
4)  fails: supp-supp sizes 460800,28800
    |G| = 133171200  |G:N| = 8  maxclasses = 7 (suppl:
4)  fails: supp-supp sizes 460800,28800
    |G| = 133171200  |G:N| = 8  maxclasses = 5 (suppl:
4)  fails: supp-supp sizes 460800,28800
    |G| = 266342400  |G:N| = 16  maxclasses = 11 (suppl:
8)  fails: supp-supp sizes 15667200,3916800
    |G| = 266342400  |G:N| = 16  maxclasses = 11 (suppl:
4)  fails: supp-supp sizes 921600,57600
    |G| = 266342400  |G:N| = 16  maxclasses = 7 (suppl:
4)  fails: supp-supp sizes 921600,57600
    |G| = 532684800  |G:N| = 32  maxclasses = 7 (suppl:
4)  fails: supp-supp sizes 1843200,115200
=== socle L3_3^2:  |S|^k = 31539456,  |W/N| = 8
    candidates (subgroups N <= G <= W up to conjugacy): 8
    |G| = 31539456  |G:N| = 1  maxclasses = 10 (suppl:
10)  fails: supp-supp sizes 2426112,2426112
    |G| = 63078912  |G:N| = 2  maxclasses = 9 (suppl:
8)  fails: supp-supp sizes 4852224,4852224
    |G| = 63078912  |G:N| = 2  maxclasses = 11 (suppl:
10)  fails: supp-supp sizes 1213056,539136
    |G| = 63078912  |G:N| = 2  maxclasses = 7 (suppl:
6)  fails: supp-supp sizes 11232,11232
    |G| = 126157824  |G:N| = 4  maxclasses = 11 (suppl:
8)  fails: supp-supp sizes 2426112,1078272
    |G| = 126157824  |G:N| = 4  maxclasses = 9 (suppl:
6)  fails: supp-supp sizes 22464,22464
    |G| = 126157824  |G:N| = 4  maxclasses = 5 (suppl:
4)  fails: supp-supp sizes 46656,9216
    |G| = 252315648  |G:N| = 8  maxclasses = 7 (suppl:
4)  fails: supp-supp sizes 93312,18432
=== socle U3_3^2:  |S|^k = 36578304,  |W/N| = 8
    candidates (subgroups N <= G <= W up to conjugacy): 8
    |G| = 36578304  |G:N| = 1  maxclasses = 10 (suppl:
10)  fails: supp-supp sizes 1306368,580608
    |G| = 73156608  |G:N| = 2  maxclasses = 9 (suppl:
8)  fails: supp-supp sizes 2612736,1161216
    |G| = 73156608  |G:N| = 2  maxclasses = 11 (suppl:
10)  fails: supp-supp sizes 2612736,1161216
    |G| = 73156608  |G:N| = 2  maxclasses = 7 (suppl:
6)  fails: supp-supp sizes 12096,12096
    |G| = 146313216  |G:N| = 4  maxclasses = 11 (suppl:
8)  fails: supp-supp sizes 5225472,2322432
    |G| = 146313216  |G:N| = 4  maxclasses = 9 (suppl:
6)  fails: supp-supp sizes 24192,24192
    |G| = 146313216  |G:N| = 4  maxclasses = 5 (suppl:
4)  fails: supp-supp sizes 186624,36864
    |G| = 292626432  |G:N| = 8  maxclasses = 7 (suppl:
4)  fails: supp-supp sizes 373248,73728
=== socle L2_23^2:  |S|^k = 36869184,  |W/N| = 8
    candidates (subgroups N <= G <= W up to conjugacy): 8
    |G| = 36869184  |G:N| = 1  maxclasses = 12 (suppl:
12)  fails: supp-supp sizes 1536216,133584
    |G| = 73738368  |G:N| = 2  maxclasses = 9 (suppl:
8)  fails: supp-supp sizes 3072432,267168
    |G| = 73738368  |G:N| = 2  maxclasses = 9 (suppl:
8)  fails: supp-supp sizes 3072432,267168
    |G| = 73738368  |G:N| = 2  maxclasses = 8 (suppl:
7)  fails: supp-supp sizes 12144,12144
    |G| = 147476736  |G:N| = 4  maxclasses = 9 (suppl:
6)  fails: supp-supp sizes 6144864,534336
    |G| = 147476736  |G:N| = 4  maxclasses = 8 (suppl:
5)  fails: supp-supp sizes 24288,24288
    |G| = 147476736  |G:N| = 4  maxclasses = 4 (suppl:
3)  fails: supp-supp sizes 256036,1936
    |G| = 294953472  |G:N| = 8  maxclasses = 6 (suppl:
3)  fails: supp-supp sizes 512072,3872
=== socle L2_25^2:  |S|^k = 60840000,  |W/N| = 32
    candidates (subgroups N <= G <= W up to conjugacy): 65
    |G| = 60840000  |G:N| = 1  maxclasses = 14 (suppl:
14)  fails: supp-supp sizes 2340000,936000
    |G| = 121680000  |G:N| = 2  maxclasses = 11 (suppl:
10)  fails: supp-supp sizes 4680000,1872000
    |G| = 121680000  |G:N| = 2  maxclasses = 15 (suppl:
14)  fails: supp-supp sizes 4680000,1872000
    |G| = 121680000  |G:N| = 2  maxclasses = 9 (suppl:
8)  fails: supp-supp sizes 4680000,1872000
    |G| = 121680000  |G:N| = 2  maxclasses = 9 (suppl:
8)  fails: supp-supp sizes 4680000,1872000
    |G| = 121680000  |G:N| = 2  maxclasses = 9 (suppl:
8)  fails: supp-supp sizes 4680000,1872000
    |G| = 121680000  |G:N| = 2  maxclasses = 9 (suppl:
8)  fails: supp-supp sizes 4680000,1872000
    |G| = 121680000  |G:N| = 2  maxclasses = 11 (suppl:
10)  fails: supp-supp sizes 4680000,374400
    |G| = 121680000  |G:N| = 2  maxclasses = 7 (suppl:
6)  fails: supp-supp sizes 4680000,374400
    |G| = 121680000  |G:N| = 2  maxclasses = 11 (suppl:
10)  fails: supp-supp sizes 4680000,374400
    |G| = 121680000  |G:N| = 2  maxclasses = 10 (suppl:
9)  fails: supp-supp sizes 15600,15600
    |G| = 243360000  |G:N| = 4  maxclasses = 13 (suppl:
10)  fails: supp-supp sizes 9360000,3744000
    |G| = 243360000  |G:N| = 4  maxclasses = 11 (suppl:
8)  fails: supp-supp sizes 9360000,3744000
    |G| = 243360000  |G:N| = 4  maxclasses = 11 (suppl:
8)  fails: supp-supp sizes 9360000,3744000
    |G| = 243360000  |G:N| = 4  maxclasses = 11 (suppl:
8)  fails: supp-supp sizes 9360000,3744000
    |G| = 243360000  |G:N| = 4  maxclasses = 11 (suppl:
8)  fails: supp-supp sizes 9360000,3744000
    |G| = 243360000  |G:N| = 4  maxclasses = 11 (suppl:
8)  fails: supp-supp sizes 9360000,3744000
    |G| = 243360000  |G:N| = 4  maxclasses = 9 (suppl:
6)  fails: supp-supp sizes 9360000,748800
    |G| = 243360000  |G:N| = 4  maxclasses = 11 (suppl:
8)  fails: supp-supp sizes 9360000,3744000
    |G| = 243360000  |G:N| = 4  maxclasses = 9 (suppl:
6)  fails: supp-supp sizes 9360000,748800
    |G| = 243360000  |G:N| = 4  maxclasses = 9 (suppl:
6)  fails: supp-supp sizes 9360000,748800
    |G| = 243360000  |G:N| = 4  maxclasses = 9 (suppl:
6)  fails: supp-supp sizes 9360000,748800
    |G| = 243360000  |G:N| = 4  maxclasses = 9 (suppl:
6)  fails: supp-supp sizes 9360000,748800
    |G| = 243360000  |G:N| = 4  maxclasses = 9 (suppl:
6)  fails: supp-supp sizes 9360000,748800
    |G| = 243360000  |G:N| = 4  maxclasses = 9 (suppl:
6)  fails: supp-supp sizes 9360000,748800
    |G| = 243360000  |G:N| = 4  maxclasses = 9 (suppl:
6)  fails: supp-supp sizes 9360000,748800
    |G| = 243360000  |G:N| = 4  maxclasses = 6 (suppl:
5)  fails: supp-supp sizes 360000,57600
    |G| = 243360000  |G:N| = 4  maxclasses = 12 (suppl:
9)  fails: supp-supp sizes 31200,31200
    |G| = 243360000  |G:N| = 4  maxclasses = 13 (suppl:
10)  fails: supp-supp sizes 9360000,748800
    |G| = 243360000  |G:N| = 4  maxclasses = 9 (suppl:
6)  fails: supp-supp sizes 9360000,748800
    |G| = 243360000  |G:N| = 4  maxclasses = 9 (suppl:
6)  fails: supp-supp sizes 9360000,748800
    |G| = 243360000  |G:N| = 4  maxclasses = 4 (suppl:
3)  fails: supp-supp sizes 360000,2304
    |G| = 243360000  |G:N| = 4  maxclasses = 10 (suppl:
7)  fails: supp-supp sizes 31200,31200
    |G| = 243360000  |G:N| = 4  maxclasses = 4 (suppl:
3)  fails: supp-supp sizes 360000,2304
    |G| = 243360000  |G:N| = 4  maxclasses = 10 (suppl:
7)  fails: supp-supp sizes 31200,31200
    |G| = 243360000  |G:N| = 4  maxclasses = 9 (suppl:
6)  fails: supp-supp sizes 9360000,748800
    |G| = 243360000  |G:N| = 4  maxclasses = 9 (suppl:
6)  fails: supp-supp sizes 9360000,748800
    |G| = 243360000  |G:N| = 4  maxclasses = 9 (suppl:
6)  fails: supp-supp sizes 9360000,748800
    |G| = 486720000  |G:N| = 8  maxclasses = 13 (suppl:
6)  fails: supp-supp sizes 18720000,1497600
    |G| = 486720000  |G:N| = 8  maxclasses = 13 (suppl:
6)  fails: supp-supp sizes 18720000,1497600
    |G| = 486720000  |G:N| = 8  maxclasses = 6 (suppl:
3)  fails: supp-supp sizes 720000,4608
    |G| = 486720000  |G:N| = 8  maxclasses = 6 (suppl:
3)  fails: supp-supp sizes 720000,4608
    |G| = 486720000  |G:N| = 8  maxclasses = 13 (suppl:
6)  fails: supp-supp sizes 18720000,1497600
    |G| = 486720000  |G:N| = 8  maxclasses = 13 (suppl:
6)  fails: supp-supp sizes 18720000,1497600
    |G| = 486720000  |G:N| = 8  maxclasses = 13 (suppl:
6)  fails: supp-supp sizes 18720000,1497600
    |G| = 486720000  |G:N| = 8  maxclasses = 13 (suppl:
6)  fails: supp-supp sizes 18720000,1497600
    |G| = 486720000  |G:N| = 8  maxclasses = 13 (suppl:
6)  fails: supp-supp sizes 18720000,1497600
    |G| = 486720000  |G:N| = 8  maxclasses = 13 (suppl:
6)  fails: supp-supp sizes 18720000,1497600
    |G| = 486720000  |G:N| = 8  maxclasses = 15 (suppl:
8)  fails: supp-supp sizes 18720000,7488000
    |G| = 486720000  |G:N| = 8  maxclasses = 8 (suppl:
5)  fails: supp-supp sizes 720000,115200
    |G| = 486720000  |G:N| = 8  maxclasses = 6 (suppl:
3)  fails: supp-supp sizes 720000,4608
    |G| = 486720000  |G:N| = 8  maxclasses = 6 (suppl:
3)  fails: supp-supp sizes 720000,4608
    |G| = 486720000  |G:N| = 8  maxclasses = 6 (suppl:
3)  fails: supp-supp sizes 720000,4608
    |G| = 486720000  |G:N| = 8  maxclasses = 6 (suppl:
3)  fails: supp-supp sizes 720000,4608
    |G| = 486720000  |G:N| = 8  maxclasses = 14 (suppl:
7)  fails: supp-supp sizes 62400,62400
    |G| = 486720000  |G:N| = 8  maxclasses = 6 (suppl:
3)  fails: supp-supp sizes 720000,5408
    |G| = 486720000  |G:N| = 8  maxclasses = 6 (suppl:
3)  fails: supp-supp sizes 720000,5408
    |G| = 973440000  |G:N| = 16  maxclasses = 21 (suppl:
6)  fails: supp-supp sizes 37440000,2995200
    |G| = 973440000  |G:N| = 16  maxclasses = 10 (suppl:
3)  fails: supp-supp sizes 1440000,9216
    |G| = 973440000  |G:N| = 16  maxclasses = 6 (suppl:
3)  fails: supp-supp sizes 1440000,9216
    |G| = 973440000  |G:N| = 16  maxclasses = 10 (suppl:
3)  fails: supp-supp sizes 1440000,9216
    |G| = 973440000  |G:N| = 16  maxclasses = 6 (suppl:
3)  fails: supp-supp sizes 1440000,9216
    |G| = 973440000  |G:N| = 16  maxclasses = 10 (suppl:
3)  fails: supp-supp sizes 1440000,10816
    |G| = 973440000  |G:N| = 16  maxclasses = 6 (suppl:
3)  fails: supp-supp sizes 1440000,9216
    |G| = 1946880000  |G:N| = 32  maxclasses = 10 (suppl:
3)  fails: supp-supp sizes 2880000,18432
=== socle M11^2:  |S|^k = 62726400,  |W/N| = 2
    candidates (subgroups N <= G <= W up to conjugacy): 2
    |G| = 62726400  |G:N| = 1  maxclasses = 11 (suppl:
11)  fails: supp-supp sizes 5702400,1140480
    |G| = 125452800  |G:N| = 2  maxclasses = 7 (suppl:
6)  fails: supp-supp sizes 15840,1036800
=== socle L2_27^2:  |S|^k = 96589584,  |W/N| = 72
    candidates (subgroups N <= G <= W up to conjugacy): 37
    |G| = 96589584  |G:N| = 1  maxclasses = 14 (suppl:
14)  fails: supp-supp sizes 3449628,255528
    |G| = 193179168  |G:N| = 2  maxclasses = 9 (suppl:
8)  fails: supp-supp sizes 6899256,511056
    |G| = 193179168  |G:N| = 2  maxclasses = 7 (suppl:
6)  fails: supp-supp sizes 19656,19656
    |G| = 193179168  |G:N| = 2  maxclasses = 15 (suppl:
14)  fails: supp-supp sizes 6899256,511056
    |G| = 289768752  |G:N| = 3  maxclasses = 9 (suppl:
8)  fails: supp-supp sizes 10348884,766584
    |G| = 289768752  |G:N| = 3  maxclasses = 15 (suppl:
14)  fails: supp-supp sizes 10348884,766584
    |G| = 289768752  |G:N| = 3  maxclasses = 9 (suppl:
8)  fails: supp-supp sizes 10348884,766584
    |G| = 386358336  |G:N| = 4  maxclasses = 5 (suppl:
4)  fails: supp-supp sizes 492804,2704
    |G| = 386358336  |G:N| = 4  maxclasses = 9 (suppl:
6)  fails: supp-supp sizes 39312,39312
    |G| = 386358336  |G:N| = 4  maxclasses = 11 (suppl:
8)  fails: supp-supp sizes 13798512,1022112
    |G| = 579537504  |G:N| = 6  maxclasses = 10 (suppl:
8)  fails: supp-supp sizes 20697768,1533168
    |G| = 579537504  |G:N| = 6  maxclasses = 6 (suppl:
4)  fails: supp-supp sizes 739206,4056
    |G| = 579537504  |G:N| = 6  maxclasses = 10 (suppl:
8)  fails: supp-supp sizes 20697768,1533168
    |G| = 579537504  |G:N| = 6  maxclasses = 10 (suppl:
8)  fails: supp-supp sizes 20697768,1533168
    |G| = 579537504  |G:N| = 6  maxclasses = 16 (suppl:
14)  fails: supp-supp sizes 20697768,1533168
    |G| = 579537504  |G:N| = 6  maxclasses = 10 (suppl:
8)  fails: supp-supp sizes 20697768,1533168
    |G| = 579537504  |G:N| = 6  maxclasses = 8 (suppl:
6)  fails: supp-supp sizes 58968,58968
    |G| = 579537504  |G:N| = 6  maxclasses = 10 (suppl:
8)  fails: supp-supp sizes 20697768,1533168
    |G| = 579537504  |G:N| = 6  maxclasses = 10 (suppl:
8)  fails: supp-supp sizes 20697768,1533168
    |G| = 772716672  |G:N| = 8  maxclasses = 7 (suppl:
4)  fails: supp-supp sizes 985608,5408
    |G| = 869306256  |G:N| = 9  maxclasses = 12 (suppl:
8)  fails: supp-supp sizes 31046652,2299752
    |G| = 1159075008  |G:N| = 12  maxclasses = 12 (suppl:
8)  fails: supp-supp sizes 41395536,3066336
    |G| = 1159075008  |G:N| = 12  maxclasses = 12 (suppl:
8)  fails: supp-supp sizes 41395536,3066336
    |G| = 1159075008  |G:N| = 12  maxclasses = 12 (suppl:
8)  fails: supp-supp sizes 41395536,3066336
    |G| = 1159075008  |G:N| = 12  maxclasses = 10 (suppl:
6)  fails: supp-supp sizes 117936,117936
    |G| = 1159075008  |G:N| = 12  maxclasses = 8 (suppl:
4)  fails: supp-supp sizes 1478412,8112
    |G| = 1159075008  |G:N| = 12  maxclasses = 6 (suppl:
4)  fails: supp-supp sizes 1478412,8112
    |G| = 1159075008  |G:N| = 12  maxclasses = 6 (suppl:
4)  fails: supp-supp sizes 1478412,8112
    |G| = 1738612512  |G:N| = 18  maxclasses = 7 (suppl:
4)  fails: supp-supp sizes 2217618,12168
    |G| = 1738612512  |G:N| = 18  maxclasses = 13 (suppl:
8)  fails: supp-supp sizes 62093304,4599504
    |G| = 1738612512  |G:N| = 18  maxclasses = 13 (suppl:
8)  fails: supp-supp sizes 62093304,4599504
    |G| = 2318150016  |G:N| = 24  maxclasses = 8 (suppl:
4)  fails: supp-supp sizes 2956824,16224
    |G| = 2318150016  |G:N| = 24  maxclasses = 8 (suppl:
4)  fails: supp-supp sizes 2956824,16224
    |G| = 3477225024  |G:N| = 36  maxclasses = 15 (suppl:
8)  fails: supp-supp sizes 124186608,9199008
    |G| = 3477225024  |G:N| = 36  maxclasses = 9 (suppl:
4)  fails: supp-supp sizes 4435236,24336
    |G| = 3477225024  |G:N| = 36  maxclasses = 7 (suppl:
4)  fails: supp-supp sizes 4435236,24336
    |G| = 6954450048  |G:N| = 72  maxclasses = 9 (suppl:
4)  fails: supp-supp sizes 8870472,48672
=== socle L2_29^2:  |S|^k = 148352400,  |W/N| = 8
    candidates (subgroups N <= G <= W up to conjugacy): 8
    |G| = 148352400  |G:N| = 1  maxclasses = 12 (suppl:
12)  fails: supp-supp sizes 4945080,365400
    |G| = 296704800  |G:N| = 2  maxclasses = 10 (suppl:
9)  fails: supp-supp sizes 9890160,730800
    |G| = 296704800  |G:N| = 2  maxclasses = 11 (suppl:
10)  fails: supp-supp sizes 9890160,682080
    |G| = 296704800  |G:N| = 2  maxclasses = 8 (suppl:
7)  fails: supp-supp sizes 24360,24360
    |G| = 593409600  |G:N| = 4  maxclasses = 11 (suppl:
8)  fails: supp-supp sizes 19780320,1364160
    |G| = 593409600  |G:N| = 4  maxclasses = 9 (suppl:
6)  fails: supp-supp sizes 48720,48720
    |G| = 593409600  |G:N| = 4  maxclasses = 5 (suppl:
4)  fails: supp-supp sizes 659344,3136
    |G| = 1186819200  |G:N| = 8  maxclasses = 7 (suppl:
4)  fails: supp-supp sizes 1318688,6272
=== socle L2_31^2:  |S|^k = 221414400,  |W/N| = 8
    candidates (subgroups N <= G <= W up to conjugacy): 8
    |G| = 221414400  |G:N| = 1  maxclasses = 16 (suppl:
16)  fails: supp-supp sizes 6919200,892800
    |G| = 442828800  |G:N| = 2  maxclasses = 11 (suppl:
10)  fails: supp-supp sizes 13838400,1785600
    |G| = 442828800  |G:N| = 2  maxclasses = 9 (suppl:
8)  fails: supp-supp sizes 13838400,892800
    |G| = 442828800  |G:N| = 2  maxclasses = 10 (suppl:
9)  fails: supp-supp sizes 29760,29760
    |G| = 885657600  |G:N| = 4  maxclasses = 9 (suppl:
6)  fails: supp-supp sizes 27676800,1785600
    |G| = 885657600  |G:N| = 4  maxclasses = 8 (suppl:
5)  fails: supp-supp sizes 59520,59520
    |G| = 885657600  |G:N| = 4  maxclasses = 4 (suppl:
3)  fails: supp-supp sizes 864900,3600
    |G| = 1771315200  |G:N| = 8  maxclasses = 6 (suppl:
3)  fails: supp-supp sizes 1729800,7200
=== socle A8^2:  |S|^k = 406425600,  |W/N| = 8
    candidates (subgroups N <= G <= W up to conjugacy): 8
    |G| = 406425600  |G:N| = 1  maxclasses = 14 (suppl:
14)  fails: supp-supp sizes 7257600,14515200
    |G| = 812851200  |G:N| = 2  maxclasses = 13 (suppl:
12)  fails: supp-supp sizes 14515200,29030400
    |G| = 812851200  |G:N| = 2  maxclasses = 15 (suppl:
14)  fails: supp-supp sizes 14515200,29030400
    |G| = 812851200  |G:N| = 2  maxclasses = 9 (suppl:
8)  fails: supp-supp sizes 40320,40320
    |G| = 1625702400  |G:N| = 4  maxclasses = 15 (suppl:
12)  fails: supp-supp sizes 29030400,58060800
    |G| = 1625702400  |G:N| = 4  maxclasses = 11 (suppl:
8)  fails: supp-supp sizes 80640,80640
    |G| = 1625702400  |G:N| = 4  maxclasses = 7 (suppl:
6)  fails: supp-supp sizes 518400,2073600
    |G| = 3251404800  |G:N| = 8  maxclasses = 9 (suppl:
6)  fails: supp-supp sizes 1036800,4147200
=== socle L3_4^2:  |S|^k = 406425600,  |W/N| = 288
    candidates (subgroups N <= G <= W up to conjugacy): 224
    |G| = 406425600  |G:N| = 1  maxclasses = 30 (suppl:
30)  fails: supp-supp sizes 19353600,19353600
    |G| = 812851200  |G:N| = 2  maxclasses = 18 (suppl:
17)  fails: supp-supp sizes 40320,40320
    |G| = 812851200  |G:N| = 2  maxclasses = 31 (suppl:
30)  fails: supp-supp sizes 14515200,14515200
    |G| = 812851200  |G:N| = 2  maxclasses = 15 (suppl:
14)  fails: supp-supp sizes 14515200,7741440
    |G| = 812851200  |G:N| = 2  maxclasses = 15 (suppl:
14)  fails: supp-supp sizes 14515200,7741440
    |G| = 812851200  |G:N| = 2  maxclasses = 15 (suppl:
14)  fails: supp-supp sizes 38707200,38707200
    |G| = 812851200  |G:N| = 2  maxclasses = 15 (suppl:
14)  fails: supp-supp sizes 38707200,38707200
    |G| = 812851200  |G:N| = 2  maxclasses = 11 (suppl:
10)  fails: supp-supp sizes 38707200,38707200
    |G| = 812851200  |G:N| = 2  maxclasses = 19 (suppl:
18)  fails: supp-supp sizes 38707200,38707200
    |G| = 812851200  |G:N| = 2  maxclasses = 15 (suppl:
14)  fails: supp-supp sizes 38707200,38707200
    |G| = 812851200  |G:N| = 2  maxclasses = 15 (suppl:
14)  fails: supp-supp sizes 38707200,38707200
    |G| = 1219276800  |G:N| = 3  maxclasses = 14 (suppl:
13)  fails: supp-supp sizes 58060800,58060800
    |G| = 1219276800  |G:N| = 3  maxclasses = 15 (suppl:
14)  fails: supp-supp sizes 58060800,58060800
    |G| = 1625702400  |G:N| = 4  maxclasses = 17 (suppl:
14)  fails: supp-supp sizes 29030400,15482880
    |G| = 1625702400  |G:N| = 4  maxclasses = 13 (suppl:
10)  fails: supp-supp sizes 77414400,77414400
    |G| = 1625702400  |G:N| = 4  maxclasses = 13 (suppl:
10)  fails: supp-supp sizes 29030400,15482880
    |G| = 1625702400  |G:N| = 4  maxclasses = 17 (suppl:
14)  fails: supp-supp sizes 77414400,77414400
    |G| = 1625702400  |G:N| = 4  maxclasses = 13 (suppl:
10)  fails: supp-supp sizes 29030400,15482880
    |G| = 1625702400  |G:N| = 4  maxclasses = 12 (suppl:
9)  fails: supp-supp sizes 80640,80640
    |G| = 1625702400  |G:N| = 4  maxclasses = 13 (suppl:
10)  fails: supp-supp sizes 29030400,15482880
    |G| = 1625702400  |G:N| = 4  maxclasses = 21 (suppl:
18)  fails: supp-supp sizes 29030400,29030400
    |G| = 1625702400  |G:N| = 4  maxclasses = 13 (suppl:
10)  fails: supp-supp sizes 29030400,15482880
    |G| = 1625702400  |G:N| = 4  maxclasses = 13 (suppl:
10)  fails: supp-supp sizes 77414400,77414400
    |G| = 1625702400  |G:N| = 4  maxclasses = 10 (suppl:
9)  fails: supp-supp sizes 518400,518400
    |G| = 1625702400  |G:N| = 4  maxclasses = 17 (suppl:
14)  fails: supp-supp sizes 29030400,15482880
    |G| = 1625702400  |G:N| = 4  maxclasses = 6 (suppl:
5)  fails: supp-supp sizes 3686400,3686400
    |G| = 1625702400  |G:N| = 4  maxclasses = 12 (suppl:
9)  fails: supp-supp sizes 80640,80640
    |G| = 1625702400  |G:N| = 4  maxclasses = 13 (suppl:
10)  fails: supp-supp sizes 77414400,77414400
    |G| = 1625702400  |G:N| = 4  maxclasses = 17 (suppl:
14)  fails: supp-supp sizes 29030400,15482880
    |G| = 1625702400  |G:N| = 4  maxclasses = 13 (suppl:
10)  fails: supp-supp sizes 77414400,77414400
    |G| = 1625702400  |G:N| = 4  maxclasses = 17 (suppl:
14)  fails: supp-supp sizes 29030400,15482880
    |G| = 1625702400  |G:N| = 4  maxclasses = 6 (suppl:
5)  fails: supp-supp sizes 518400,147456
    |G| = 1625702400  |G:N| = 4  maxclasses = 13 (suppl:
10)  fails: supp-supp sizes 29030400,15482880
    |G| = 1625702400  |G:N| = 4  maxclasses = 17 (suppl:
14)  fails: supp-supp sizes 77414400,77414400
    |G| = 1625702400  |G:N| = 4  maxclasses = 13 (suppl:
10)  fails: supp-supp sizes 77414400,77414400
    |G| = 1625702400  |G:N| = 4  maxclasses = 13 (suppl:
10)  fails: supp-supp sizes 29030400,15482880
    |G| = 1625702400  |G:N| = 4  maxclasses = 17 (suppl:
14)  fails: supp-supp sizes 29030400,15482880
    |G| = 1625702400  |G:N| = 4  maxclasses = 13 (suppl:
10)  fails: supp-supp sizes 29030400,15482880
    |G| = 1625702400  |G:N| = 4  maxclasses = 13 (suppl:
10)  fails: supp-supp sizes 29030400,15482880
    |G| = 1625702400  |G:N| = 4  maxclasses = 20 (suppl:
17)  fails: supp-supp sizes 80640,80640
    |G| = 2438553600  |G:N| = 6  maxclasses = 15 (suppl:
13)  fails: supp-supp sizes 43545600,43545600
    |G| = 2438553600  |G:N| = 6  maxclasses = 16 (suppl:
14)  fails: supp-supp sizes 23224320,8709120
    |G| = 2438553600  |G:N| = 6  maxclasses = 15 (suppl:
13)  fails: supp-supp sizes 23224320,8709120
    |G| = 2438553600  |G:N| = 6  maxclasses = 12 (suppl:
10)  fails: supp-supp sizes 120960,120960
    |G| = 2438553600  |G:N| = 6  maxclasses = 8 (suppl:
6)  fails: supp-supp sizes 120960,120960
    |G| = 2438553600  |G:N| = 6  maxclasses = 12 (suppl:
10)  fails: supp-supp sizes 116121600,116121600
    |G| = 2438553600  |G:N| = 6  maxclasses = 12 (suppl:
10)  fails: supp-supp sizes 23224320,8709120
    |G| = 2438553600  |G:N| = 6  maxclasses = 11 (suppl:
9)  fails: supp-supp sizes 43545600,23224320
    |G| = 2438553600  |G:N| = 6  maxclasses = 15 (suppl:
13)  fails: supp-supp sizes 116121600,116121600
    |G| = 2438553600  |G:N| = 6  maxclasses = 11 (suppl:
9)  fails: supp-supp sizes 116121600,116121600
    |G| = 2438553600  |G:N| = 6  maxclasses = 15 (suppl:
13)  fails: supp-supp sizes 116121600,116121600
    |G| = 2438553600  |G:N| = 6  maxclasses = 10 (suppl:
8)  fails: supp-supp sizes 116121600,116121600
    |G| = 2438553600  |G:N| = 6  maxclasses = 11 (suppl:
9)  fails: supp-supp sizes 116121600,116121600
    |G| = 2438553600  |G:N| = 6  maxclasses = 11 (suppl:
9)  fails: supp-supp sizes 116121600,116121600
    |G| = 2438553600  |G:N| = 6  maxclasses = 11 (suppl:
9)  fails: supp-supp sizes 116121600,116121600
    |G| = 2438553600  |G:N| = 6  maxclasses = 10 (suppl:
8)  fails: supp-supp sizes 116121600,116121600
    |G| = 2438553600  |G:N| = 6  maxclasses = 15 (suppl:
13)  fails: supp-supp sizes 116121600,116121600
    |G| = 2438553600  |G:N| = 6  maxclasses = 15 (suppl:
13)  fails: supp-supp sizes 116121600,116121600
    |G| = 2438553600  |G:N| = 6  maxclasses = 11 (suppl:
9)  fails: supp-supp sizes 116121600,116121600
    |G| = 2438553600  |G:N| = 6  maxclasses = 15 (suppl:
13)  fails: supp-supp sizes 116121600,116121600
    |G| = 2438553600  |G:N| = 6  maxclasses = 11 (suppl:
9)  fails: supp-supp sizes 116121600,116121600
    |G| = 2438553600  |G:N| = 6  maxclasses = 11 (suppl:
9)  fails: supp-supp sizes 43545600,23224320
    |G| = 3251404800  |G:N| = 8  maxclasses = 17 (suppl:
10)  fails: supp-supp sizes 58060800,30965760
    |G| = 3251404800  |G:N| = 8  maxclasses = 17 (suppl:
10)  fails: supp-supp sizes 58060800,30965760
    |G| = 3251404800  |G:N| = 8  maxclasses = 17 (suppl:
10)  fails: supp-supp sizes 58060800,30965760
    |G| = 3251404800  |G:N| = 8  maxclasses = 17 (suppl:
10)  fails: supp-supp sizes 58060800,30965760
    |G| = 3251404800  |G:N| = 8  maxclasses = 17 (suppl:
10)  fails: supp-supp sizes 58060800,30965760
    |G| = 3251404800  |G:N| = 8  maxclasses = 17 (suppl:
10)  fails: supp-supp sizes 58060800,30965760
    |G| = 3251404800  |G:N| = 8  maxclasses = 17 (suppl:
10)  fails: supp-supp sizes 154828800,154828800
    |G| = 3251404800  |G:N| = 8  maxclasses = 8 (suppl:
5)  fails: supp-supp sizes 7372800,7372800
    |G| = 3251404800  |G:N| = 8  maxclasses = 8 (suppl:
5)  fails: supp-supp sizes 1036800,294912
    |G| = 3251404800  |G:N| = 8  maxclasses = 17 (suppl:
10)  fails: supp-supp sizes 58060800,30965760
    |G| = 3251404800  |G:N| = 8  maxclasses = 8 (suppl:
5)  fails: supp-supp sizes 1036800,294912
    |G| = 3251404800  |G:N| = 8  maxclasses = 8 (suppl:
5)  fails: supp-supp sizes 1036800,294912
    |G| = 3251404800  |G:N| = 8  maxclasses = 12 (suppl:
9)  fails: supp-supp sizes 1036800,1036800
    |G| = 3251404800  |G:N| = 8  maxclasses = 8 (suppl:
5)  fails: supp-supp sizes 1036800,294912
    |G| = 3251404800  |G:N| = 8  maxclasses = 16 (suppl:
9)  fails: supp-supp sizes 161280,161280
    |G| = 3251404800  |G:N| = 8  maxclasses = 8 (suppl:
5)  fails: supp-supp sizes 1036800,294912
    |G| = 3251404800  |G:N| = 8  maxclasses = 8 (suppl:
5)  fails: supp-supp sizes 1036800,294912
    |G| = 3251404800  |G:N| = 8  maxclasses = 8 (suppl:
5)  fails: supp-supp sizes 1036800,294912
    |G| = 3251404800  |G:N| = 8  maxclasses = 21 (suppl:
14)  fails: supp-supp sizes 58060800,30965760
    |G| = 3657830400  |G:N| = 9  maxclasses = 12 (suppl:
8)  fails: supp-supp sizes 174182400,174182400
    |G| = 4877107200  |G:N| = 12  maxclasses = 13 (suppl:
9)  fails: supp-supp sizes 87091200,46448640
    |G| = 4877107200  |G:N| = 12  maxclasses = 13 (suppl:
9)  fails: supp-supp sizes 87091200,46448640
    |G| = 4877107200  |G:N| = 12  maxclasses = 13 (suppl:
9)  fails: supp-supp sizes 87091200,46448640
    |G| = 4877107200  |G:N| = 12  maxclasses = 17 (suppl:
13)  fails: supp-supp sizes 46448640,17418240
    |G| = 4877107200  |G:N| = 12  maxclasses = 10 (suppl:
6)  fails: supp-supp sizes 241920,241920
    |G| = 4877107200  |G:N| = 12  maxclasses = 17 (suppl:
13)  fails: supp-supp sizes 46448640,17418240
    |G| = 4877107200  |G:N| = 12  maxclasses = 13 (suppl:
9)  fails: supp-supp sizes 87091200,46448640
    |G| = 4877107200  |G:N| = 12  maxclasses = 13 (suppl:
9)  fails: supp-supp sizes 46448640,17418240
    |G| = 4877107200  |G:N| = 12  maxclasses = 12 (suppl:
8)  fails: supp-supp sizes 46448640,17418240
    |G| = 4877107200  |G:N| = 12  maxclasses = 10 (suppl:
6)  fails: supp-supp sizes 241920,241920
    |G| = 4877107200  |G:N| = 12  maxclasses = 13 (suppl:
9)  fails: supp-supp sizes 87091200,46448640
    |G| = 4877107200  |G:N| = 12  maxclasses = 13 (suppl:
9)  fails: supp-supp sizes 46448640,17418240
    |G| = 4877107200  |G:N| = 12  maxclasses = 12 (suppl:
8)  fails: supp-supp sizes 46448640,17418240
    |G| = 4877107200  |G:N| = 12  maxclasses = 13 (suppl:
9)  fails: supp-supp sizes 87091200,46448640
    |G| = 4877107200  |G:N| = 12  maxclasses = 13 (suppl:
9)  fails: supp-supp sizes 232243200,232243200
    |G| = 4877107200  |G:N| = 12  maxclasses = 13 (suppl:
9)  fails: supp-supp sizes 87091200,46448640
    |G| = 4877107200  |G:N| = 12  maxclasses = 13 (suppl:
9)  fails: supp-supp sizes 46448640,17418240
    |G| = 4877107200  |G:N| = 12  maxclasses = 13 (suppl:
9)  fails: supp-supp sizes 232243200,232243200
    |G| = 4877107200  |G:N| = 12  maxclasses = 12 (suppl:
8)  fails: supp-supp sizes 232243200,232243200
    |G| = 4877107200  |G:N| = 12  maxclasses = 17 (suppl:
13)  fails: supp-supp sizes 87091200,87091200
    |G| = 4877107200  |G:N| = 12  maxclasses = 12 (suppl:
8)  fails: supp-supp sizes 46448640,17418240
    |G| = 4877107200  |G:N| = 12  maxclasses = 13 (suppl:
9)  fails: supp-supp sizes 232243200,232243200
    |G| = 4877107200  |G:N| = 12  maxclasses = 10 (suppl:
6)  fails: supp-supp sizes 241920,241920
    |G| = 4877107200  |G:N| = 12  maxclasses = 13 (suppl:
9)  fails: supp-supp sizes 87091200,46448640
    |G| = 4877107200  |G:N| = 12  maxclasses = 17 (suppl:
13)  fails: supp-supp sizes 46448640,17418240
    |G| = 4877107200  |G:N| = 12  maxclasses = 17 (suppl:
13)  fails: supp-supp sizes 232243200,232243200
    |G| = 4877107200  |G:N| = 12  maxclasses = 13 (suppl:
9)  fails: supp-supp sizes 232243200,232243200
    |G| = 4877107200  |G:N| = 12  maxclasses = 13 (suppl:
9)  fails: supp-supp sizes 87091200,46448640
    |G| = 4877107200  |G:N| = 12  maxclasses = 14 (suppl:
10)  fails: supp-supp sizes 241920,241920
    |G| = 4877107200  |G:N| = 12  maxclasses = 13 (suppl:
9)  fails: supp-supp sizes 232243200,232243200
    |G| = 4877107200  |G:N| = 12  maxclasses = 17 (suppl:
13)  fails: supp-supp sizes 232243200,232243200
    |G| = 4877107200  |G:N| = 12  maxclasses = 13 (suppl:
9)  fails: supp-supp sizes 87091200,46448640
    |G| = 4877107200  |G:N| = 12  maxclasses = 13 (suppl:
9)  fails: supp-supp sizes 232243200,232243200
    |G| = 4877107200  |G:N| = 12  maxclasses = 13 (suppl:
9)  fails: supp-supp sizes 232243200,232243200
    |G| = 4877107200  |G:N| = 12  maxclasses = 14 (suppl:
10)  fails: supp-supp sizes 46448640,17418240
    |G| = 4877107200  |G:N| = 12  maxclasses = 13 (suppl:
9)  fails: supp-supp sizes 232243200,232243200
    |G| = 4877107200  |G:N| = 12  maxclasses = 6 (suppl:
4)  fails: supp-supp sizes 442368,62208
    |G| = 4877107200  |G:N| = 12  maxclasses = 13 (suppl:
9)  fails: supp-supp sizes 87091200,46448640
    |G| = 4877107200  |G:N| = 12  maxclasses = 17 (suppl:
13)  fails: supp-supp sizes 46448640,17418240
    |G| = 4877107200  |G:N| = 12  maxclasses = 13 (suppl:
9)  fails: supp-supp sizes 232243200,232243200
    |G| = 4877107200  |G:N| = 12  maxclasses = 13 (suppl:
9)  fails: supp-supp sizes 87091200,46448640
    |G| = 4877107200  |G:N| = 12  maxclasses = 6 (suppl:
4)  fails: supp-supp sizes 442368,62208
    |G| = 4877107200  |G:N| = 12  maxclasses = 13 (suppl:
9)  fails: supp-supp sizes 46448640,17418240
    |G| = 4877107200  |G:N| = 12  maxclasses = 13 (suppl:
9)  fails: supp-supp sizes 232243200,232243200
    |G| = 4877107200  |G:N| = 12  maxclasses = 13 (suppl:
9)  fails: supp-supp sizes 87091200,46448640
    |G| = 4877107200  |G:N| = 12  maxclasses = 13 (suppl:
9)  fails: supp-supp sizes 232243200,232243200
    |G| = 6502809600  |G:N| = 16  maxclasses = 8 (suppl:
5)  fails: supp-supp sizes 2073600,589824
    |G| = 6502809600  |G:N| = 16  maxclasses = 12 (suppl:
5)  fails: supp-supp sizes 2073600,589824
    |G| = 6502809600  |G:N| = 16  maxclasses = 8 (suppl:
5)  fails: supp-supp sizes 2073600,589824
    |G| = 6502809600  |G:N| = 16  maxclasses = 12 (suppl:
5)  fails: supp-supp sizes 2073600,589824
    |G| = 6502809600  |G:N| = 16  maxclasses = 25 (suppl:
10)  fails: supp-supp sizes 116121600,61931520
    |G| = 6502809600  |G:N| = 16  maxclasses = 8 (suppl:
5)  fails: supp-supp sizes 2073600,589824
    |G| = 6502809600  |G:N| = 16  maxclasses = 12 (suppl:
5)  fails: supp-supp sizes 2073600,589824
    |G| = 7315660800  |G:N| = 18  maxclasses = 11 (suppl:
8)  fails: supp-supp sizes 69672960,26127360
    |G| = 7315660800  |G:N| = 18  maxclasses = 13 (suppl:
8)  fails: supp-supp sizes 69672960,26127360
    |G| = 7315660800  |G:N| = 18  maxclasses = 11 (suppl:
8)  fails: supp-supp sizes 348364800,348364800
    |G| = 7315660800  |G:N| = 18  maxclasses = 13 (suppl:
8)  fails: supp-supp sizes 348364800,348364800
    |G| = 7315660800  |G:N| = 18  maxclasses = 7 (suppl:
4)  fails: supp-supp sizes 16588800,16588800
    |G| = 7315660800  |G:N| = 18  maxclasses = 13 (suppl:
8)  fails: supp-supp sizes 348364800,348364800
    |G| = 7315660800  |G:N| = 18  maxclasses = 11 (suppl:
8)  fails: supp-supp sizes 348364800,348364800
    |G| = 7315660800  |G:N| = 18  maxclasses = 13 (suppl:
8)  fails: supp-supp sizes 348364800,348364800
    |G| = 7315660800  |G:N| = 18  maxclasses = 11 (suppl:
8)  fails: supp-supp sizes 348364800,348364800
    |G| = 7315660800  |G:N| = 18  maxclasses = 13 (suppl:
8)  fails: supp-supp sizes 69672960,26127360
    |G| = 9754214400  |G:N| = 24  maxclasses = 17 (suppl:
9)  fails: supp-supp sizes 92897280,34836480
    |G| = 9754214400  |G:N| = 24  maxclasses = 17 (suppl:
9)  fails: supp-supp sizes 92897280,34836480
    |G| = 9754214400  |G:N| = 24  maxclasses = 17 (suppl:
9)  fails: supp-supp sizes 174182400,92897280
    |G| = 9754214400  |G:N| = 24  maxclasses = 17 (suppl:
9)  fails: supp-supp sizes 92897280,34836480
    |G| = 9754214400  |G:N| = 24  maxclasses = 8 (suppl:
4)  fails: supp-supp sizes 884736,124416
    |G| = 9754214400  |G:N| = 24  maxclasses = 17 (suppl:
9)  fails: supp-supp sizes 174182400,92897280
    |G| = 9754214400  |G:N| = 24  maxclasses = 16 (suppl:
8)  fails: supp-supp sizes 92897280,34836480
    |G| = 9754214400  |G:N| = 24  maxclasses = 8 (suppl:
4)  fails: supp-supp sizes 884736,124416
    |G| = 9754214400  |G:N| = 24  maxclasses = 17 (suppl:
9)  fails: supp-supp sizes 174182400,92897280
    |G| = 9754214400  |G:N| = 24  maxclasses = 17 (suppl:
9)  fails: supp-supp sizes 174182400,92897280
    |G| = 9754214400  |G:N| = 24  maxclasses = 17 (suppl:
9)  fails: supp-supp sizes 174182400,92897280
    |G| = 9754214400  |G:N| = 24  maxclasses = 17 (suppl:
9)  fails: supp-supp sizes 92897280,34836480
    |G| = 9754214400  |G:N| = 24  maxclasses = 17 (suppl:
9)  fails: supp-supp sizes 174182400,92897280
    |G| = 9754214400  |G:N| = 24  maxclasses = 17 (suppl:
9)  fails: supp-supp sizes 464486400,464486400
    |G| = 9754214400  |G:N| = 24  maxclasses = 21 (suppl:
13)  fails: supp-supp sizes 92897280,34836480
    |G| = 9754214400  |G:N| = 24  maxclasses = 17 (suppl:
9)  fails: supp-supp sizes 174182400,92897280
    |G| = 9754214400  |G:N| = 24  maxclasses = 14 (suppl:
6)  fails: supp-supp sizes 483840,483840
    |G| = 9754214400  |G:N| = 24  maxclasses = 8 (suppl:
4)  fails: supp-supp sizes 884736,124416
    |G| = 9754214400  |G:N| = 24  maxclasses = 17 (suppl:
9)  fails: supp-supp sizes 174182400,92897280
    |G| = 9754214400  |G:N| = 24  maxclasses = 8 (suppl:
4)  fails: supp-supp sizes 884736,124416
    |G| = 9754214400  |G:N| = 24  maxclasses = 17 (suppl:
9)  fails: supp-supp sizes 464486400,464486400
    |G| = 9754214400  |G:N| = 24  maxclasses = 8 (suppl:
4)  fails: supp-supp sizes 884736,124416
    |G| = 13005619200  |G:N| = 32  maxclasses = 12 (suppl:
5)  fails: supp-supp sizes 4147200,1179648
    |G| = 14631321600  |G:N| = 36  maxclasses = 9 (suppl:
4)  fails: supp-supp sizes 33177600,33177600
    |G| = 14631321600  |G:N| = 36  maxclasses = 13 (suppl:
8)  fails: supp-supp sizes 139345920,52254720
    |G| = 14631321600  |G:N| = 36  maxclasses = 15 (suppl:
8)  fails: supp-supp sizes 139345920,52254720
    |G| = 14631321600  |G:N| = 36  maxclasses = 6 (suppl:
4)  fails: supp-supp sizes 33177600,33177600
    |G| = 14631321600  |G:N| = 36  maxclasses = 13 (suppl:
8)  fails: supp-supp sizes 139345920,52254720
    |G| = 14631321600  |G:N| = 36  maxclasses = 9 (suppl:
4)  fails: supp-supp sizes 1327104,186624
    |G| = 14631321600  |G:N| = 36  maxclasses = 13 (suppl:
8)  fails: supp-supp sizes 139345920,52254720
    |G| = 14631321600  |G:N| = 36  maxclasses = 13 (suppl:
8)  fails: supp-supp sizes 139345920,52254720
    |G| = 14631321600  |G:N| = 36  maxclasses = 6 (suppl:
4)  fails: supp-supp sizes 1327104,186624
    |G| = 14631321600  |G:N| = 36  maxclasses = 13 (suppl:
8)  fails: supp-supp sizes 139345920,52254720
    |G| = 14631321600  |G:N| = 36  maxclasses = 9 (suppl:
4)  fails: supp-supp sizes 1327104,186624
    |G| = 14631321600  |G:N| = 36  maxclasses = 13 (suppl:
8)  fails: supp-supp sizes 696729600,696729600
    |G| = 14631321600  |G:N| = 36  maxclasses = 15 (suppl:
8)  fails: supp-supp sizes 139345920,52254720
    |G| = 14631321600  |G:N| = 36  maxclasses = 13 (suppl:
8)  fails: supp-supp sizes 139345920,52254720
    |G| = 14631321600  |G:N| = 36  maxclasses = 13 (suppl:
8)  fails: supp-supp sizes 696729600,696729600
    |G| = 14631321600  |G:N| = 36  maxclasses = 13 (suppl:
8)  fails: supp-supp sizes 696729600,696729600
    |G| = 14631321600  |G:N| = 36  maxclasses = 13 (suppl:
8)  fails: supp-supp sizes 696729600,696729600
    |G| = 14631321600  |G:N| = 36  maxclasses = 13 (suppl:
8)  fails: supp-supp sizes 139345920,52254720
    |G| = 14631321600  |G:N| = 36  maxclasses = 13 (suppl:
8)  fails: supp-supp sizes 696729600,696729600
    |G| = 14631321600  |G:N| = 36  maxclasses = 13 (suppl:
8)  fails: supp-supp sizes 139345920,52254720
    |G| = 14631321600  |G:N| = 36  maxclasses = 13 (suppl:
8)  fails: supp-supp sizes 139345920,52254720
    |G| = 14631321600  |G:N| = 36  maxclasses = 15 (suppl:
8)  fails: supp-supp sizes 139345920,52254720
    |G| = 14631321600  |G:N| = 36  maxclasses = 13 (suppl:
8)  fails: supp-supp sizes 139345920,52254720
    |G| = 14631321600  |G:N| = 36  maxclasses = 15 (suppl:
8)  fails: supp-supp sizes 696729600,696729600
    |G| = 14631321600  |G:N| = 36  maxclasses = 13 (suppl:
8)  fails: supp-supp sizes 696729600,696729600
    |G| = 14631321600  |G:N| = 36  maxclasses = 7 (suppl:
4)  fails: supp-supp sizes 1327104,186624
    |G| = 14631321600  |G:N| = 36  maxclasses = 15 (suppl:
8)  fails: supp-supp sizes 139345920,52254720
    |G| = 19508428800  |G:N| = 48  maxclasses = 25 (suppl:
9)  fails: supp-supp sizes 348364800,185794560
    |G| = 19508428800  |G:N| = 48  maxclasses = 12 (suppl:
4)  fails: supp-supp sizes 1769472,248832
    |G| = 29262643200  |G:N| = 72  maxclasses = 9 (suppl:
4)  fails: supp-supp sizes 2654208,373248
    |G| = 29262643200  |G:N| = 72  maxclasses = 9 (suppl:
4)  fails: supp-supp sizes 2654208,373248
    |G| = 29262643200  |G:N| = 72  maxclasses = 8 (suppl:
4)  fails: supp-supp sizes 2654208,373248
    |G| = 29262643200  |G:N| = 72  maxclasses = 8 (suppl:
4)  fails: supp-supp sizes 2654208,373248
    |G| = 29262643200  |G:N| = 72  maxclasses = 13 (suppl:
4)  fails: supp-supp sizes 2654208,373248
    |G| = 29262643200  |G:N| = 72  maxclasses = 8 (suppl:
4)  fails: supp-supp sizes 66355200,66355200
    |G| = 29262643200  |G:N| = 72  maxclasses = 17 (suppl:
8)  fails: supp-supp sizes 278691840,104509440
    |G| = 29262643200  |G:N| = 72  maxclasses = 8 (suppl:
4)  fails: supp-supp sizes 2654208,373248
    |G| = 29262643200  |G:N| = 72  maxclasses = 8 (suppl:
4)  fails: supp-supp sizes 2654208,373248
    |G| = 29262643200  |G:N| = 72  maxclasses = 17 (suppl:
8)  fails: supp-supp sizes 278691840,104509440
    |G| = 29262643200  |G:N| = 72  maxclasses = 9 (suppl:
4)  fails: supp-supp sizes 2654208,373248
    |G| = 29262643200  |G:N| = 72  maxclasses = 17 (suppl:
8)  fails: supp-supp sizes 278691840,104509440
    |G| = 29262643200  |G:N| = 72  maxclasses = 19 (suppl:
8)  fails: supp-supp sizes 278691840,104509440
    |G| = 29262643200  |G:N| = 72  maxclasses = 8 (suppl:
4)  fails: supp-supp sizes 2654208,373248
    |G| = 29262643200  |G:N| = 72  maxclasses = 17 (suppl:
8)  fails: supp-supp sizes 278691840,104509440
    |G| = 29262643200  |G:N| = 72  maxclasses = 17 (suppl:
8)  fails: supp-supp sizes 278691840,104509440
    |G| = 29262643200  |G:N| = 72  maxclasses = 17 (suppl:
8)  fails: supp-supp sizes 1393459200,1393459200
    |G| = 29262643200  |G:N| = 72  maxclasses = 17 (suppl:
8)  fails: supp-supp sizes 278691840,104509440
    |G| = 29262643200  |G:N| = 72  maxclasses = 17 (suppl:
8)  fails: supp-supp sizes 278691840,104509440
    |G| = 58525286400  |G:N| = 144  maxclasses = 13 (suppl:
4)  fails: supp-supp sizes 5308416,746496
    |G| = 58525286400  |G:N| = 144  maxclasses = 8 (suppl:
4)  fails: supp-supp sizes 5308416,746496
    |G| = 58525286400  |G:N| = 144  maxclasses = 12 (suppl:
4)  fails: supp-supp sizes 5308416,746496
    |G| = 58525286400  |G:N| = 144  maxclasses = 8 (suppl:
4)  fails: supp-supp sizes 5308416,746496
    |G| = 58525286400  |G:N| = 144  maxclasses = 25 (suppl:
8)  fails: supp-supp sizes 557383680,209018880
    |G| = 58525286400  |G:N| = 144  maxclasses = 12 (suppl:
4)  fails: supp-supp sizes 5308416,746496
    |G| = 58525286400  |G:N| = 144  maxclasses = 8 (suppl:
4)  fails: supp-supp sizes 5308416,746496
    |G| = 117050572800  |G:N| = 288  maxclasses = 12 (suppl:
4)  fails: supp-supp sizes 10616832,1492992
=== socle A5^3:  |S|^k = 216000,  |W/N| = 48
    candidates (subgroups N <= G <= W up to conjugacy): 33
    |G| = 216000  |G:N| = 1  maxclasses = 15 (suppl:
15)  fails: supp-supp sizes 21600,43200
    |G| = 432000  |G:N| = 2  maxclasses = 12 (suppl:
11)  fails: supp-supp sizes 43200,86400
    |G| = 432000  |G:N| = 2  maxclasses = 12 (suppl:
11)  fails: supp-supp sizes 43200,86400
    |G| = 432000  |G:N| = 2  maxclasses = 16 (suppl:
15)  fails: supp-supp sizes 43200,86400
    |G| = 432000  |G:N| = 2  maxclasses = 9 (suppl:
8)  fails: supp-supp sizes 7200,7200
    |G| = 432000  |G:N| = 2  maxclasses = 9 (suppl:
8)  fails: supp-supp sizes 7200,7200
    |G| = 648000  |G:N| = 3  maxclasses = 5 (suppl:
4)  fails: supp-supp sizes 180,648
    |G| = 864000  |G:N| = 4  maxclasses = 12 (suppl:
9)  fails: supp-supp sizes 86400,172800
    |G| = 864000  |G:N| = 4  maxclasses = 14 (suppl:
11)  fails: supp-supp sizes 86400,172800
    |G| = 864000  |G:N| = 4  maxclasses = 12 (suppl:
9)  fails: supp-supp sizes 86400,172800
    |G| = 864000  |G:N| = 4  maxclasses = 7 (suppl:
6)  fails: supp-supp sizes 8640,34560
    |G| = 864000  |G:N| = 4  maxclasses = 11 (suppl:
8)  fails: supp-supp sizes 14400,14400
    |G| = 864000  |G:N| = 4  maxclasses = 11 (suppl:
8)  fails: supp-supp sizes 14400,14400
    |G| = 864000  |G:N| = 4  maxclasses = 11 (suppl:
8)  fails: supp-supp sizes 14400,14400
    |G| = 864000  |G:N| = 4  maxclasses = 7 (suppl:
6)  fails: supp-supp sizes 8640,34560
    |G| = 864000  |G:N| = 4  maxclasses = 11 (suppl:
8)  fails: supp-supp sizes 14400,14400
    |G| = 1296000  |G:N| = 6  maxclasses = 6 (suppl:
4)  fails: supp-supp sizes 360,1296
    |G| = 1296000  |G:N| = 6  maxclasses = 6 (suppl:
4)  fails: supp-supp sizes 360,1296
    |G| = 1296000  |G:N| = 6  maxclasses = 6 (suppl:
4)  fails: supp-supp sizes 360,1296
    |G| = 1728000  |G:N| = 8  maxclasses = 9 (suppl:
6)  fails: supp-supp sizes 17280,69120
    |G| = 1728000  |G:N| = 8  maxclasses = 9 (suppl:
6)  fails: supp-supp sizes 17280,69120
    |G| = 1728000  |G:N| = 8  maxclasses = 9 (suppl:
6)  fails: supp-supp sizes 17280,69120
    |G| = 1728000  |G:N| = 8  maxclasses = 9 (suppl:
6)  fails: supp-supp sizes 17280,69120
    |G| = 1728000  |G:N| = 8  maxclasses = 15 (suppl:
8)  fails: supp-supp sizes 28800,28800
    |G| = 1728000  |G:N| = 8  maxclasses = 16 (suppl:
9)  fails: supp-supp sizes 172800,345600
    |G| = 1728000  |G:N| = 8  maxclasses = 9 (suppl:
6)  fails: supp-supp sizes 17280,69120
    |G| = 2592000  |G:N| = 12  maxclasses = 5 (suppl:
3)  fails: supp-supp sizes 2592,20736
    |G| = 2592000  |G:N| = 12  maxclasses = 8 (suppl:
4)  fails: supp-supp sizes 720,2592
    |G| = 3456000  |G:N| = 16  maxclasses = 13 (suppl:
6)  fails: supp-supp sizes 34560,138240
    |G| = 5184000  |G:N| = 24  maxclasses = 6 (suppl:
3)  fails: supp-supp sizes 5184,41472
    |G| = 5184000  |G:N| = 24  maxclasses = 6 (suppl:
3)  fails: supp-supp sizes 5184,41472
    |G| = 5184000  |G:N| = 24  maxclasses = 6 (suppl:
3)  fails: supp-supp sizes 5184,41472
    |G| = 10368000  |G:N| = 48  maxclasses = 8 (suppl:
3)  fails: supp-supp sizes 10368,82944
=== socle L2_7^3:  |S|^k = 4741632,  |W/N| = 48
    candidates (subgroups N <= G <= W up to conjugacy): 33
    |G| = 4741632  |G:N| = 1  maxclasses = 15 (suppl:
15)  fails: supp-supp sizes 677376,677376
    |G| = 9483264  |G:N| = 2  maxclasses = 12 (suppl:
11)  fails: supp-supp sizes 1354752,1354752
    |G| = 9483264  |G:N| = 2  maxclasses = 12 (suppl:
11)  fails: supp-supp sizes 1354752,1354752
    |G| = 9483264  |G:N| = 2  maxclasses = 16 (suppl:
15)  fails: supp-supp sizes 1185408,338688
    |G| = 9483264  |G:N| = 2  maxclasses = 9 (suppl:
8)  fails: supp-supp sizes 56448,56448
    |G| = 9483264  |G:N| = 2  maxclasses = 9 (suppl:
8)  fails: supp-supp sizes 56448,56448
    |G| = 14224896  |G:N| = 3  maxclasses = 5 (suppl:
4)  fails: supp-supp sizes 504,41472
    |G| = 18966528  |G:N| = 4  maxclasses = 12 (suppl:
9)  fails: supp-supp sizes 2709504,2709504
    |G| = 18966528  |G:N| = 4  maxclasses = 14 (suppl:
11)  fails: supp-supp sizes 2370816,677376
    |G| = 18966528  |G:N| = 4  maxclasses = 12 (suppl:
9)  fails: supp-supp sizes 2370816,677376
    |G| = 18966528  |G:N| = 4  maxclasses = 7 (suppl:
6)  fails: supp-supp sizes 296352,24192
    |G| = 18966528  |G:N| = 4  maxclasses = 11 (suppl:
8)  fails: supp-supp sizes 112896,112896
    |G| = 18966528  |G:N| = 4  maxclasses = 11 (suppl:
8)  fails: supp-supp sizes 112896,112896
    |G| = 18966528  |G:N| = 4  maxclasses = 11 (suppl:
8)  fails: supp-supp sizes 112896,112896
    |G| = 18966528  |G:N| = 4  maxclasses = 7 (suppl:
6)  fails: supp-supp sizes 296352,24192
    |G| = 18966528  |G:N| = 4  maxclasses = 11 (suppl:
8)  fails: supp-supp sizes 112896,112896
    |G| = 28449792  |G:N| = 6  maxclasses = 6 (suppl:
4)  fails: supp-supp sizes 1008,55566
    |G| = 28449792  |G:N| = 6  maxclasses = 6 (suppl:
4)  fails: supp-supp sizes 1008,82944
    |G| = 28449792  |G:N| = 6  maxclasses = 6 (suppl:
4)  fails: supp-supp sizes 1008,55566
    |G| = 37933056  |G:N| = 8  maxclasses = 9 (suppl:
6)  fails: supp-supp sizes 592704,48384
    |G| = 37933056  |G:N| = 8  maxclasses = 9 (suppl:
6)  fails: supp-supp sizes 592704,48384
    |G| = 37933056  |G:N| = 8  maxclasses = 9 (suppl:
6)  fails: supp-supp sizes 592704,48384
    |G| = 37933056  |G:N| = 8  maxclasses = 9 (suppl:
6)  fails: supp-supp sizes 592704,48384
    |G| = 37933056  |G:N| = 8  maxclasses = 15 (suppl:
8)  fails: supp-supp sizes 225792,225792
    |G| = 37933056  |G:N| = 8  maxclasses = 16 (suppl:
9)  fails: supp-supp sizes 4741632,1354752
    |G| = 37933056  |G:N| = 8  maxclasses = 9 (suppl:
6)  fails: supp-supp sizes 592704,48384
    |G| = 56899584  |G:N| = 12  maxclasses = 5 (suppl:
3)  fails: supp-supp sizes 111132,2592
    |G| = 56899584  |G:N| = 12  maxclasses = 8 (suppl:
4)  fails: supp-supp sizes 2016,111132
    |G| = 75866112  |G:N| = 16  maxclasses = 13 (suppl:
6)  fails: supp-supp sizes 1185408,96768
    |G| = 113799168  |G:N| = 24  maxclasses = 6 (suppl:
3)  fails: supp-supp sizes 222264,5184
    |G| = 113799168  |G:N| = 24  maxclasses = 6 (suppl:
3)  fails: supp-supp sizes 222264,5184
    |G| = 113799168  |G:N| = 24  maxclasses = 6 (suppl:
3)  fails: supp-supp sizes 222264,5184
    |G| = 227598336  |G:N| = 48  maxclasses = 8 (suppl:
3)  fails: supp-supp sizes 444528,10368
=== socle A6^3:  |S|^k = 46656000,  |W/N| = 384
    candidates (subgroups N <= G <= W up to conjugacy): 1427
    |G| = 46656000  |G:N| = 1  maxclasses = 27 (suppl:
27)  fails: supp-supp sizes 7776000,3110400
    |G| = 93312000  |G:N| = 2  maxclasses = 14 (suppl:
13)  fails: supp-supp sizes 15552000,6220800
    |G| = 93312000  |G:N| = 2  maxclasses = 20 (suppl:
19)  fails: supp-supp sizes 15552000,6220800
    |G| = 93312000  |G:N| = 2  maxclasses = 20 (suppl:
19)  fails: supp-supp sizes 15552000,6220800
    |G| = 93312000  |G:N| = 2  maxclasses = 28 (suppl:
27)  fails: supp-supp sizes 15552000,6220800
    |G| = 93312000  |G:N| = 2  maxclasses = 18 (suppl:
17)  fails: supp-supp sizes 15552000,6220800
    |G| = 93312000  |G:N| = 2  maxclasses = 18 (suppl:
17)  fails: supp-supp sizes 15552000,6220800
    |G| = 93312000  |G:N| = 2  maxclasses = 14 (suppl:
13)  fails: supp-supp sizes 15552000,6220800
    |G| = 93312000  |G:N| = 2  maxclasses = 18 (suppl:
17)  fails: supp-supp sizes 15552000,6220800
    |G| = 93312000  |G:N| = 2  maxclasses = 18 (suppl:
17)  fails: supp-supp sizes 15552000,6220800
    |G| = 93312000  |G:N| = 2  maxclasses = 16 (suppl:
15)  fails: supp-supp sizes 15552000,6220800
    |G| = 93312000  |G:N| = 2  maxclasses = 12 (suppl:
11)  fails: supp-supp sizes 15552000,6220800
    |G| = 93312000  |G:N| = 2  maxclasses = 16 (suppl:
15)  fails: supp-supp sizes 15552000,6220800
    |G| = 93312000  |G:N| = 2  maxclasses = 16 (suppl:
15)  fails: supp-supp sizes 15552000,6220800
    |G| = 93312000  |G:N| = 2  maxclasses = 12 (suppl:
11)  fails: supp-supp sizes 15552000,6220800
    |G| = 93312000  |G:N| = 2  maxclasses = 16 (suppl:
15)  fails: supp-supp sizes 15552000,6220800
    |G| = 93312000  |G:N| = 2  maxclasses = 22 (suppl:
21)  fails: supp-supp sizes 9331200,2073600
    |G| = 93312000  |G:N| = 2  maxclasses = 13 (suppl:
12)  fails: supp-supp sizes 259200,259200
    |G| = 93312000  |G:N| = 2  maxclasses = 14 (suppl:
13)  fails: supp-supp sizes 9331200,2073600
    |G| = 93312000  |G:N| = 2  maxclasses = 22 (suppl:
21)  fails: supp-supp sizes 9331200,2592000
    |G| = 93312000  |G:N| = 2  maxclasses = 15 (suppl:
14)  fails: supp-supp sizes 259200,259200
    |G| = 93312000  |G:N| = 2  maxclasses = 15 (suppl:
14)  fails: supp-supp sizes 259200,259200
    |G| = 93312000  |G:N| = 2  maxclasses = 13 (suppl:
12)  fails: supp-supp sizes 259200,259200
    |G| = 93312000  |G:N| = 2  maxclasses = 14 (suppl:
13)  fails: supp-supp sizes 9331200,2073600
    |G| = 139968000  |G:N| = 3  maxclasses = 7 (suppl:
6)  fails: supp-supp sizes 1080,648000
    |G| = 186624000  |G:N| = 4  maxclasses = 14 (suppl:
11)  fails: supp-supp sizes 31104000,12441600
    |G| = 186624000  |G:N| = 4  maxclasses = 20 (suppl:
17)  fails: supp-supp sizes 31104000,12441600
    |G| = 186624000  |G:N| = 4  maxclasses = 20 (suppl:
17)  fails: supp-supp sizes 31104000,12441600
    |G| = 186624000  |G:N| = 4  maxclasses = 16 (suppl:
13)  fails: supp-supp sizes 31104000,12441600
    |G| = 186624000  |G:N| = 4  maxclasses = 16 (suppl:
13)  fails: supp-supp sizes 31104000,12441600
    |G| = 186624000  |G:N| = 4  maxclasses = 20 (suppl:
17)  fails: supp-supp sizes 31104000,12441600
    |G| = 186624000  |G:N| = 4  maxclasses = 20 (suppl:
17)  fails: supp-supp sizes 31104000,12441600
    |G| = 186624000  |G:N| = 4  maxclasses = 16 (suppl:
13)  fails: supp-supp sizes 31104000,12441600
    |G| = 186624000  |G:N| = 4  maxclasses = 16 (suppl:
13)  fails: supp-supp sizes 31104000,12441600
    |G| = 186624000  |G:N| = 4  maxclasses = 16 (suppl:
13)  fails: supp-supp sizes 31104000,12441600
    |G| = 186624000  |G:N| = 4  maxclasses = 16 (suppl:
13)  fails: supp-supp sizes 31104000,12441600
    |G| = 186624000  |G:N| = 4  maxclasses = 16 (suppl:
13)  fails: supp-supp sizes 31104000,12441600
    |G| = 186624000  |G:N| = 4  maxclasses = 16 (suppl:
13)  fails: supp-supp sizes 31104000,12441600
    |G| = 186624000  |G:N| = 4  maxclasses = 16 (suppl:
13)  fails: supp-supp sizes 31104000,12441600
    |G| = 186624000  |G:N| = 4  maxclasses = 16 (suppl:
13)  fails: supp-supp sizes 31104000,12441600
    |G| = 186624000  |G:N| = 4  maxclasses = 20 (suppl:
17)  fails: supp-supp sizes 31104000,12441600
    |G| = 186624000  |G:N| = 4  maxclasses = 14 (suppl:
11)  fails: supp-supp sizes 31104000,12441600
    |G| = 186624000  |G:N| = 4  maxclasses = 14 (suppl:
11)  fails: supp-supp sizes 31104000,12441600
    |G| = 186624000  |G:N| = 4  maxclasses = 14 (suppl:
11)  fails: supp-supp sizes 31104000,12441600
    |G| = 186624000  |G:N| = 4  maxclasses = 14 (suppl:
11)  fails: supp-supp sizes 31104000,12441600
    |G| = 186624000  |G:N| = 4  maxclasses = 14 (suppl:
11)  fails: supp-supp sizes 31104000,12441600
    |G| = 186624000  |G:N| = 4  maxclasses = 14 (suppl:
11)  fails: supp-supp sizes 31104000,12441600
    |G| = 186624000  |G:N| = 4  maxclasses = 14 (suppl:
11)  fails: supp-supp sizes 31104000,12441600
    |G| = 186624000  |G:N| = 4  maxclasses = 14 (suppl:
11)  fails: supp-supp sizes 31104000,12441600
    |G| = 186624000  |G:N| = 4  maxclasses = 14 (suppl:
11)  fails: supp-supp sizes 31104000,12441600
    |G| = 186624000  |G:N| = 4  maxclasses = 14 (suppl:
11)  fails: supp-supp sizes 31104000,12441600
    |G| = 186624000  |G:N| = 4  maxclasses = 14 (suppl:
11)  fails: supp-supp sizes 31104000,12441600
    |G| = 186624000  |G:N| = 4  maxclasses = 14 (suppl:
11)  fails: supp-supp sizes 31104000,12441600
    |G| = 186624000  |G:N| = 4  maxclasses = 14 (suppl:
11)  fails: supp-supp sizes 31104000,12441600
    |G| = 186624000  |G:N| = 4  maxclasses = 14 (suppl:
11)  fails: supp-supp sizes 31104000,12441600
    |G| = 186624000  |G:N| = 4  maxclasses = 14 (suppl:
11)  fails: supp-supp sizes 31104000,12441600
    |G| = 186624000  |G:N| = 4  maxclasses = 14 (suppl:
11)  fails: supp-supp sizes 31104000,12441600
    |G| = 186624000  |G:N| = 4  maxclasses = 14 (suppl:
11)  fails: supp-supp sizes 31104000,12441600
    |G| = 186624000  |G:N| = 4  maxclasses = 14 (suppl:
11)  fails: supp-supp sizes 31104000,12441600
    |G| = 186624000  |G:N| = 4  maxclasses = 14 (suppl:
11)  fails: supp-supp sizes 31104000,12441600
    |G| = 186624000  |G:N| = 4  maxclasses = 14 (suppl:
11)  fails: supp-supp sizes 31104000,12441600
    |G| = 186624000  |G:N| = 4  maxclasses = 14 (suppl:
11)  fails: supp-supp sizes 31104000,12441600
    |G| = 186624000  |G:N| = 4  maxclasses = 14 (suppl:
11)  fails: supp-supp sizes 31104000,12441600
    |G| = 186624000  |G:N| = 4  maxclasses = 14 (suppl:
11)  fails: supp-supp sizes 31104000,12441600
    |G| = 186624000  |G:N| = 4  maxclasses = 14 (suppl:
11)  fails: supp-supp sizes 31104000,12441600
    |G| = 186624000  |G:N| = 4  maxclasses = 14 (suppl:
11)  fails: supp-supp sizes 31104000,12441600
    |G| = 186624000  |G:N| = 4  maxclasses = 14 (suppl:
11)  fails: supp-supp sizes 31104000,12441600
    |G| = 186624000  |G:N| = 4  maxclasses = 14 (suppl:
11)  fails: supp-supp sizes 31104000,12441600
    |G| = 186624000  |G:N| = 4  maxclasses = 14 (suppl:
11)  fails: supp-supp sizes 31104000,12441600
    |G| = 186624000  |G:N| = 4  maxclasses = 14 (suppl:
11)  fails: supp-supp sizes 31104000,12441600
    |G| = 186624000  |G:N| = 4  maxclasses = 14 (suppl:
11)  fails: supp-supp sizes 31104000,12441600
    |G| = 186624000  |G:N| = 4  maxclasses = 18 (suppl:
15)  fails: supp-supp sizes 31104000,12441600
    |G| = 186624000  |G:N| = 4  maxclasses = 14 (suppl:
11)  fails: supp-supp sizes 31104000,12441600
    |G| = 186624000  |G:N| = 4  maxclasses = 14 (suppl:
11)  fails: supp-supp sizes 31104000,12441600
    |G| = 186624000  |G:N| = 4  maxclasses = 14 (suppl:
11)  fails: supp-supp sizes 31104000,12441600
    |G| = 186624000  |G:N| = 4  maxclasses = 14 (suppl:
11)  fails: supp-supp sizes 31104000,12441600
    |G| = 186624000  |G:N| = 4  maxclasses = 14 (suppl:
11)  fails: supp-supp sizes 31104000,12441600
    |G| = 186624000  |G:N| = 4  maxclasses = 14 (suppl:
11)  fails: supp-supp sizes 31104000,12441600
    |G| = 186624000  |G:N| = 4  maxclasses = 16 (suppl:
13)  fails: supp-supp sizes 31104000,12441600
    |G| = 186624000  |G:N| = 4  maxclasses = 18 (suppl:
15)  fails: supp-supp sizes 31104000,12441600
    |G| = 186624000  |G:N| = 4  maxclasses = 14 (suppl:
11)  fails: supp-supp sizes 31104000,12441600
    |G| = 186624000  |G:N| = 4  maxclasses = 18 (suppl:
15)  fails: supp-supp sizes 31104000,12441600
    |G| = 186624000  |G:N| = 4  maxclasses = 14 (suppl:
11)  fails: supp-supp sizes 31104000,12441600
    |G| = 186624000  |G:N| = 4  maxclasses = 14 (suppl:
11)  fails: supp-supp sizes 31104000,12441600
    |G| = 186624000  |G:N| = 4  maxclasses = 14 (suppl:
11)  fails: supp-supp sizes 31104000,12441600
    |G| = 186624000  |G:N| = 4  maxclasses = 14 (suppl:
11)  fails: supp-supp sizes 31104000,12441600
    |G| = 186624000  |G:N| = 4  maxclasses = 14 (suppl:
11)  fails: supp-supp sizes 31104000,12441600
    |G| = 186624000  |G:N| = 4  maxclasses = 14 (suppl:
11)  fails: supp-supp sizes 31104000,12441600
    |G| = 186624000  |G:N| = 4  maxclasses = 18 (suppl:
15)  fails: supp-supp sizes 31104000,12441600
    |G| = 186624000  |G:N| = 4  maxclasses = 14 (suppl:
11)  fails: supp-supp sizes 31104000,12441600
    |G| = 186624000  |G:N| = 4  maxclasses = 18 (suppl:
15)  fails: supp-supp sizes 31104000,12441600
    |G| = 186624000  |G:N| = 4  maxclasses = 14 (suppl:
11)  fails: supp-supp sizes 31104000,12441600
    |G| = 186624000  |G:N| = 4  maxclasses = 18 (suppl:
15)  fails: supp-supp sizes 31104000,12441600
    |G| = 186624000  |G:N| = 4  maxclasses = 14 (suppl:
11)  fails: supp-supp sizes 31104000,12441600
    |G| = 186624000  |G:N| = 4  maxclasses = 14 (suppl:
11)  fails: supp-supp sizes 31104000,12441600
    |G| = 186624000  |G:N| = 4  maxclasses = 16 (suppl:
13)  fails: supp-supp sizes 18662400,4147200
    |G| = 186624000  |G:N| = 4  maxclasses = 12 (suppl:
9)  fails: supp-supp sizes 18662400,4147200
    |G| = 186624000  |G:N| = 4  maxclasses = 16 (suppl:
13)  fails: supp-supp sizes 18662400,4147200
    |G| = 186624000  |G:N| = 4  maxclasses = 16 (suppl:
13)  fails: supp-supp sizes 18662400,4147200
    |G| = 186624000  |G:N| = 4  maxclasses = 12 (suppl:
9)  fails: supp-supp sizes 18662400,4147200
    |G| = 186624000  |G:N| = 4  maxclasses = 16 (suppl:
13)  fails: supp-supp sizes 18662400,4147200
    |G| = 186624000  |G:N| = 4  maxclasses = 12 (suppl:
9)  fails: supp-supp sizes 18662400,4147200
    |G| = 186624000  |G:N| = 4  maxclasses = 12 (suppl:
9)  fails: supp-supp sizes 18662400,4147200
    |G| = 186624000  |G:N| = 4  maxclasses = 12 (suppl:
9)  fails: supp-supp sizes 18662400,4147200
    |G| = 186624000  |G:N| = 4  maxclasses = 12 (suppl:
9)  fails: supp-supp sizes 18662400,4147200
    |G| = 186624000  |G:N| = 4  maxclasses = 16 (suppl:
13)  fails: supp-supp sizes 31104000,12441600
    |G| = 186624000  |G:N| = 4  maxclasses = 12 (suppl:
9)  fails: supp-supp sizes 18662400,4147200
    |G| = 186624000  |G:N| = 4  maxclasses = 12 (suppl:
9)  fails: supp-supp sizes 18662400,4147200
    |G| = 186624000  |G:N| = 4  maxclasses = 12 (suppl:
9)  fails: supp-supp sizes 18662400,4147200
    |G| = 186624000  |G:N| = 4  maxclasses = 16 (suppl:
13)  fails: supp-supp sizes 18662400,4147200
    |G| = 186624000  |G:N| = 4  maxclasses = 12 (suppl:
9)  fails: supp-supp sizes 18662400,4147200
    |G| = 186624000  |G:N| = 4  maxclasses = 16 (suppl:
13)  fails: supp-supp sizes 18662400,4147200
    |G| = 186624000  |G:N| = 4  maxclasses = 16 (suppl:
13)  fails: supp-supp sizes 18662400,4147200
    |G| = 186624000  |G:N| = 4  maxclasses = 12 (suppl:
9)  fails: supp-supp sizes 18662400,4147200
    |G| = 186624000  |G:N| = 4  maxclasses = 16 (suppl:
13)  fails: supp-supp sizes 18662400,4147200
    |G| = 186624000  |G:N| = 4  maxclasses = 16 (suppl:
13)  fails: supp-supp sizes 18662400,5184000
    |G| = 186624000  |G:N| = 4  maxclasses = 12 (suppl:
9)  fails: supp-supp sizes 18662400,5184000
    |G| = 186624000  |G:N| = 4  maxclasses = 16 (suppl:
13)  fails: supp-supp sizes 18662400,5184000
    |G| = 186624000  |G:N| = 4  maxclasses = 16 (suppl:
13)  fails: supp-supp sizes 18662400,4147200
    |G| = 186624000  |G:N| = 4  maxclasses = 12 (suppl:
9)  fails: supp-supp sizes 18662400,4147200
    |G| = 186624000  |G:N| = 4  maxclasses = 16 (suppl:
13)  fails: supp-supp sizes 18662400,4147200
    |G| = 186624000  |G:N| = 4  maxclasses = 12 (suppl:
9)  fails: supp-supp sizes 18662400,5184000
    |G| = 186624000  |G:N| = 4  maxclasses = 12 (suppl:
9)  fails: supp-supp sizes 18662400,5184000
    |G| = 186624000  |G:N| = 4  maxclasses = 12 (suppl:
9)  fails: supp-supp sizes 18662400,5184000
    |G| = 186624000  |G:N| = 4  maxclasses = 12 (suppl:
9)  fails: supp-supp sizes 18662400,5184000
    |G| = 186624000  |G:N| = 4  maxclasses = 12 (suppl:
9)  fails: supp-supp sizes 18662400,4147200
    |G| = 186624000  |G:N| = 4  maxclasses = 12 (suppl:
9)  fails: supp-supp sizes 18662400,4147200
    |G| = 186624000  |G:N| = 4  maxclasses = 12 (suppl:
9)  fails: supp-supp sizes 18662400,4147200
    |G| = 186624000  |G:N| = 4  maxclasses = 12 (suppl:
9)  fails: supp-supp sizes 18662400,4147200
    |G| = 186624000  |G:N| = 4  maxclasses = 16 (suppl:
13)  fails: supp-supp sizes 18662400,5184000
    |G| = 186624000  |G:N| = 4  maxclasses = 12 (suppl:
9)  fails: supp-supp sizes 18662400,5184000
    |G| = 186624000  |G:N| = 4  maxclasses = 16 (suppl:
13)  fails: supp-supp sizes 18662400,5184000
    |G| = 186624000  |G:N| = 4  maxclasses = 16 (suppl:
13)  fails: supp-supp sizes 18662400,4147200
    |G| = 186624000  |G:N| = 4  maxclasses = 12 (suppl:
9)  fails: supp-supp sizes 18662400,4147200
    |G| = 186624000  |G:N| = 4  maxclasses = 16 (suppl:
13)  fails: supp-supp sizes 18662400,4147200
    |G| = 186624000  |G:N| = 4  maxclasses = 12 (suppl:
9)  fails: supp-supp sizes 18662400,4147200
    |G| = 186624000  |G:N| = 4  maxclasses = 12 (suppl:
9)  fails: supp-supp sizes 18662400,4147200
    |G| = 186624000  |G:N| = 4  maxclasses = 12 (suppl:
9)  fails: supp-supp sizes 18662400,4147200
    |G| = 186624000  |G:N| = 4  maxclasses = 12 (suppl:
9)  fails: supp-supp sizes 18662400,4147200
    |G| = 186624000  |G:N| = 4  maxclasses = 12 (suppl:
9)  fails: supp-supp sizes 18662400,4147200
    |G| = 186624000  |G:N| = 4  maxclasses = 12 (suppl:
9)  fails: supp-supp sizes 18662400,4147200
    |G| = 186624000  |G:N| = 4  maxclasses = 12 (suppl:
9)  fails: supp-supp sizes 18662400,4147200
    |G| = 186624000  |G:N| = 4  maxclasses = 12 (suppl:
9)  fails: supp-supp sizes 18662400,4147200
    |G| = 186624000  |G:N| = 4  maxclasses = 12 (suppl:
9)  fails: supp-supp sizes 18662400,4147200
    |G| = 186624000  |G:N| = 4  maxclasses = 12 (suppl:
9)  fails: supp-supp sizes 18662400,4147200
    |G| = 186624000  |G:N| = 4  maxclasses = 12 (suppl:
9)  fails: supp-supp sizes 18662400,4147200
    |G| = 186624000  |G:N| = 4  maxclasses = 12 (suppl:
9)  fails: supp-supp sizes 18662400,4147200
    |G| = 186624000  |G:N| = 4  maxclasses = 12 (suppl:
9)  fails: supp-supp sizes 18662400,4147200
    |G| = 186624000  |G:N| = 4  maxclasses = 12 (suppl:
9)  fails: supp-supp sizes 18662400,4147200
    |G| = 186624000  |G:N| = 4  maxclasses = 12 (suppl:
9)  fails: supp-supp sizes 18662400,4147200
    |G| = 186624000  |G:N| = 4  maxclasses = 12 (suppl:
9)  fails: supp-supp sizes 18662400,5184000
    |G| = 186624000  |G:N| = 4  maxclasses = 16 (suppl:
13)  fails: supp-supp sizes 18662400,4147200
    |G| = 186624000  |G:N| = 4  maxclasses = 16 (suppl:
13)  fails: supp-supp sizes 18662400,4147200
    |G| = 186624000  |G:N| = 4  maxclasses = 24 (suppl:
21)  fails: supp-supp sizes 18662400,4147200
    |G| = 186624000  |G:N| = 4  maxclasses = 12 (suppl:
9)  fails: supp-supp sizes 18662400,4147200
    |G| = 186624000  |G:N| = 4  maxclasses = 12 (suppl:
9)  fails: supp-supp sizes 18662400,4147200
    |G| = 186624000  |G:N| = 4  maxclasses = 16 (suppl:
13)  fails: supp-supp sizes 18662400,4147200
    |G| = 186624000  |G:N| = 4  maxclasses = 16 (suppl:
13)  fails: supp-supp sizes 18662400,4147200
    |G| = 186624000  |G:N| = 4  maxclasses = 16 (suppl:
13)  fails: supp-supp sizes 18662400,4147200
    |G| = 186624000  |G:N| = 4  maxclasses = 12 (suppl:
9)  fails: supp-supp sizes 18662400,4147200
    |G| = 186624000  |G:N| = 4  maxclasses = 13 (suppl:
10)  fails: supp-supp sizes 518400,518400
    |G| = 186624000  |G:N| = 4  maxclasses = 13 (suppl:
10)  fails: supp-supp sizes 518400,518400
    |G| = 186624000  |G:N| = 4  maxclasses = 13 (suppl:
10)  fails: supp-supp sizes 518400,518400
    |G| = 186624000  |G:N| = 4  maxclasses = 13 (suppl:
10)  fails: supp-supp sizes 518400,518400
    |G| = 186624000  |G:N| = 4  maxclasses = 13 (suppl:
10)  fails: supp-supp sizes 518400,518400
    |G| = 186624000  |G:N| = 4  maxclasses = 18 (suppl:
15)  fails: supp-supp sizes 31104000,12441600
    |G| = 186624000  |G:N| = 4  maxclasses = 13 (suppl:
10)  fails: supp-supp sizes 518400,518400
    |G| = 186624000  |G:N| = 4  maxclasses = 13 (suppl:
10)  fails: supp-supp sizes 518400,518400
    |G| = 186624000  |G:N| = 4  maxclasses = 13 (suppl:
10)  fails: supp-supp sizes 518400,518400
    |G| = 186624000  |G:N| = 4  maxclasses = 15 (suppl:
12)  fails: supp-supp sizes 518400,518400
    |G| = 186624000  |G:N| = 4  maxclasses = 7 (suppl:
6)  fails: supp-supp sizes 1866240,144000
    |G| = 186624000  |G:N| = 4  maxclasses = 7 (suppl:
6)  fails: supp-supp sizes 1866240,144000
    |G| = 186624000  |G:N| = 4  maxclasses = 9 (suppl:
8)  fails: supp-supp sizes 1866240,144000
    |G| = 186624000  |G:N| = 4  maxclasses = 9 (suppl:
8)  fails: supp-supp sizes 1866240,144000
    |G| = 186624000  |G:N| = 4  maxclasses = 13 (suppl:
10)  fails: supp-supp sizes 518400,518400
    |G| = 186624000  |G:N| = 4  maxclasses = 13 (suppl:
10)  fails: supp-supp sizes 518400,518400
    |G| = 186624000  |G:N| = 4  maxclasses = 15 (suppl:
12)  fails: supp-supp sizes 518400,518400
    |G| = 186624000  |G:N| = 4  maxclasses = 15 (suppl:
12)  fails: supp-supp sizes 518400,518400
    |G| = 186624000  |G:N| = 4  maxclasses = 13 (suppl:
10)  fails: supp-supp sizes 518400,518400
    |G| = 186624000  |G:N| = 4  maxclasses = 15 (suppl:
12)  fails: supp-supp sizes 518400,518400
    |G| = 186624000  |G:N| = 4  maxclasses = 7 (suppl:
6)  fails: supp-supp sizes 1866240,92160
    |G| = 186624000  |G:N| = 4  maxclasses = 7 (suppl:
6)  fails: supp-supp sizes 1866240,92160
    |G| = 186624000  |G:N| = 4  maxclasses = 9 (suppl:
8)  fails: supp-supp sizes 1866240,92160
    |G| = 186624000  |G:N| = 4  maxclasses = 9 (suppl:
8)  fails: supp-supp sizes 1866240,92160
    |G| = 186624000  |G:N| = 4  maxclasses = 13 (suppl:
10)  fails: supp-supp sizes 518400,518400
    |G| = 186624000  |G:N| = 4  maxclasses = 13 (suppl:
10)  fails: supp-supp sizes 518400,518400
    |G| = 186624000  |G:N| = 4  maxclasses = 15 (suppl:
12)  fails: supp-supp sizes 518400,518400
    |G| = 186624000  |G:N| = 4  maxclasses = 15 (suppl:
12)  fails: supp-supp sizes 518400,518400
    |G| = 186624000  |G:N| = 4  maxclasses = 15 (suppl:
12)  fails: supp-supp sizes 518400,518400
    |G| = 186624000  |G:N| = 4  maxclasses = 15 (suppl:
12)  fails: supp-supp sizes 518400,518400
    |G| = 186624000  |G:N| = 4  maxclasses = 15 (suppl:
12)  fails: supp-supp sizes 518400,518400
    |G| = 186624000  |G:N| = 4  maxclasses = 15 (suppl:
12)  fails: supp-supp sizes 518400,518400
    |G| = 186624000  |G:N| = 4  maxclasses = 15 (suppl:
12)  fails: supp-supp sizes 518400,518400
    |G| = 186624000  |G:N| = 4  maxclasses = 15 (suppl:
12)  fails: supp-supp sizes 518400,518400
    |G| = 186624000  |G:N| = 4  maxclasses = 15 (suppl:
12)  fails: supp-supp sizes 518400,518400
    |G| = 186624000  |G:N| = 4  maxclasses = 15 (suppl:
12)  fails: supp-supp sizes 518400,518400
    |G| = 186624000  |G:N| = 4  maxclasses = 15 (suppl:
12)  fails: supp-supp sizes 518400,518400
    |G| = 186624000  |G:N| = 4  maxclasses = 17 (suppl:
14)  fails: supp-supp sizes 518400,518400
    |G| = 186624000  |G:N| = 4  maxclasses = 9 (suppl:
8)  fails: supp-supp sizes 5184000,829440
    |G| = 186624000  |G:N| = 4  maxclasses = 9 (suppl:
8)  fails: supp-supp sizes 5184000,829440
    |G| = 186624000  |G:N| = 4  maxclasses = 15 (suppl:
12)  fails: supp-supp sizes 518400,518400
    |G| = 186624000  |G:N| = 4  maxclasses = 15 (suppl:
12)  fails: supp-supp sizes 518400,518400
    |G| = 186624000  |G:N| = 4  maxclasses = 11 (suppl:
10)  fails: supp-supp sizes 5184000,829440
    |G| = 186624000  |G:N| = 4  maxclasses = 11 (suppl:
10)  fails: supp-supp sizes 5184000,829440
    |G| = 186624000  |G:N| = 4  maxclasses = 17 (suppl:
14)  fails: supp-supp sizes 518400,518400
    |G| = 186624000  |G:N| = 4  maxclasses = 17 (suppl:
14)  fails: supp-supp sizes 518400,518400
    |G| = 186624000  |G:N| = 4  maxclasses = 15 (suppl:
12)  fails: supp-supp sizes 518400,518400
    |G| = 186624000  |G:N| = 4  maxclasses = 17 (suppl:
14)  fails: supp-supp sizes 518400,518400
    |G| = 186624000  |G:N| = 4  maxclasses = 20 (suppl:
17)  fails: supp-supp sizes 31104000,12441600
    |G| = 186624000  |G:N| = 4  maxclasses = 18 (suppl:
15)  fails: supp-supp sizes 31104000,12441600
    |G| = 186624000  |G:N| = 4  maxclasses = 22 (suppl:
19)  fails: supp-supp sizes 31104000,12441600
    |G| = 186624000  |G:N| = 4  maxclasses = 13 (suppl:
10)  fails: supp-supp sizes 518400,518400
    |G| = 186624000  |G:N| = 4  maxclasses = 12 (suppl:
9)  fails: supp-supp sizes 18662400,4147200
    |G| = 279936000  |G:N| = 6  maxclasses = 6 (suppl:
4)  fails: supp-supp sizes 2160,279936
    |G| = 279936000  |G:N| = 6  maxclasses = 8 (suppl:
6)  fails: supp-supp sizes 2160,1296000
    |G| = 279936000  |G:N| = 6  maxclasses = 8 (suppl:
6)  fails: supp-supp sizes 2160,1296000
    |G| = 279936000  |G:N| = 6  maxclasses = 6 (suppl:
4)  fails: supp-supp sizes 2160,279936
    |G| = 279936000  |G:N| = 6  maxclasses = 6 (suppl:
4)  fails: supp-supp sizes 2160,279936
    |G| = 279936000  |G:N| = 6  maxclasses = 8 (suppl:
6)  fails: supp-supp sizes 2160,1296000
    |G| = 279936000  |G:N| = 6  maxclasses = 6 (suppl:
4)  fails: supp-supp sizes 2160,279936
    |G| = 373248000  |G:N| = 8  maxclasses = 18 (suppl:
11)  fails: supp-supp sizes 62208000,24883200
    |G| = 373248000  |G:N| = 8  maxclasses = 18 (suppl:
11)  fails: supp-supp sizes 62208000,24883200
    |G| = 373248000  |G:N| = 8  maxclasses = 18 (suppl:
11)  fails: supp-supp sizes 62208000,24883200
    |G| = 373248000  |G:N| = 8  maxclasses = 18 (suppl:
11)  fails: supp-supp sizes 62208000,24883200
    |G| = 373248000  |G:N| = 8  maxclasses = 18 (suppl:
11)  fails: supp-supp sizes 62208000,24883200
    |G| = 373248000  |G:N| = 8  maxclasses = 18 (suppl:
11)  fails: supp-supp sizes 62208000,24883200
    |G| = 373248000  |G:N| = 8  maxclasses = 18 (suppl:
11)  fails: supp-supp sizes 62208000,24883200
    |G| = 373248000  |G:N| = 8  maxclasses = 18 (suppl:
11)  fails: supp-supp sizes 62208000,24883200
    |G| = 373248000  |G:N| = 8  maxclasses = 18 (suppl:
11)  fails: supp-supp sizes 62208000,24883200
    |G| = 373248000  |G:N| = 8  maxclasses = 18 (suppl:
11)  fails: supp-supp sizes 62208000,24883200
    |G| = 373248000  |G:N| = 8  maxclasses = 18 (suppl:
11)  fails: supp-supp sizes 62208000,24883200
    |G| = 373248000  |G:N| = 8  maxclasses = 18 (suppl:
11)  fails: supp-supp sizes 62208000,24883200
    |G| = 373248000  |G:N| = 8  maxclasses = 18 (suppl:
11)  fails: supp-supp sizes 62208000,24883200
    |G| = 373248000  |G:N| = 8  maxclasses = 18 (suppl:
11)  fails: supp-supp sizes 62208000,24883200
    |G| = 373248000  |G:N| = 8  maxclasses = 18 (suppl:
11)  fails: supp-supp sizes 62208000,24883200
    |G| = 373248000  |G:N| = 8  maxclasses = 18 (suppl:
11)  fails: supp-supp sizes 62208000,24883200
    |G| = 373248000  |G:N| = 8  maxclasses = 18 (suppl:
11)  fails: supp-supp sizes 62208000,24883200
    |G| = 373248000  |G:N| = 8  maxclasses = 18 (suppl:
11)  fails: supp-supp sizes 62208000,24883200
    |G| = 373248000  |G:N| = 8  maxclasses = 18 (suppl:
11)  fails: supp-supp sizes 62208000,24883200
    |G| = 373248000  |G:N| = 8  maxclasses = 18 (suppl:
11)  fails: supp-supp sizes 62208000,24883200
    |G| = 373248000  |G:N| = 8  maxclasses = 18 (suppl:
11)  fails: supp-supp sizes 62208000,24883200
    |G| = 373248000  |G:N| = 8  maxclasses = 18 (suppl:
11)  fails: supp-supp sizes 62208000,24883200
    |G| = 373248000  |G:N| = 8  maxclasses = 18 (suppl:
11)  fails: supp-supp sizes 62208000,24883200
    |G| = 373248000  |G:N| = 8  maxclasses = 16 (suppl:
9)  fails: supp-supp sizes 37324800,8294400
    |G| = 373248000  |G:N| = 8  maxclasses = 16 (suppl:
9)  fails: supp-supp sizes 37324800,8294400
    |G| = 373248000  |G:N| = 8  maxclasses = 16 (suppl:
9)  fails: supp-supp sizes 37324800,8294400
    |G| = 373248000  |G:N| = 8  maxclasses = 16 (suppl:
9)  fails: supp-supp sizes 37324800,8294400
    |G| = 373248000  |G:N| = 8  maxclasses = 18 (suppl:
11)  fails: supp-supp sizes 62208000,24883200
    |G| = 373248000  |G:N| = 8  maxclasses = 18 (suppl:
11)  fails: supp-supp sizes 62208000,24883200
    |G| = 373248000  |G:N| = 8  maxclasses = 16 (suppl:
9)  fails: supp-supp sizes 37324800,8294400
    |G| = 373248000  |G:N| = 8  maxclasses = 16 (suppl:
9)  fails: supp-supp sizes 37324800,8294400
    |G| = 373248000  |G:N| = 8  maxclasses = 16 (suppl:
9)  fails: supp-supp sizes 37324800,8294400
    |G| = 373248000  |G:N| = 8  maxclasses = 16 (suppl:
9)  fails: supp-supp sizes 37324800,8294400
    |G| = 373248000  |G:N| = 8  maxclasses = 16 (suppl:
9)  fails: supp-supp sizes 37324800,8294400
    |G| = 373248000  |G:N| = 8  maxclasses = 16 (suppl:
9)  fails: supp-supp sizes 37324800,8294400
    |G| = 373248000  |G:N| = 8  maxclasses = 16 (suppl:
9)  fails: supp-supp sizes 37324800,8294400
    |G| = 373248000  |G:N| = 8  maxclasses = 16 (suppl:
9)  fails: supp-supp sizes 37324800,8294400
    |G| = 373248000  |G:N| = 8  maxclasses = 16 (suppl:
9)  fails: supp-supp sizes 37324800,8294400
    |G| = 373248000  |G:N| = 8  maxclasses = 16 (suppl:
9)  fails: supp-supp sizes 37324800,8294400
    |G| = 373248000  |G:N| = 8  maxclasses = 16 (suppl:
9)  fails: supp-supp sizes 37324800,8294400
    |G| = 373248000  |G:N| = 8  maxclasses = 16 (suppl:
9)  fails: supp-supp sizes 37324800,8294400
    |G| = 373248000  |G:N| = 8  maxclasses = 16 (suppl:
9)  fails: supp-supp sizes 37324800,8294400
    |G| = 373248000  |G:N| = 8  maxclasses = 16 (suppl:
9)  fails: supp-supp sizes 37324800,8294400
    |G| = 373248000  |G:N| = 8  maxclasses = 16 (suppl:
9)  fails: supp-supp sizes 37324800,8294400
    |G| = 373248000  |G:N| = 8  maxclasses = 16 (suppl:
9)  fails: supp-supp sizes 37324800,8294400
    |G| = 373248000  |G:N| = 8  maxclasses = 16 (suppl:
9)  fails: supp-supp sizes 37324800,8294400
    |G| = 373248000  |G:N| = 8  maxclasses = 16 (suppl:
9)  fails: supp-supp sizes 37324800,8294400
    |G| = 373248000  |G:N| = 8  maxclasses = 16 (suppl:
9)  fails: supp-supp sizes 37324800,8294400
    |G| = 373248000  |G:N| = 8  maxclasses = 16 (suppl:
9)  fails: supp-supp sizes 37324800,8294400
    |G| = 373248000  |G:N| = 8  maxclasses = 16 (suppl:
9)  fails: supp-supp sizes 37324800,8294400
    |G| = 373248000  |G:N| = 8  maxclasses = 16 (suppl:
9)  fails: supp-supp sizes 37324800,8294400
    |G| = 373248000  |G:N| = 8  maxclasses = 16 (suppl:
9)  fails: supp-supp sizes 37324800,8294400
    |G| = 373248000  |G:N| = 8  maxclasses = 16 (suppl:
9)  fails: supp-supp sizes 37324800,8294400
    |G| = 373248000  |G:N| = 8  maxclasses = 16 (suppl:
9)  fails: supp-supp sizes 37324800,8294400
    |G| = 373248000  |G:N| = 8  maxclasses = 16 (suppl:
9)  fails: supp-supp sizes 37324800,8294400
    |G| = 373248000  |G:N| = 8  maxclasses = 22 (suppl:
15)  fails: supp-supp sizes 62208000,24883200
    |G| = 373248000  |G:N| = 8  maxclasses = 18 (suppl:
11)  fails: supp-supp sizes 62208000,24883200
    |G| = 373248000  |G:N| = 8  maxclasses = 18 (suppl:
11)  fails: supp-supp sizes 62208000,24883200
    |G| = 373248000  |G:N| = 8  maxclasses = 18 (suppl:
11)  fails: supp-supp sizes 62208000,24883200
    |G| = 373248000  |G:N| = 8  maxclasses = 20 (suppl:
13)  fails: supp-supp sizes 37324800,8294400
    |G| = 373248000  |G:N| = 8  maxclasses = 16 (suppl:
9)  fails: supp-supp sizes 37324800,8294400
    |G| = 373248000  |G:N| = 8  maxclasses = 20 (suppl:
13)  fails: supp-supp sizes 37324800,8294400
    |G| = 373248000  |G:N| = 8  maxclasses = 16 (suppl:
9)  fails: supp-supp sizes 37324800,8294400
    |G| = 373248000  |G:N| = 8  maxclasses = 16 (suppl:
9)  fails: supp-supp sizes 37324800,8294400
    |G| = 373248000  |G:N| = 8  maxclasses = 16 (suppl:
9)  fails: supp-supp sizes 37324800,8294400
    |G| = 373248000  |G:N| = 8  maxclasses = 16 (suppl:
9)  fails: supp-supp sizes 37324800,8294400
    |G| = 373248000  |G:N| = 8  maxclasses = 16 (suppl:
9)  fails: supp-supp sizes 37324800,8294400
    |G| = 373248000  |G:N| = 8  maxclasses = 16 (suppl:
9)  fails: supp-supp sizes 37324800,8294400
    |G| = 373248000  |G:N| = 8  maxclasses = 20 (suppl:
13)  fails: supp-supp sizes 37324800,8294400
    |G| = 373248000  |G:N| = 8  maxclasses = 16 (suppl:
9)  fails: supp-supp sizes 37324800,8294400
    |G| = 373248000  |G:N| = 8  maxclasses = 20 (suppl:
13)  fails: supp-supp sizes 37324800,8294400
    |G| = 373248000  |G:N| = 8  maxclasses = 16 (suppl:
9)  fails: supp-supp sizes 37324800,8294400
    |G| = 373248000  |G:N| = 8  maxclasses = 20 (suppl:
13)  fails: supp-supp sizes 37324800,8294400
    |G| = 373248000  |G:N| = 8  maxclasses = 16 (suppl:
9)  fails: supp-supp sizes 37324800,8294400
    |G| = 373248000  |G:N| = 8  maxclasses = 16 (suppl:
9)  fails: supp-supp sizes 37324800,8294400
    |G| = 373248000  |G:N| = 8  maxclasses = 16 (suppl:
9)  fails: supp-supp sizes 37324800,8294400
    |G| = 373248000  |G:N| = 8  maxclasses = 16 (suppl:
9)  fails: supp-supp sizes 37324800,8294400
    |G| = 373248000  |G:N| = 8  maxclasses = 16 (suppl:
9)  fails: supp-supp sizes 37324800,8294400
    |G| = 373248000  |G:N| = 8  maxclasses = 16 (suppl:
9)  fails: supp-supp sizes 37324800,8294400
    |G| = 373248000  |G:N| = 8  maxclasses = 16 (suppl:
9)  fails: supp-supp sizes 37324800,8294400
    |G| = 373248000  |G:N| = 8  maxclasses = 16 (suppl:
9)  fails: supp-supp sizes 37324800,8294400
    |G| = 373248000  |G:N| = 8  maxclasses = 16 (suppl:
9)  fails: supp-supp sizes 37324800,8294400
    |G| = 373248000  |G:N| = 8  maxclasses = 16 (suppl:
9)  fails: supp-supp sizes 37324800,8294400
    |G| = 373248000  |G:N| = 8  maxclasses = 16 (suppl:
9)  fails: supp-supp sizes 37324800,8294400
    |G| = 373248000  |G:N| = 8  maxclasses = 16 (suppl:
9)  fails: supp-supp sizes 37324800,8294400
    |G| = 373248000  |G:N| = 8  maxclasses = 16 (suppl:
9)  fails: supp-supp sizes 37324800,8294400
    |G| = 373248000  |G:N| = 8  maxclasses = 16 (suppl:
9)  fails: supp-supp sizes 37324800,8294400
    |G| = 373248000  |G:N| = 8  maxclasses = 16 (suppl:
9)  fails: supp-supp sizes 37324800,8294400
    |G| = 373248000  |G:N| = 8  maxclasses = 16 (suppl:
9)  fails: supp-supp sizes 37324800,8294400
    |G| = 373248000  |G:N| = 8  maxclasses = 16 (suppl:
9)  fails: supp-supp sizes 37324800,8294400
    |G| = 373248000  |G:N| = 8  maxclasses = 16 (suppl:
9)  fails: supp-supp sizes 37324800,8294400
    |G| = 373248000  |G:N| = 8  maxclasses = 16 (suppl:
9)  fails: supp-supp sizes 37324800,8294400
    |G| = 373248000  |G:N| = 8  maxclasses = 16 (suppl:
9)  fails: supp-supp sizes 37324800,8294400
    |G| = 373248000  |G:N| = 8  maxclasses = 16 (suppl:
9)  fails: supp-supp sizes 37324800,8294400
    |G| = 373248000  |G:N| = 8  maxclasses = 16 (suppl:
9)  fails: supp-supp sizes 37324800,8294400
    |G| = 373248000  |G:N| = 8  maxclasses = 16 (suppl:
9)  fails: supp-supp sizes 37324800,8294400
    |G| = 373248000  |G:N| = 8  maxclasses = 16 (suppl:
9)  fails: supp-supp sizes 37324800,8294400
    |G| = 373248000  |G:N| = 8  maxclasses = 16 (suppl:
9)  fails: supp-supp sizes 37324800,8294400
    |G| = 373248000  |G:N| = 8  maxclasses = 16 (suppl:
9)  fails: supp-supp sizes 37324800,8294400
    |G| = 373248000  |G:N| = 8  maxclasses = 16 (suppl:
9)  fails: supp-supp sizes 37324800,8294400
    |G| = 373248000  |G:N| = 8  maxclasses = 16 (suppl:
9)  fails: supp-supp sizes 37324800,8294400
    |G| = 373248000  |G:N| = 8  maxclasses = 16 (suppl:
9)  fails: supp-supp sizes 37324800,8294400
    |G| = 373248000  |G:N| = 8  maxclasses = 16 (suppl:
9)  fails: supp-supp sizes 37324800,8294400
    |G| = 373248000  |G:N| = 8  maxclasses = 16 (suppl:
9)  fails: supp-supp sizes 37324800,8294400
    |G| = 373248000  |G:N| = 8  maxclasses = 16 (suppl:
9)  fails: supp-supp sizes 37324800,8294400
    |G| = 373248000  |G:N| = 8  maxclasses = 16 (suppl:
9)  fails: supp-supp sizes 37324800,8294400
    |G| = 373248000  |G:N| = 8  maxclasses = 16 (suppl:
9)  fails: supp-supp sizes 37324800,8294400
    |G| = 373248000  |G:N| = 8  maxclasses = 16 (suppl:
9)  fails: supp-supp sizes 37324800,8294400
    |G| = 373248000  |G:N| = 8  maxclasses = 16 (suppl:
9)  fails: supp-supp sizes 37324800,8294400
    |G| = 373248000  |G:N| = 8  maxclasses = 16 (suppl:
9)  fails: supp-supp sizes 37324800,8294400
    |G| = 373248000  |G:N| = 8  maxclasses = 16 (suppl:
9)  fails: supp-supp sizes 37324800,8294400
    |G| = 373248000  |G:N| = 8  maxclasses = 16 (suppl:
9)  fails: supp-supp sizes 37324800,8294400
    |G| = 373248000  |G:N| = 8  maxclasses = 16 (suppl:
9)  fails: supp-supp sizes 37324800,8294400
    |G| = 373248000  |G:N| = 8  maxclasses = 16 (suppl:
9)  fails: supp-supp sizes 37324800,8294400
    |G| = 373248000  |G:N| = 8  maxclasses = 16 (suppl:
9)  fails: supp-supp sizes 37324800,8294400
    |G| = 373248000  |G:N| = 8  maxclasses = 16 (suppl:
9)  fails: supp-supp sizes 37324800,8294400
    |G| = 373248000  |G:N| = 8  maxclasses = 16 (suppl:
9)  fails: supp-supp sizes 37324800,8294400
    |G| = 373248000  |G:N| = 8  maxclasses = 16 (suppl:
9)  fails: supp-supp sizes 37324800,8294400
    |G| = 373248000  |G:N| = 8  maxclasses = 16 (suppl:
9)  fails: supp-supp sizes 37324800,8294400
    |G| = 373248000  |G:N| = 8  maxclasses = 16 (suppl:
9)  fails: supp-supp sizes 37324800,8294400
    |G| = 373248000  |G:N| = 8  maxclasses = 16 (suppl:
9)  fails: supp-supp sizes 37324800,8294400
    |G| = 373248000  |G:N| = 8  maxclasses = 16 (suppl:
9)  fails: supp-supp sizes 37324800,8294400
    |G| = 373248000  |G:N| = 8  maxclasses = 16 (suppl:
9)  fails: supp-supp sizes 37324800,8294400
    |G| = 373248000  |G:N| = 8  maxclasses = 16 (suppl:
9)  fails: supp-supp sizes 37324800,8294400
    |G| = 373248000  |G:N| = 8  maxclasses = 16 (suppl:
9)  fails: supp-supp sizes 37324800,8294400
    |G| = 373248000  |G:N| = 8  maxclasses = 16 (suppl:
9)  fails: supp-supp sizes 37324800,8294400
    |G| = 373248000  |G:N| = 8  maxclasses = 16 (suppl:
9)  fails: supp-supp sizes 37324800,8294400
    |G| = 373248000  |G:N| = 8  maxclasses = 16 (suppl:
9)  fails: supp-supp sizes 37324800,8294400
    |G| = 373248000  |G:N| = 8  maxclasses = 18 (suppl:
11)  fails: supp-supp sizes 62208000,24883200
    |G| = 373248000  |G:N| = 8  maxclasses = 16 (suppl:
9)  fails: supp-supp sizes 37324800,8294400
    |G| = 373248000  |G:N| = 8  maxclasses = 16 (suppl:
9)  fails: supp-supp sizes 37324800,8294400
    |G| = 373248000  |G:N| = 8  maxclasses = 16 (suppl:
9)  fails: supp-supp sizes 37324800,8294400
    |G| = 373248000  |G:N| = 8  maxclasses = 16 (suppl:
9)  fails: supp-supp sizes 37324800,8294400
    |G| = 373248000  |G:N| = 8  maxclasses = 16 (suppl:
9)  fails: supp-supp sizes 37324800,8294400
    |G| = 373248000  |G:N| = 8  maxclasses = 16 (suppl:
9)  fails: supp-supp sizes 37324800,8294400
    |G| = 373248000  |G:N| = 8  maxclasses = 16 (suppl:
9)  fails: supp-supp sizes 37324800,8294400
    |G| = 373248000  |G:N| = 8  maxclasses = 16 (suppl:
9)  fails: supp-supp sizes 37324800,8294400
    |G| = 373248000  |G:N| = 8  maxclasses = 16 (suppl:
9)  fails: supp-supp sizes 37324800,8294400
    |G| = 373248000  |G:N| = 8  maxclasses = 16 (suppl:
9)  fails: supp-supp sizes 37324800,8294400
    |G| = 373248000  |G:N| = 8  maxclasses = 16 (suppl:
9)  fails: supp-supp sizes 37324800,8294400
    |G| = 373248000  |G:N| = 8  maxclasses = 16 (suppl:
9)  fails: supp-supp sizes 37324800,8294400
    |G| = 373248000  |G:N| = 8  maxclasses = 16 (suppl:
9)  fails: supp-supp sizes 37324800,8294400
    |G| = 373248000  |G:N| = 8  maxclasses = 16 (suppl:
9)  fails: supp-supp sizes 37324800,8294400
    |G| = 373248000  |G:N| = 8  maxclasses = 16 (suppl:
9)  fails: supp-supp sizes 37324800,8294400
    |G| = 373248000  |G:N| = 8  maxclasses = 16 (suppl:
9)  fails: supp-supp sizes 37324800,8294400
    |G| = 373248000  |G:N| = 8  maxclasses = 16 (suppl:
9)  fails: supp-supp sizes 37324800,8294400
    |G| = 373248000  |G:N| = 8  maxclasses = 16 (suppl:
9)  fails: supp-supp sizes 37324800,8294400
    |G| = 373248000  |G:N| = 8  maxclasses = 16 (suppl:
9)  fails: supp-supp sizes 37324800,8294400
    |G| = 373248000  |G:N| = 8  maxclasses = 16 (suppl:
9)  fails: supp-supp sizes 37324800,8294400
    |G| = 373248000  |G:N| = 8  maxclasses = 16 (suppl:
9)  fails: supp-supp sizes 37324800,8294400
    |G| = 373248000  |G:N| = 8  maxclasses = 16 (suppl:
9)  fails: supp-supp sizes 37324800,8294400
    |G| = 373248000  |G:N| = 8  maxclasses = 16 (suppl:
9)  fails: supp-supp sizes 37324800,8294400
    |G| = 373248000  |G:N| = 8  maxclasses = 16 (suppl:
9)  fails: supp-supp sizes 37324800,8294400
    |G| = 373248000  |G:N| = 8  maxclasses = 20 (suppl:
13)  fails: supp-supp sizes 37324800,8294400
    |G| = 373248000  |G:N| = 8  maxclasses = 16 (suppl:
9)  fails: supp-supp sizes 37324800,8294400
    |G| = 373248000  |G:N| = 8  maxclasses = 20 (suppl:
13)  fails: supp-supp sizes 37324800,8294400
    |G| = 373248000  |G:N| = 8  maxclasses = 16 (suppl:
9)  fails: supp-supp sizes 37324800,8294400
    |G| = 373248000  |G:N| = 8  maxclasses = 16 (suppl:
9)  fails: supp-supp sizes 37324800,8294400
    |G| = 373248000  |G:N| = 8  maxclasses = 16 (suppl:
9)  fails: supp-supp sizes 37324800,8294400
    |G| = 373248000  |G:N| = 8  maxclasses = 16 (suppl:
9)  fails: supp-supp sizes 37324800,8294400
    |G| = 373248000  |G:N| = 8  maxclasses = 20 (suppl:
13)  fails: supp-supp sizes 37324800,8294400
    |G| = 373248000  |G:N| = 8  maxclasses = 16 (suppl:
9)  fails: supp-supp sizes 37324800,8294400
    |G| = 373248000  |G:N| = 8  maxclasses = 20 (suppl:
13)  fails: supp-supp sizes 37324800,8294400
    |G| = 373248000  |G:N| = 8  maxclasses = 16 (suppl:
9)  fails: supp-supp sizes 37324800,10368000
    |G| = 373248000  |G:N| = 8  maxclasses = 16 (suppl:
9)  fails: supp-supp sizes 37324800,10368000
    |G| = 373248000  |G:N| = 8  maxclasses = 16 (suppl:
9)  fails: supp-supp sizes 37324800,8294400
    |G| = 373248000  |G:N| = 8  maxclasses = 16 (suppl:
9)  fails: supp-supp sizes 37324800,10368000
    |G| = 373248000  |G:N| = 8  maxclasses = 16 (suppl:
9)  fails: supp-supp sizes 37324800,8294400
    |G| = 373248000  |G:N| = 8  maxclasses = 16 (suppl:
9)  fails: supp-supp sizes 37324800,8294400
    |G| = 373248000  |G:N| = 8  maxclasses = 16 (suppl:
9)  fails: supp-supp sizes 37324800,8294400
    |G| = 373248000  |G:N| = 8  maxclasses = 16 (suppl:
9)  fails: supp-supp sizes 37324800,8294400
    |G| = 373248000  |G:N| = 8  maxclasses = 16 (suppl:
9)  fails: supp-supp sizes 37324800,8294400
    |G| = 373248000  |G:N| = 8  maxclasses = 16 (suppl:
9)  fails: supp-supp sizes 37324800,10368000
    |G| = 373248000  |G:N| = 8  maxclasses = 20 (suppl:
13)  fails: supp-supp sizes 37324800,10368000
    |G| = 373248000  |G:N| = 8  maxclasses = 16 (suppl:
9)  fails: supp-supp sizes 37324800,10368000
    |G| = 373248000  |G:N| = 8  maxclasses = 16 (suppl:
9)  fails: supp-supp sizes 37324800,10368000
    |G| = 373248000  |G:N| = 8  maxclasses = 16 (suppl:
9)  fails: supp-supp sizes 37324800,8294400
    |G| = 373248000  |G:N| = 8  maxclasses = 16 (suppl:
9)  fails: supp-supp sizes 37324800,8294400
    |G| = 373248000  |G:N| = 8  maxclasses = 16 (suppl:
9)  fails: supp-supp sizes 37324800,8294400
    |G| = 373248000  |G:N| = 8  maxclasses = 20 (suppl:
13)  fails: supp-supp sizes 37324800,8294400
    |G| = 373248000  |G:N| = 8  maxclasses = 16 (suppl:
9)  fails: supp-supp sizes 37324800,10368000
    |G| = 373248000  |G:N| = 8  maxclasses = 16 (suppl:
9)  fails: supp-supp sizes 37324800,8294400
    |G| = 373248000  |G:N| = 8  maxclasses = 16 (suppl:
9)  fails: supp-supp sizes 37324800,8294400
    |G| = 373248000  |G:N| = 8  maxclasses = 16 (suppl:
9)  fails: supp-supp sizes 37324800,8294400
    |G| = 373248000  |G:N| = 8  maxclasses = 16 (suppl:
9)  fails: supp-supp sizes 37324800,8294400
    |G| = 373248000  |G:N| = 8  maxclasses = 16 (suppl:
9)  fails: supp-supp sizes 37324800,8294400
    |G| = 373248000  |G:N| = 8  maxclasses = 16 (suppl:
9)  fails: supp-supp sizes 37324800,10368000
    |G| = 373248000  |G:N| = 8  maxclasses = 16 (suppl:
9)  fails: supp-supp sizes 37324800,10368000
    |G| = 373248000  |G:N| = 8  maxclasses = 16 (suppl:
9)  fails: supp-supp sizes 37324800,10368000
    |G| = 373248000  |G:N| = 8  maxclasses = 16 (suppl:
9)  fails: supp-supp sizes 37324800,10368000
    |G| = 373248000  |G:N| = 8  maxclasses = 16 (suppl:
9)  fails: supp-supp sizes 37324800,8294400
    |G| = 373248000  |G:N| = 8  maxclasses = 16 (suppl:
9)  fails: supp-supp sizes 37324800,8294400
    |G| = 373248000  |G:N| = 8  maxclasses = 16 (suppl:
9)  fails: supp-supp sizes 37324800,8294400
    |G| = 373248000  |G:N| = 8  maxclasses = 16 (suppl:
9)  fails: supp-supp sizes 37324800,8294400
    |G| = 373248000  |G:N| = 8  maxclasses = 16 (suppl:
9)  fails: supp-supp sizes 37324800,8294400
    |G| = 373248000  |G:N| = 8  maxclasses = 16 (suppl:
9)  fails: supp-supp sizes 37324800,8294400
    |G| = 373248000  |G:N| = 8  maxclasses = 16 (suppl:
9)  fails: supp-supp sizes 37324800,8294400
    |G| = 373248000  |G:N| = 8  maxclasses = 16 (suppl:
9)  fails: supp-supp sizes 37324800,8294400
    |G| = 373248000  |G:N| = 8  maxclasses = 16 (suppl:
9)  fails: supp-supp sizes 37324800,8294400
    |G| = 373248000  |G:N| = 8  maxclasses = 16 (suppl:
9)  fails: supp-supp sizes 37324800,8294400
    |G| = 373248000  |G:N| = 8  maxclasses = 16 (suppl:
9)  fails: supp-supp sizes 37324800,8294400
    |G| = 373248000  |G:N| = 8  maxclasses = 16 (suppl:
9)  fails: supp-supp sizes 37324800,8294400
    |G| = 373248000  |G:N| = 8  maxclasses = 16 (suppl:
9)  fails: supp-supp sizes 37324800,8294400
    |G| = 373248000  |G:N| = 8  maxclasses = 16 (suppl:
9)  fails: supp-supp sizes 37324800,8294400
    |G| = 373248000  |G:N| = 8  maxclasses = 16 (suppl:
9)  fails: supp-supp sizes 37324800,8294400
    |G| = 373248000  |G:N| = 8  maxclasses = 16 (suppl:
9)  fails: supp-supp sizes 37324800,8294400
    |G| = 373248000  |G:N| = 8  maxclasses = 16 (suppl:
9)  fails: supp-supp sizes 37324800,8294400
    |G| = 373248000  |G:N| = 8  maxclasses = 16 (suppl:
9)  fails: supp-supp sizes 37324800,8294400
    |G| = 373248000  |G:N| = 8  maxclasses = 16 (suppl:
9)  fails: supp-supp sizes 37324800,8294400
    |G| = 373248000  |G:N| = 8  maxclasses = 16 (suppl:
9)  fails: supp-supp sizes 37324800,8294400
    |G| = 373248000  |G:N| = 8  maxclasses = 16 (suppl:
9)  fails: supp-supp sizes 37324800,8294400
    |G| = 373248000  |G:N| = 8  maxclasses = 16 (suppl:
9)  fails: supp-supp sizes 37324800,8294400
    |G| = 373248000  |G:N| = 8  maxclasses = 16 (suppl:
9)  fails: supp-supp sizes 37324800,8294400
    |G| = 373248000  |G:N| = 8  maxclasses = 16 (suppl:
9)  fails: supp-supp sizes 37324800,8294400
    |G| = 373248000  |G:N| = 8  maxclasses = 16 (suppl:
9)  fails: supp-supp sizes 37324800,8294400
    |G| = 373248000  |G:N| = 8  maxclasses = 16 (suppl:
9)  fails: supp-supp sizes 37324800,8294400
    |G| = 373248000  |G:N| = 8  maxclasses = 16 (suppl:
9)  fails: supp-supp sizes 37324800,8294400
    |G| = 373248000  |G:N| = 8  maxclasses = 16 (suppl:
9)  fails: supp-supp sizes 37324800,8294400
    |G| = 373248000  |G:N| = 8  maxclasses = 16 (suppl:
9)  fails: supp-supp sizes 37324800,8294400
    |G| = 373248000  |G:N| = 8  maxclasses = 16 (suppl:
9)  fails: supp-supp sizes 37324800,8294400
    |G| = 373248000  |G:N| = 8  maxclasses = 16 (suppl:
9)  fails: supp-supp sizes 37324800,8294400
    |G| = 373248000  |G:N| = 8  maxclasses = 16 (suppl:
9)  fails: supp-supp sizes 37324800,8294400
    |G| = 373248000  |G:N| = 8  maxclasses = 20 (suppl:
13)  fails: supp-supp sizes 37324800,8294400
    |G| = 373248000  |G:N| = 8  maxclasses = 16 (suppl:
9)  fails: supp-supp sizes 37324800,8294400
    |G| = 373248000  |G:N| = 8  maxclasses = 16 (suppl:
9)  fails: supp-supp sizes 37324800,8294400
    |G| = 373248000  |G:N| = 8  maxclasses = 16 (suppl:
9)  fails: supp-supp sizes 37324800,8294400
    |G| = 373248000  |G:N| = 8  maxclasses = 16 (suppl:
9)  fails: supp-supp sizes 37324800,8294400
    |G| = 373248000  |G:N| = 8  maxclasses = 17 (suppl:
10)  fails: supp-supp sizes 1036800,1036800
    |G| = 373248000  |G:N| = 8  maxclasses = 9 (suppl:
6)  fails: supp-supp sizes 3732480,184320
    |G| = 373248000  |G:N| = 8  maxclasses = 9 (suppl:
6)  fails: supp-supp sizes 3732480,184320
    |G| = 373248000  |G:N| = 8  maxclasses = 9 (suppl:
6)  fails: supp-supp sizes 3732480,184320
    |G| = 373248000  |G:N| = 8  maxclasses = 9 (suppl:
6)  fails: supp-supp sizes 3732480,184320
    |G| = 373248000  |G:N| = 8  maxclasses = 9 (suppl:
6)  fails: supp-supp sizes 3732480,184320
    |G| = 373248000  |G:N| = 8  maxclasses = 9 (suppl:
6)  fails: supp-supp sizes 3732480,184320
    |G| = 373248000  |G:N| = 8  maxclasses = 9 (suppl:
6)  fails: supp-supp sizes 3732480,184320
    |G| = 373248000  |G:N| = 8  maxclasses = 9 (suppl:
6)  fails: supp-supp sizes 3732480,184320
    |G| = 373248000  |G:N| = 8  maxclasses = 17 (suppl:
10)  fails: supp-supp sizes 1036800,1036800
    |G| = 373248000  |G:N| = 8  maxclasses = 9 (suppl:
6)  fails: supp-supp sizes 3732480,184320
    |G| = 373248000  |G:N| = 8  maxclasses = 9 (suppl:
6)  fails: supp-supp sizes 3732480,184320
    |G| = 373248000  |G:N| = 8  maxclasses = 17 (suppl:
10)  fails: supp-supp sizes 1036800,1036800
    |G| = 373248000  |G:N| = 8  maxclasses = 17 (suppl:
10)  fails: supp-supp sizes 1036800,1036800
    |G| = 373248000  |G:N| = 8  maxclasses = 17 (suppl:
10)  fails: supp-supp sizes 1036800,1036800
    |G| = 373248000  |G:N| = 8  maxclasses = 9 (suppl:
6)  fails: supp-supp sizes 3732480,184320
    |G| = 373248000  |G:N| = 8  maxclasses = 9 (suppl:
6)  fails: supp-supp sizes 3732480,184320
    |G| = 373248000  |G:N| = 8  maxclasses = 17 (suppl:
10)  fails: supp-supp sizes 1036800,1036800
    |G| = 373248000  |G:N| = 8  maxclasses = 17 (suppl:
10)  fails: supp-supp sizes 1036800,1036800
    |G| = 373248000  |G:N| = 8  maxclasses = 17 (suppl:
10)  fails: supp-supp sizes 1036800,1036800
    |G| = 373248000  |G:N| = 8  maxclasses = 17 (suppl:
10)  fails: supp-supp sizes 1036800,1036800
    |G| = 373248000  |G:N| = 8  maxclasses = 17 (suppl:
10)  fails: supp-supp sizes 1036800,1036800
    |G| = 373248000  |G:N| = 8  maxclasses = 16 (suppl:
9)  fails: supp-supp sizes 37324800,8294400
    |G| = 373248000  |G:N| = 8  maxclasses = 17 (suppl:
10)  fails: supp-supp sizes 1036800,1036800
    |G| = 373248000  |G:N| = 8  maxclasses = 17 (suppl:
10)  fails: supp-supp sizes 1036800,1036800
    |G| = 373248000  |G:N| = 8  maxclasses = 9 (suppl:
6)  fails: supp-supp sizes 3732480,288000
    |G| = 373248000  |G:N| = 8  maxclasses = 9 (suppl:
6)  fails: supp-supp sizes 3732480,288000
    |G| = 373248000  |G:N| = 8  maxclasses = 17 (suppl:
10)  fails: supp-supp sizes 1036800,1036800
    |G| = 373248000  |G:N| = 8  maxclasses = 17 (suppl:
10)  fails: supp-supp sizes 1036800,1036800
    |G| = 373248000  |G:N| = 8  maxclasses = 9 (suppl:
6)  fails: supp-supp sizes 3732480,288000
    |G| = 373248000  |G:N| = 8  maxclasses = 9 (suppl:
6)  fails: supp-supp sizes 3732480,288000
    |G| = 373248000  |G:N| = 8  maxclasses = 17 (suppl:
10)  fails: supp-supp sizes 1036800,1036800
    |G| = 373248000  |G:N| = 8  maxclasses = 17 (suppl:
10)  fails: supp-supp sizes 1036800,1036800
    |G| = 373248000  |G:N| = 8  maxclasses = 9 (suppl:
6)  fails: supp-supp sizes 3732480,288000
    |G| = 373248000  |G:N| = 8  maxclasses = 9 (suppl:
6)  fails: supp-supp sizes 3732480,288000
    |G| = 373248000  |G:N| = 8  maxclasses = 17 (suppl:
10)  fails: supp-supp sizes 1036800,1036800
    |G| = 373248000  |G:N| = 8  maxclasses = 17 (suppl:
10)  fails: supp-supp sizes 1036800,1036800
    |G| = 373248000  |G:N| = 8  maxclasses = 9 (suppl:
6)  fails: supp-supp sizes 3732480,288000
    |G| = 373248000  |G:N| = 8  maxclasses = 9 (suppl:
6)  fails: supp-supp sizes 3732480,288000
    |G| = 373248000  |G:N| = 8  maxclasses = 17 (suppl:
10)  fails: supp-supp sizes 1036800,1036800
    |G| = 373248000  |G:N| = 8  maxclasses = 17 (suppl:
10)  fails: supp-supp sizes 1036800,1036800
    |G| = 373248000  |G:N| = 8  maxclasses = 9 (suppl:
6)  fails: supp-supp sizes 3732480,288000
    |G| = 373248000  |G:N| = 8  maxclasses = 16 (suppl:
9)  fails: supp-supp sizes 37324800,8294400
    |G| = 373248000  |G:N| = 8  maxclasses = 16 (suppl:
9)  fails: supp-supp sizes 37324800,8294400
    |G| = 373248000  |G:N| = 8  maxclasses = 19 (suppl:
12)  fails: supp-supp sizes 1036800,1036800
    |G| = 373248000  |G:N| = 8  maxclasses = 9 (suppl:
6)  fails: supp-supp sizes 3732480,184320
    |G| = 373248000  |G:N| = 8  maxclasses = 9 (suppl:
6)  fails: supp-supp sizes 3732480,184320
    |G| = 373248000  |G:N| = 8  maxclasses = 11 (suppl:
8)  fails: supp-supp sizes 3732480,184320
    |G| = 373248000  |G:N| = 8  maxclasses = 11 (suppl:
8)  fails: supp-supp sizes 3732480,184320
    |G| = 373248000  |G:N| = 8  maxclasses = 9 (suppl:
6)  fails: supp-supp sizes 3732480,184320
    |G| = 373248000  |G:N| = 8  maxclasses = 9 (suppl:
6)  fails: supp-supp sizes 3732480,184320
    |G| = 373248000  |G:N| = 8  maxclasses = 11 (suppl:
8)  fails: supp-supp sizes 3732480,184320
    |G| = 373248000  |G:N| = 8  maxclasses = 11 (suppl:
8)  fails: supp-supp sizes 3732480,184320
    |G| = 373248000  |G:N| = 8  maxclasses = 17 (suppl:
10)  fails: supp-supp sizes 1036800,1036800
    |G| = 373248000  |G:N| = 8  maxclasses = 17 (suppl:
10)  fails: supp-supp sizes 1036800,1036800
    |G| = 373248000  |G:N| = 8  maxclasses = 17 (suppl:
10)  fails: supp-supp sizes 1036800,1036800
    |G| = 373248000  |G:N| = 8  maxclasses = 17 (suppl:
10)  fails: supp-supp sizes 1036800,1036800
    |G| = 373248000  |G:N| = 8  maxclasses = 9 (suppl:
6)  fails: supp-supp sizes 3732480,288000
    |G| = 373248000  |G:N| = 8  maxclasses = 11 (suppl:
8)  fails: supp-supp sizes 3732480,288000
    |G| = 373248000  |G:N| = 8  maxclasses = 17 (suppl:
10)  fails: supp-supp sizes 1036800,1036800
    |G| = 373248000  |G:N| = 8  maxclasses = 19 (suppl:
12)  fails: supp-supp sizes 1036800,1036800
    |G| = 373248000  |G:N| = 8  maxclasses = 9 (suppl:
6)  fails: supp-supp sizes 3732480,184320
    |G| = 373248000  |G:N| = 8  maxclasses = 17 (suppl:
10)  fails: supp-supp sizes 1036800,1036800
    |G| = 373248000  |G:N| = 8  maxclasses = 11 (suppl:
8)  fails: supp-supp sizes 3732480,184320
    |G| = 373248000  |G:N| = 8  maxclasses = 19 (suppl:
12)  fails: supp-supp sizes 1036800,1036800
    |G| = 373248000  |G:N| = 8  maxclasses = 9 (suppl:
6)  fails: supp-supp sizes 3732480,184320
    |G| = 373248000  |G:N| = 8  maxclasses = 9 (suppl:
6)  fails: supp-supp sizes 3732480,184320
    |G| = 373248000  |G:N| = 8  maxclasses = 17 (suppl:
10)  fails: supp-supp sizes 1036800,1036800
    |G| = 373248000  |G:N| = 8  maxclasses = 17 (suppl:
10)  fails: supp-supp sizes 1036800,1036800
    |G| = 373248000  |G:N| = 8  maxclasses = 9 (suppl:
6)  fails: supp-supp sizes 3732480,184320
    |G| = 373248000  |G:N| = 8  maxclasses = 16 (suppl:
9)  fails: supp-supp sizes 37324800,8294400
    |G| = 373248000  |G:N| = 8  maxclasses = 20 (suppl:
13)  fails: supp-supp sizes 37324800,8294400
    |G| = 373248000  |G:N| = 8  maxclasses = 16 (suppl:
9)  fails: supp-supp sizes 37324800,8294400
    |G| = 373248000  |G:N| = 8  maxclasses = 16 (suppl:
9)  fails: supp-supp sizes 37324800,8294400
    |G| = 373248000  |G:N| = 8  maxclasses = 9 (suppl:
6)  fails: supp-supp sizes 3732480,184320
    |G| = 373248000  |G:N| = 8  maxclasses = 17 (suppl:
10)  fails: supp-supp sizes 1036800,1036800
    |G| = 373248000  |G:N| = 8  maxclasses = 17 (suppl:
10)  fails: supp-supp sizes 1036800,1036800
    |G| = 373248000  |G:N| = 8  maxclasses = 9 (suppl:
6)  fails: supp-supp sizes 3732480,184320
    |G| = 373248000  |G:N| = 8  maxclasses = 9 (suppl:
6)  fails: supp-supp sizes 3732480,184320
    |G| = 373248000  |G:N| = 8  maxclasses = 17 (suppl:
10)  fails: supp-supp sizes 1036800,1036800
    |G| = 373248000  |G:N| = 8  maxclasses = 17 (suppl:
10)  fails: supp-supp sizes 1036800,1036800
    |G| = 373248000  |G:N| = 8  maxclasses = 9 (suppl:
6)  fails: supp-supp sizes 3732480,184320
    |G| = 373248000  |G:N| = 8  maxclasses = 11 (suppl:
8)  fails: supp-supp sizes 3732480,184320
    |G| = 373248000  |G:N| = 8  maxclasses = 17 (suppl:
10)  fails: supp-supp sizes 1036800,1036800
    |G| = 373248000  |G:N| = 8  maxclasses = 19 (suppl:
12)  fails: supp-supp sizes 1036800,1036800
    |G| = 373248000  |G:N| = 8  maxclasses = 9 (suppl:
6)  fails: supp-supp sizes 3732480,288000
    |G| = 373248000  |G:N| = 8  maxclasses = 9 (suppl:
6)  fails: supp-supp sizes 3732480,288000
    |G| = 373248000  |G:N| = 8  maxclasses = 9 (suppl:
6)  fails: supp-supp sizes 3732480,184320
    |G| = 373248000  |G:N| = 8  maxclasses = 9 (suppl:
6)  fails: supp-supp sizes 3732480,184320
    |G| = 373248000  |G:N| = 8  maxclasses = 11 (suppl:
8)  fails: supp-supp sizes 3732480,288000
    |G| = 373248000  |G:N| = 8  maxclasses = 11 (suppl:
8)  fails: supp-supp sizes 3732480,288000
    |G| = 373248000  |G:N| = 8  maxclasses = 11 (suppl:
8)  fails: supp-supp sizes 3732480,184320
    |G| = 373248000  |G:N| = 8  maxclasses = 11 (suppl:
8)  fails: supp-supp sizes 3732480,184320
    |G| = 373248000  |G:N| = 8  maxclasses = 9 (suppl:
6)  fails: supp-supp sizes 3732480,184320
    |G| = 373248000  |G:N| = 8  maxclasses = 9 (suppl:
6)  fails: supp-supp sizes 3732480,184320
    |G| = 373248000  |G:N| = 8  maxclasses = 17 (suppl:
10)  fails: supp-supp sizes 1036800,1036800
    |G| = 373248000  |G:N| = 8  maxclasses = 17 (suppl:
10)  fails: supp-supp sizes 1036800,1036800
    |G| = 373248000  |G:N| = 8  maxclasses = 11 (suppl:
8)  fails: supp-supp sizes 3732480,184320
    |G| = 373248000  |G:N| = 8  maxclasses = 11 (suppl:
8)  fails: supp-supp sizes 3732480,184320
    |G| = 373248000  |G:N| = 8  maxclasses = 19 (suppl:
12)  fails: supp-supp sizes 1036800,1036800
    |G| = 373248000  |G:N| = 8  maxclasses = 19 (suppl:
12)  fails: supp-supp sizes 1036800,1036800
    |G| = 373248000  |G:N| = 8  maxclasses = 9 (suppl:
6)  fails: supp-supp sizes 3732480,184320
    |G| = 373248000  |G:N| = 8  maxclasses = 11 (suppl:
8)  fails: supp-supp sizes 3732480,184320
    |G| = 373248000  |G:N| = 8  maxclasses = 17 (suppl:
10)  fails: supp-supp sizes 1036800,1036800
    |G| = 373248000  |G:N| = 8  maxclasses = 19 (suppl:
12)  fails: supp-supp sizes 1036800,1036800
    |G| = 373248000  |G:N| = 8  maxclasses = 9 (suppl:
6)  fails: supp-supp sizes 3732480,184320
    |G| = 373248000  |G:N| = 8  maxclasses = 9 (suppl:
6)  fails: supp-supp sizes 3732480,184320
    |G| = 373248000  |G:N| = 8  maxclasses = 9 (suppl:
6)  fails: supp-supp sizes 3732480,184320
    |G| = 373248000  |G:N| = 8  maxclasses = 9 (suppl:
6)  fails: supp-supp sizes 3732480,184320
    |G| = 373248000  |G:N| = 8  maxclasses = 9 (suppl:
6)  fails: supp-supp sizes 3732480,184320
    |G| = 373248000  |G:N| = 8  maxclasses = 9 (suppl:
6)  fails: supp-supp sizes 3732480,184320
    |G| = 373248000  |G:N| = 8  maxclasses = 9 (suppl:
6)  fails: supp-supp sizes 3732480,184320
    |G| = 373248000  |G:N| = 8  maxclasses = 9 (suppl:
6)  fails: supp-supp sizes 3732480,184320
    |G| = 373248000  |G:N| = 8  maxclasses = 9 (suppl:
6)  fails: supp-supp sizes 3732480,288000
    |G| = 373248000  |G:N| = 8  maxclasses = 9 (suppl:
6)  fails: supp-supp sizes 3732480,288000
    |G| = 373248000  |G:N| = 8  maxclasses = 9 (suppl:
6)  fails: supp-supp sizes 3732480,288000
    |G| = 373248000  |G:N| = 8  maxclasses = 9 (suppl:
6)  fails: supp-supp sizes 3732480,288000
    |G| = 373248000  |G:N| = 8  maxclasses = 9 (suppl:
6)  fails: supp-supp sizes 3732480,288000
    |G| = 373248000  |G:N| = 8  maxclasses = 9 (suppl:
6)  fails: supp-supp sizes 3732480,288000
    |G| = 373248000  |G:N| = 8  maxclasses = 9 (suppl:
6)  fails: supp-supp sizes 3732480,288000
    |G| = 373248000  |G:N| = 8  maxclasses = 9 (suppl:
6)  fails: supp-supp sizes 3732480,288000
    |G| = 373248000  |G:N| = 8  maxclasses = 18 (suppl:
11)  fails: supp-supp sizes 62208000,24883200
    |G| = 373248000  |G:N| = 8  maxclasses = 18 (suppl:
11)  fails: supp-supp sizes 62208000,24883200
    |G| = 373248000  |G:N| = 8  maxclasses = 18 (suppl:
11)  fails: supp-supp sizes 62208000,24883200
    |G| = 373248000  |G:N| = 8  maxclasses = 18 (suppl:
11)  fails: supp-supp sizes 62208000,24883200
    |G| = 373248000  |G:N| = 8  maxclasses = 18 (suppl:
11)  fails: supp-supp sizes 62208000,24883200
    |G| = 373248000  |G:N| = 8  maxclasses = 18 (suppl:
11)  fails: supp-supp sizes 62208000,24883200
    |G| = 373248000  |G:N| = 8  maxclasses = 18 (suppl:
11)  fails: supp-supp sizes 62208000,24883200
    |G| = 373248000  |G:N| = 8  maxclasses = 18 (suppl:
11)  fails: supp-supp sizes 62208000,24883200
    |G| = 373248000  |G:N| = 8  maxclasses = 18 (suppl:
11)  fails: supp-supp sizes 62208000,24883200
    |G| = 373248000  |G:N| = 8  maxclasses = 18 (suppl:
11)  fails: supp-supp sizes 62208000,24883200
    |G| = 373248000  |G:N| = 8  maxclasses = 18 (suppl:
11)  fails: supp-supp sizes 62208000,24883200
    |G| = 373248000  |G:N| = 8  maxclasses = 9 (suppl:
6)  fails: supp-supp sizes 3732480,184320
    |G| = 373248000  |G:N| = 8  maxclasses = 18 (suppl:
11)  fails: supp-supp sizes 62208000,24883200
    |G| = 373248000  |G:N| = 8  maxclasses = 18 (suppl:
11)  fails: supp-supp sizes 62208000,24883200
    |G| = 373248000  |G:N| = 8  maxclasses = 18 (suppl:
11)  fails: supp-supp sizes 62208000,24883200
    |G| = 373248000  |G:N| = 8  maxclasses = 18 (suppl:
11)  fails: supp-supp sizes 62208000,24883200
    |G| = 373248000  |G:N| = 8  maxclasses = 9 (suppl:
6)  fails: supp-supp sizes 3732480,184320
    |G| = 373248000  |G:N| = 8  maxclasses = 9 (suppl:
6)  fails: supp-supp sizes 3732480,184320
    |G| = 373248000  |G:N| = 8  maxclasses = 11 (suppl:
8)  fails: supp-supp sizes 3732480,184320
    |G| = 373248000  |G:N| = 8  maxclasses = 11 (suppl:
8)  fails: supp-supp sizes 3732480,184320
    |G| = 373248000  |G:N| = 8  maxclasses = 9 (suppl:
6)  fails: supp-supp sizes 3732480,184320
    |G| = 373248000  |G:N| = 8  maxclasses = 9 (suppl:
6)  fails: supp-supp sizes 3732480,184320
    |G| = 373248000  |G:N| = 8  maxclasses = 11 (suppl:
8)  fails: supp-supp sizes 3732480,184320
    |G| = 373248000  |G:N| = 8  maxclasses = 11 (suppl:
8)  fails: supp-supp sizes 3732480,184320
    |G| = 373248000  |G:N| = 8  maxclasses = 9 (suppl:
6)  fails: supp-supp sizes 3732480,288000
    |G| = 373248000  |G:N| = 8  maxclasses = 9 (suppl:
6)  fails: supp-supp sizes 3732480,288000
    |G| = 373248000  |G:N| = 8  maxclasses = 11 (suppl:
8)  fails: supp-supp sizes 3732480,288000
    |G| = 373248000  |G:N| = 8  maxclasses = 11 (suppl:
8)  fails: supp-supp sizes 3732480,288000
    |G| = 373248000  |G:N| = 8  maxclasses = 9 (suppl:
6)  fails: supp-supp sizes 3732480,288000
    |G| = 373248000  |G:N| = 8  maxclasses = 9 (suppl:
6)  fails: supp-supp sizes 3732480,288000
    |G| = 373248000  |G:N| = 8  maxclasses = 11 (suppl:
8)  fails: supp-supp sizes 3732480,288000
    |G| = 373248000  |G:N| = 8  maxclasses = 11 (suppl:
8)  fails: supp-supp sizes 3732480,288000
    |G| = 373248000  |G:N| = 8  maxclasses = 9 (suppl:
6)  fails: supp-supp sizes 3732480,288000
    |G| = 373248000  |G:N| = 8  maxclasses = 9 (suppl:
6)  fails: supp-supp sizes 3732480,288000
    |G| = 373248000  |G:N| = 8  maxclasses = 11 (suppl:
8)  fails: supp-supp sizes 3732480,288000
    |G| = 373248000  |G:N| = 8  maxclasses = 11 (suppl:
8)  fails: supp-supp sizes 3732480,288000
    |G| = 373248000  |G:N| = 8  maxclasses = 9 (suppl:
6)  fails: supp-supp sizes 3732480,288000
    |G| = 373248000  |G:N| = 8  maxclasses = 9 (suppl:
6)  fails: supp-supp sizes 3732480,288000
    |G| = 373248000  |G:N| = 8  maxclasses = 11 (suppl:
8)  fails: supp-supp sizes 3732480,288000
    |G| = 373248000  |G:N| = 8  maxclasses = 11 (suppl:
8)  fails: supp-supp sizes 3732480,288000
    |G| = 373248000  |G:N| = 8  maxclasses = 9 (suppl:
6)  fails: supp-supp sizes 3732480,184320
    |G| = 373248000  |G:N| = 8  maxclasses = 18 (suppl:
11)  fails: supp-supp sizes 62208000,24883200
    |G| = 373248000  |G:N| = 8  maxclasses = 11 (suppl:
8)  fails: supp-supp sizes 3732480,288000
    |G| = 373248000  |G:N| = 8  maxclasses = 17 (suppl:
10)  fails: supp-supp sizes 1036800,1036800
    |G| = 373248000  |G:N| = 8  maxclasses = 9 (suppl:
6)  fails: supp-supp sizes 3732480,184320
    |G| = 373248000  |G:N| = 8  maxclasses = 11 (suppl:
8)  fails: supp-supp sizes 3732480,184320
    |G| = 373248000  |G:N| = 8  maxclasses = 11 (suppl:
8)  fails: supp-supp sizes 3732480,184320
    |G| = 373248000  |G:N| = 8  maxclasses = 9 (suppl:
6)  fails: supp-supp sizes 3732480,184320
    |G| = 373248000  |G:N| = 8  maxclasses = 9 (suppl:
6)  fails: supp-supp sizes 3732480,184320
    |G| = 373248000  |G:N| = 8  maxclasses = 11 (suppl:
8)  fails: supp-supp sizes 3732480,184320
    |G| = 373248000  |G:N| = 8  maxclasses = 11 (suppl:
8)  fails: supp-supp sizes 3732480,184320
    |G| = 373248000  |G:N| = 8  maxclasses = 19 (suppl:
12)  fails: supp-supp sizes 1036800,1036800
    |G| = 373248000  |G:N| = 8  maxclasses = 11 (suppl:
8)  fails: supp-supp sizes 10368000,1658880
    |G| = 373248000  |G:N| = 8  maxclasses = 11 (suppl:
8)  fails: supp-supp sizes 10368000,1658880
    |G| = 373248000  |G:N| = 8  maxclasses = 11 (suppl:
8)  fails: supp-supp sizes 10368000,1658880
    |G| = 373248000  |G:N| = 8  maxclasses = 11 (suppl:
8)  fails: supp-supp sizes 10368000,1658880
    |G| = 373248000  |G:N| = 8  maxclasses = 11 (suppl:
8)  fails: supp-supp sizes 10368000,1658880
    |G| = 373248000  |G:N| = 8  maxclasses = 11 (suppl:
8)  fails: supp-supp sizes 10368000,1658880
    |G| = 373248000  |G:N| = 8  maxclasses = 11 (suppl:
8)  fails: supp-supp sizes 10368000,1658880
    |G| = 373248000  |G:N| = 8  maxclasses = 11 (suppl:
8)  fails: supp-supp sizes 10368000,1658880
    |G| = 373248000  |G:N| = 8  maxclasses = 19 (suppl:
12)  fails: supp-supp sizes 1036800,1036800
    |G| = 373248000  |G:N| = 8  maxclasses = 11 (suppl:
8)  fails: supp-supp sizes 10368000,1658880
    |G| = 373248000  |G:N| = 8  maxclasses = 11 (suppl:
8)  fails: supp-supp sizes 10368000,1658880
    |G| = 373248000  |G:N| = 8  maxclasses = 19 (suppl:
12)  fails: supp-supp sizes 1036800,1036800
    |G| = 373248000  |G:N| = 8  maxclasses = 19 (suppl:
12)  fails: supp-supp sizes 1036800,1036800
    |G| = 373248000  |G:N| = 8  maxclasses = 19 (suppl:
12)  fails: supp-supp sizes 1036800,1036800
    |G| = 373248000  |G:N| = 8  maxclasses = 11 (suppl:
8)  fails: supp-supp sizes 10368000,1658880
    |G| = 373248000  |G:N| = 8  maxclasses = 11 (suppl:
8)  fails: supp-supp sizes 10368000,1658880
    |G| = 373248000  |G:N| = 8  maxclasses = 19 (suppl:
12)  fails: supp-supp sizes 1036800,1036800
    |G| = 373248000  |G:N| = 8  maxclasses = 19 (suppl:
12)  fails: supp-supp sizes 1036800,1036800
    |G| = 373248000  |G:N| = 8  maxclasses = 9 (suppl:
6)  fails: supp-supp sizes 3732480,184320
    |G| = 373248000  |G:N| = 8  maxclasses = 17 (suppl:
10)  fails: supp-supp sizes 1036800,1036800
    |G| = 373248000  |G:N| = 8  maxclasses = 17 (suppl:
10)  fails: supp-supp sizes 1036800,1036800
    |G| = 373248000  |G:N| = 8  maxclasses = 9 (suppl:
6)  fails: supp-supp sizes 3732480,184320
    |G| = 373248000  |G:N| = 8  maxclasses = 19 (suppl:
12)  fails: supp-supp sizes 1036800,1036800
    |G| = 373248000  |G:N| = 8  maxclasses = 11 (suppl:
8)  fails: supp-supp sizes 10368000,1658880
    |G| = 373248000  |G:N| = 8  maxclasses = 19 (suppl:
12)  fails: supp-supp sizes 1036800,1036800
    |G| = 373248000  |G:N| = 8  maxclasses = 13 (suppl:
10)  fails: supp-supp sizes 10368000,1658880
    |G| = 373248000  |G:N| = 8  maxclasses = 21 (suppl:
14)  fails: supp-supp sizes 1036800,1036800
    |G| = 373248000  |G:N| = 8  maxclasses = 11 (suppl:
8)  fails: supp-supp sizes 10368000,1658880
    |G| = 373248000  |G:N| = 8  maxclasses = 11 (suppl:
8)  fails: supp-supp sizes 10368000,1658880
    |G| = 373248000  |G:N| = 8  maxclasses = 13 (suppl:
10)  fails: supp-supp sizes 10368000,1658880
    |G| = 373248000  |G:N| = 8  maxclasses = 13 (suppl:
10)  fails: supp-supp sizes 10368000,1658880
    |G| = 373248000  |G:N| = 8  maxclasses = 11 (suppl:
8)  fails: supp-supp sizes 10368000,1658880
    |G| = 373248000  |G:N| = 8  maxclasses = 11 (suppl:
8)  fails: supp-supp sizes 10368000,1658880
    |G| = 373248000  |G:N| = 8  maxclasses = 13 (suppl:
10)  fails: supp-supp sizes 10368000,1658880
    |G| = 373248000  |G:N| = 8  maxclasses = 13 (suppl:
10)  fails: supp-supp sizes 10368000,1658880
    |G| = 373248000  |G:N| = 8  maxclasses = 22 (suppl:
15)  fails: supp-supp sizes 62208000,24883200
    |G| = 373248000  |G:N| = 8  maxclasses = 20 (suppl:
13)  fails: supp-supp sizes 62208000,24883200
    |G| = 373248000  |G:N| = 8  maxclasses = 20 (suppl:
13)  fails: supp-supp sizes 62208000,24883200
    |G| = 373248000  |G:N| = 8  maxclasses = 20 (suppl:
13)  fails: supp-supp sizes 62208000,24883200
    |G| = 373248000  |G:N| = 8  maxclasses = 20 (suppl:
13)  fails: supp-supp sizes 62208000,24883200
    |G| = 373248000  |G:N| = 8  maxclasses = 24 (suppl:
17)  fails: supp-supp sizes 62208000,24883200
    |G| = 373248000  |G:N| = 8  maxclasses = 20 (suppl:
13)  fails: supp-supp sizes 62208000,24883200
    |G| = 373248000  |G:N| = 8  maxclasses = 20 (suppl:
13)  fails: supp-supp sizes 62208000,24883200
    |G| = 373248000  |G:N| = 8  maxclasses = 20 (suppl:
13)  fails: supp-supp sizes 62208000,24883200
    |G| = 373248000  |G:N| = 8  maxclasses = 20 (suppl:
13)  fails: supp-supp sizes 62208000,24883200
    |G| = 373248000  |G:N| = 8  maxclasses = 20 (suppl:
13)  fails: supp-supp sizes 62208000,24883200
    |G| = 373248000  |G:N| = 8  maxclasses = 18 (suppl:
11)  fails: supp-supp sizes 62208000,24883200
    |G| = 373248000  |G:N| = 8  maxclasses = 18 (suppl:
11)  fails: supp-supp sizes 62208000,24883200
    |G| = 373248000  |G:N| = 8  maxclasses = 18 (suppl:
11)  fails: supp-supp sizes 62208000,24883200
    |G| = 373248000  |G:N| = 8  maxclasses = 18 (suppl:
11)  fails: supp-supp sizes 62208000,24883200
    |G| = 373248000  |G:N| = 8  maxclasses = 18 (suppl:
11)  fails: supp-supp sizes 62208000,24883200
    |G| = 373248000  |G:N| = 8  maxclasses = 18 (suppl:
11)  fails: supp-supp sizes 62208000,24883200
    |G| = 373248000  |G:N| = 8  maxclasses = 18 (suppl:
11)  fails: supp-supp sizes 62208000,24883200
    |G| = 373248000  |G:N| = 8  maxclasses = 18 (suppl:
11)  fails: supp-supp sizes 62208000,24883200
    |G| = 373248000  |G:N| = 8  maxclasses = 18 (suppl:
11)  fails: supp-supp sizes 62208000,24883200
    |G| = 373248000  |G:N| = 8  maxclasses = 18 (suppl:
11)  fails: supp-supp sizes 62208000,24883200
    |G| = 373248000  |G:N| = 8  maxclasses = 18 (suppl:
11)  fails: supp-supp sizes 62208000,24883200
    |G| = 373248000  |G:N| = 8  maxclasses = 18 (suppl:
11)  fails: supp-supp sizes 62208000,24883200
    |G| = 373248000  |G:N| = 8  maxclasses = 18 (suppl:
11)  fails: supp-supp sizes 62208000,24883200
    |G| = 373248000  |G:N| = 8  maxclasses = 18 (suppl:
11)  fails: supp-supp sizes 62208000,24883200
    |G| = 373248000  |G:N| = 8  maxclasses = 18 (suppl:
11)  fails: supp-supp sizes 62208000,24883200
    |G| = 373248000  |G:N| = 8  maxclasses = 18 (suppl:
11)  fails: supp-supp sizes 62208000,24883200
    |G| = 373248000  |G:N| = 8  maxclasses = 18 (suppl:
11)  fails: supp-supp sizes 62208000,24883200
    |G| = 373248000  |G:N| = 8  maxclasses = 18 (suppl:
11)  fails: supp-supp sizes 62208000,24883200
    |G| = 373248000  |G:N| = 8  maxclasses = 18 (suppl:
11)  fails: supp-supp sizes 62208000,24883200
    |G| = 373248000  |G:N| = 8  maxclasses = 18 (suppl:
11)  fails: supp-supp sizes 62208000,24883200
    |G| = 373248000  |G:N| = 8  maxclasses = 9 (suppl:
6)  fails: supp-supp sizes 3732480,288000
    |G| = 373248000  |G:N| = 8  maxclasses = 18 (suppl:
11)  fails: supp-supp sizes 62208000,24883200
    |G| = 373248000  |G:N| = 8  maxclasses = 9 (suppl:
6)  fails: supp-supp sizes 3732480,288000
    |G| = 373248000  |G:N| = 8  maxclasses = 9 (suppl:
6)  fails: supp-supp sizes 3732480,288000
    |G| = 373248000  |G:N| = 8  maxclasses = 9 (suppl:
6)  fails: supp-supp sizes 3732480,288000
    |G| = 373248000  |G:N| = 8  maxclasses = 18 (suppl:
11)  fails: supp-supp sizes 62208000,24883200
    |G| = 373248000  |G:N| = 8  maxclasses = 9 (suppl:
6)  fails: supp-supp sizes 3732480,288000
    |G| = 373248000  |G:N| = 8  maxclasses = 9 (suppl:
6)  fails: supp-supp sizes 3732480,288000
    |G| = 373248000  |G:N| = 8  maxclasses = 9 (suppl:
6)  fails: supp-supp sizes 3732480,288000
    |G| = 373248000  |G:N| = 8  maxclasses = 18 (suppl:
11)  fails: supp-supp sizes 62208000,24883200
    |G| = 373248000  |G:N| = 8  maxclasses = 9 (suppl:
6)  fails: supp-supp sizes 3732480,288000
    |G| = 373248000  |G:N| = 8  maxclasses = 9 (suppl:
6)  fails: supp-supp sizes 3732480,184320
    |G| = 373248000  |G:N| = 8  maxclasses = 9 (suppl:
6)  fails: supp-supp sizes 3732480,184320
    |G| = 373248000  |G:N| = 8  maxclasses = 18 (suppl:
11)  fails: supp-supp sizes 62208000,24883200
    |G| = 373248000  |G:N| = 8  maxclasses = 9 (suppl:
6)  fails: supp-supp sizes 3732480,184320
    |G| = 373248000  |G:N| = 8  maxclasses = 9 (suppl:
6)  fails: supp-supp sizes 3732480,184320
    |G| = 373248000  |G:N| = 8  maxclasses = 9 (suppl:
6)  fails: supp-supp sizes 3732480,184320
    |G| = 373248000  |G:N| = 8  maxclasses = 18 (suppl:
11)  fails: supp-supp sizes 62208000,24883200
    |G| = 373248000  |G:N| = 8  maxclasses = 9 (suppl:
6)  fails: supp-supp sizes 3732480,184320
    |G| = 373248000  |G:N| = 8  maxclasses = 9 (suppl:
6)  fails: supp-supp sizes 3732480,184320
    |G| = 373248000  |G:N| = 8  maxclasses = 18 (suppl:
11)  fails: supp-supp sizes 62208000,24883200
    |G| = 559872000  |G:N| = 12  maxclasses = 8 (suppl:
4)  fails: supp-supp sizes 4320,559872
    |G| = 559872000  |G:N| = 12  maxclasses = 8 (suppl:
4)  fails: supp-supp sizes 4320,559872
    |G| = 559872000  |G:N| = 12  maxclasses = 8 (suppl:
4)  fails: supp-supp sizes 4320,559872
    |G| = 559872000  |G:N| = 12  maxclasses = 5 (suppl:
3)  fails: supp-supp sizes 559872,12000
    |G| = 559872000  |G:N| = 12  maxclasses = 8 (suppl:
4)  fails: supp-supp sizes 4320,559872
    |G| = 559872000  |G:N| = 12  maxclasses = 8 (suppl:
4)  fails: supp-supp sizes 4320,559872
    |G| = 559872000  |G:N| = 12  maxclasses = 10 (suppl:
6)  fails: supp-supp sizes 4320,2592000
    |G| = 559872000  |G:N| = 12  maxclasses = 7 (suppl:
5)  fails: supp-supp sizes 2592000,165888
    |G| = 559872000  |G:N| = 12  maxclasses = 8 (suppl:
4)  fails: supp-supp sizes 4320,559872
    |G| = 559872000  |G:N| = 12  maxclasses = 5 (suppl:
3)  fails: supp-supp sizes 559872,12000
    |G| = 559872000  |G:N| = 12  maxclasses = 5 (suppl:
3)  fails: supp-supp sizes 559872,12000
    |G| = 746496000  |G:N| = 16  maxclasses = 13 (suppl:
6)  fails: supp-supp sizes 7464960,368640
    |G| = 746496000  |G:N| = 16  maxclasses = 13 (suppl:
6)  fails: supp-supp sizes 7464960,368640
    |G| = 746496000  |G:N| = 16  maxclasses = 13 (suppl:
6)  fails: supp-supp sizes 7464960,368640
    |G| = 746496000  |G:N| = 16  maxclasses = 24 (suppl:
9)  fails: supp-supp sizes 74649600,16588800
    |G| = 746496000  |G:N| = 16  maxclasses = 13 (suppl:
6)  fails: supp-supp sizes 7464960,368640
    |G| = 746496000  |G:N| = 16  maxclasses = 25 (suppl:
10)  fails: supp-supp sizes 2073600,2073600
    |G| = 746496000  |G:N| = 16  maxclasses = 24 (suppl:
9)  fails: supp-supp sizes 74649600,16588800
    |G| = 746496000  |G:N| = 16  maxclasses = 24 (suppl:
9)  fails: supp-supp sizes 74649600,16588800
    |G| = 746496000  |G:N| = 16  maxclasses = 13 (suppl:
6)  fails: supp-supp sizes 7464960,576000
    |G| = 746496000  |G:N| = 16  maxclasses = 13 (suppl:
6)  fails: supp-supp sizes 7464960,368640
    |G| = 746496000  |G:N| = 16  maxclasses = 13 (suppl:
6)  fails: supp-supp sizes 7464960,576000
    |G| = 746496000  |G:N| = 16  maxclasses = 25 (suppl:
10)  fails: supp-supp sizes 2073600,2073600
    |G| = 746496000  |G:N| = 16  maxclasses = 13 (suppl:
6)  fails: supp-supp sizes 7464960,368640
    |G| = 746496000  |G:N| = 16  maxclasses = 13 (suppl:
6)  fails: supp-supp sizes 7464960,368640
    |G| = 746496000  |G:N| = 16  maxclasses = 13 (suppl:
6)  fails: supp-supp sizes 7464960,368640
    |G| = 746496000  |G:N| = 16  maxclasses = 13 (suppl:
6)  fails: supp-supp sizes 7464960,368640
    |G| = 746496000  |G:N| = 16  maxclasses = 13 (suppl:
6)  fails: supp-supp sizes 7464960,368640
    |G| = 746496000  |G:N| = 16  maxclasses = 13 (suppl:
6)  fails: supp-supp sizes 7464960,368640
    |G| = 746496000  |G:N| = 16  maxclasses = 13 (suppl:
6)  fails: supp-supp sizes 7464960,368640
    |G| = 746496000  |G:N| = 16  maxclasses = 13 (suppl:
6)  fails: supp-supp sizes 7464960,368640
    |G| = 746496000  |G:N| = 16  maxclasses = 13 (suppl:
6)  fails: supp-supp sizes 7464960,368640
    |G| = 746496000  |G:N| = 16  maxclasses = 13 (suppl:
6)  fails: supp-supp sizes 7464960,368640
    |G| = 746496000  |G:N| = 16  maxclasses = 13 (suppl:
6)  fails: supp-supp sizes 7464960,368640
    |G| = 746496000  |G:N| = 16  maxclasses = 13 (suppl:
6)  fails: supp-supp sizes 7464960,368640
    |G| = 746496000  |G:N| = 16  maxclasses = 13 (suppl:
6)  fails: supp-supp sizes 7464960,368640
    |G| = 746496000  |G:N| = 16  maxclasses = 13 (suppl:
6)  fails: supp-supp sizes 7464960,368640
    |G| = 746496000  |G:N| = 16  maxclasses = 13 (suppl:
6)  fails: supp-supp sizes 7464960,368640
    |G| = 746496000  |G:N| = 16  maxclasses = 13 (suppl:
6)  fails: supp-supp sizes 7464960,368640
    |G| = 746496000  |G:N| = 16  maxclasses = 13 (suppl:
6)  fails: supp-supp sizes 7464960,368640
    |G| = 746496000  |G:N| = 16  maxclasses = 13 (suppl:
6)  fails: supp-supp sizes 7464960,368640
    |G| = 746496000  |G:N| = 16  maxclasses = 13 (suppl:
6)  fails: supp-supp sizes 7464960,576000
    |G| = 746496000  |G:N| = 16  maxclasses = 25 (suppl:
10)  fails: supp-supp sizes 2073600,2073600
    |G| = 746496000  |G:N| = 16  maxclasses = 13 (suppl:
6)  fails: supp-supp sizes 7464960,368640
    |G| = 746496000  |G:N| = 16  maxclasses = 25 (suppl:
10)  fails: supp-supp sizes 2073600,2073600
    |G| = 746496000  |G:N| = 16  maxclasses = 13 (suppl:
6)  fails: supp-supp sizes 7464960,576000
    |G| = 746496000  |G:N| = 16  maxclasses = 25 (suppl:
10)  fails: supp-supp sizes 2073600,2073600
    |G| = 746496000  |G:N| = 16  maxclasses = 13 (suppl:
6)  fails: supp-supp sizes 7464960,368640
    |G| = 746496000  |G:N| = 16  maxclasses = 13 (suppl:
6)  fails: supp-supp sizes 7464960,368640
    |G| = 746496000  |G:N| = 16  maxclasses = 25 (suppl:
10)  fails: supp-supp sizes 2073600,2073600
    |G| = 746496000  |G:N| = 16  maxclasses = 13 (suppl:
6)  fails: supp-supp sizes 7464960,368640
    |G| = 746496000  |G:N| = 16  maxclasses = 25 (suppl:
10)  fails: supp-supp sizes 2073600,2073600
    |G| = 746496000  |G:N| = 16  maxclasses = 13 (suppl:
6)  fails: supp-supp sizes 7464960,368640
    |G| = 746496000  |G:N| = 16  maxclasses = 15 (suppl:
8)  fails: supp-supp sizes 7464960,368640
    |G| = 746496000  |G:N| = 16  maxclasses = 13 (suppl:
6)  fails: supp-supp sizes 7464960,368640
    |G| = 746496000  |G:N| = 16  maxclasses = 15 (suppl:
8)  fails: supp-supp sizes 7464960,368640
    |G| = 746496000  |G:N| = 16  maxclasses = 13 (suppl:
6)  fails: supp-supp sizes 7464960,368640
    |G| = 746496000  |G:N| = 16  maxclasses = 25 (suppl:
10)  fails: supp-supp sizes 2073600,2073600
    |G| = 746496000  |G:N| = 16  maxclasses = 9 (suppl:
6)  fails: supp-supp sizes 7464960,368640
    |G| = 746496000  |G:N| = 16  maxclasses = 9 (suppl:
6)  fails: supp-supp sizes 7464960,368640
    |G| = 746496000  |G:N| = 16  maxclasses = 9 (suppl:
6)  fails: supp-supp sizes 7464960,368640
    |G| = 746496000  |G:N| = 16  maxclasses = 9 (suppl:
6)  fails: supp-supp sizes 7464960,368640
    |G| = 746496000  |G:N| = 16  maxclasses = 13 (suppl:
6)  fails: supp-supp sizes 7464960,368640
    |G| = 746496000  |G:N| = 16  maxclasses = 13 (suppl:
6)  fails: supp-supp sizes 7464960,368640
    |G| = 746496000  |G:N| = 16  maxclasses = 13 (suppl:
6)  fails: supp-supp sizes 7464960,368640
    |G| = 746496000  |G:N| = 16  maxclasses = 13 (suppl:
6)  fails: supp-supp sizes 7464960,368640
    |G| = 746496000  |G:N| = 16  maxclasses = 13 (suppl:
6)  fails: supp-supp sizes 7464960,368640
    |G| = 746496000  |G:N| = 16  maxclasses = 13 (suppl:
6)  fails: supp-supp sizes 7464960,368640
    |G| = 746496000  |G:N| = 16  maxclasses = 9 (suppl:
6)  fails: supp-supp sizes 7464960,368640
    |G| = 746496000  |G:N| = 16  maxclasses = 9 (suppl:
6)  fails: supp-supp sizes 7464960,368640
    |G| = 746496000  |G:N| = 16  maxclasses = 13 (suppl:
6)  fails: supp-supp sizes 7464960,368640
    |G| = 746496000  |G:N| = 16  maxclasses = 13 (suppl:
6)  fails: supp-supp sizes 7464960,368640
    |G| = 746496000  |G:N| = 16  maxclasses = 13 (suppl:
6)  fails: supp-supp sizes 7464960,368640
    |G| = 746496000  |G:N| = 16  maxclasses = 13 (suppl:
6)  fails: supp-supp sizes 7464960,368640
    |G| = 746496000  |G:N| = 16  maxclasses = 13 (suppl:
6)  fails: supp-supp sizes 7464960,368640
    |G| = 746496000  |G:N| = 16  maxclasses = 13 (suppl:
6)  fails: supp-supp sizes 7464960,368640
    |G| = 746496000  |G:N| = 16  maxclasses = 15 (suppl:
8)  fails: supp-supp sizes 7464960,368640
    |G| = 746496000  |G:N| = 16  maxclasses = 13 (suppl:
6)  fails: supp-supp sizes 7464960,368640
    |G| = 746496000  |G:N| = 16  maxclasses = 13 (suppl:
6)  fails: supp-supp sizes 7464960,368640
    |G| = 746496000  |G:N| = 16  maxclasses = 13 (suppl:
6)  fails: supp-supp sizes 7464960,368640
    |G| = 746496000  |G:N| = 16  maxclasses = 25 (suppl:
10)  fails: supp-supp sizes 2073600,2073600
    |G| = 746496000  |G:N| = 16  maxclasses = 13 (suppl:
6)  fails: supp-supp sizes 7464960,576000
    |G| = 746496000  |G:N| = 16  maxclasses = 13 (suppl:
6)  fails: supp-supp sizes 7464960,576000
    |G| = 746496000  |G:N| = 16  maxclasses = 13 (suppl:
6)  fails: supp-supp sizes 7464960,368640
    |G| = 746496000  |G:N| = 16  maxclasses = 13 (suppl:
6)  fails: supp-supp sizes 7464960,368640
    |G| = 746496000  |G:N| = 16  maxclasses = 13 (suppl:
6)  fails: supp-supp sizes 7464960,368640
    |G| = 746496000  |G:N| = 16  maxclasses = 13 (suppl:
6)  fails: supp-supp sizes 7464960,368640
    |G| = 746496000  |G:N| = 16  maxclasses = 25 (suppl:
10)  fails: supp-supp sizes 2073600,2073600
    |G| = 746496000  |G:N| = 16  maxclasses = 25 (suppl:
10)  fails: supp-supp sizes 2073600,2073600
    |G| = 746496000  |G:N| = 16  maxclasses = 13 (suppl:
6)  fails: supp-supp sizes 7464960,368640
    |G| = 746496000  |G:N| = 16  maxclasses = 25 (suppl:
10)  fails: supp-supp sizes 2073600,2073600
    |G| = 746496000  |G:N| = 16  maxclasses = 13 (suppl:
6)  fails: supp-supp sizes 7464960,576000
    |G| = 746496000  |G:N| = 16  maxclasses = 13 (suppl:
6)  fails: supp-supp sizes 7464960,576000
    |G| = 746496000  |G:N| = 16  maxclasses = 13 (suppl:
6)  fails: supp-supp sizes 7464960,368640
    |G| = 746496000  |G:N| = 16  maxclasses = 13 (suppl:
6)  fails: supp-supp sizes 7464960,368640
    |G| = 746496000  |G:N| = 16  maxclasses = 13 (suppl:
6)  fails: supp-supp sizes 7464960,368640
    |G| = 746496000  |G:N| = 16  maxclasses = 13 (suppl:
6)  fails: supp-supp sizes 7464960,368640
    |G| = 746496000  |G:N| = 16  maxclasses = 25 (suppl:
10)  fails: supp-supp sizes 2073600,2073600
    |G| = 746496000  |G:N| = 16  maxclasses = 24 (suppl:
9)  fails: supp-supp sizes 74649600,16588800
    |G| = 746496000  |G:N| = 16  maxclasses = 24 (suppl:
9)  fails: supp-supp sizes 74649600,16588800
    |G| = 746496000  |G:N| = 16  maxclasses = 24 (suppl:
9)  fails: supp-supp sizes 74649600,16588800
    |G| = 746496000  |G:N| = 16  maxclasses = 24 (suppl:
9)  fails: supp-supp sizes 74649600,16588800
    |G| = 746496000  |G:N| = 16  maxclasses = 24 (suppl:
9)  fails: supp-supp sizes 74649600,16588800
    |G| = 746496000  |G:N| = 16  maxclasses = 24 (suppl:
9)  fails: supp-supp sizes 74649600,16588800
    |G| = 746496000  |G:N| = 16  maxclasses = 24 (suppl:
9)  fails: supp-supp sizes 74649600,16588800
    |G| = 746496000  |G:N| = 16  maxclasses = 24 (suppl:
9)  fails: supp-supp sizes 74649600,16588800
    |G| = 746496000  |G:N| = 16  maxclasses = 9 (suppl:
6)  fails: supp-supp sizes 7464960,368640
    |G| = 746496000  |G:N| = 16  maxclasses = 9 (suppl:
6)  fails: supp-supp sizes 7464960,368640
    |G| = 746496000  |G:N| = 16  maxclasses = 24 (suppl:
9)  fails: supp-supp sizes 74649600,20736000
    |G| = 746496000  |G:N| = 16  maxclasses = 24 (suppl:
9)  fails: supp-supp sizes 74649600,16588800
    |G| = 746496000  |G:N| = 16  maxclasses = 24 (suppl:
9)  fails: supp-supp sizes 74649600,16588800
    |G| = 746496000  |G:N| = 16  maxclasses = 24 (suppl:
9)  fails: supp-supp sizes 74649600,16588800
    |G| = 746496000  |G:N| = 16  maxclasses = 24 (suppl:
9)  fails: supp-supp sizes 74649600,16588800
    |G| = 746496000  |G:N| = 16  maxclasses = 24 (suppl:
9)  fails: supp-supp sizes 74649600,16588800
    |G| = 746496000  |G:N| = 16  maxclasses = 24 (suppl:
9)  fails: supp-supp sizes 74649600,16588800
    |G| = 746496000  |G:N| = 16  maxclasses = 24 (suppl:
9)  fails: supp-supp sizes 74649600,16588800
    |G| = 746496000  |G:N| = 16  maxclasses = 24 (suppl:
9)  fails: supp-supp sizes 74649600,16588800
    |G| = 746496000  |G:N| = 16  maxclasses = 24 (suppl:
9)  fails: supp-supp sizes 74649600,16588800
    |G| = 746496000  |G:N| = 16  maxclasses = 24 (suppl:
9)  fails: supp-supp sizes 74649600,16588800
    |G| = 746496000  |G:N| = 16  maxclasses = 24 (suppl:
9)  fails: supp-supp sizes 74649600,16588800
    |G| = 746496000  |G:N| = 16  maxclasses = 24 (suppl:
9)  fails: supp-supp sizes 74649600,16588800
    |G| = 746496000  |G:N| = 16  maxclasses = 24 (suppl:
9)  fails: supp-supp sizes 74649600,16588800
    |G| = 746496000  |G:N| = 16  maxclasses = 24 (suppl:
9)  fails: supp-supp sizes 74649600,16588800
    |G| = 746496000  |G:N| = 16  maxclasses = 24 (suppl:
9)  fails: supp-supp sizes 74649600,16588800
    |G| = 746496000  |G:N| = 16  maxclasses = 24 (suppl:
9)  fails: supp-supp sizes 74649600,16588800
    |G| = 746496000  |G:N| = 16  maxclasses = 24 (suppl:
9)  fails: supp-supp sizes 74649600,16588800
    |G| = 746496000  |G:N| = 16  maxclasses = 24 (suppl:
9)  fails: supp-supp sizes 74649600,16588800
    |G| = 746496000  |G:N| = 16  maxclasses = 24 (suppl:
9)  fails: supp-supp sizes 74649600,16588800
    |G| = 746496000  |G:N| = 16  maxclasses = 24 (suppl:
9)  fails: supp-supp sizes 74649600,16588800
    |G| = 746496000  |G:N| = 16  maxclasses = 24 (suppl:
9)  fails: supp-supp sizes 74649600,16588800
    |G| = 746496000  |G:N| = 16  maxclasses = 24 (suppl:
9)  fails: supp-supp sizes 74649600,16588800
    |G| = 746496000  |G:N| = 16  maxclasses = 24 (suppl:
9)  fails: supp-supp sizes 74649600,16588800
    |G| = 746496000  |G:N| = 16  maxclasses = 24 (suppl:
9)  fails: supp-supp sizes 74649600,16588800
    |G| = 746496000  |G:N| = 16  maxclasses = 24 (suppl:
9)  fails: supp-supp sizes 74649600,16588800
    |G| = 746496000  |G:N| = 16  maxclasses = 24 (suppl:
9)  fails: supp-supp sizes 74649600,16588800
    |G| = 746496000  |G:N| = 16  maxclasses = 24 (suppl:
9)  fails: supp-supp sizes 74649600,16588800
    |G| = 746496000  |G:N| = 16  maxclasses = 24 (suppl:
9)  fails: supp-supp sizes 74649600,16588800
    |G| = 746496000  |G:N| = 16  maxclasses = 24 (suppl:
9)  fails: supp-supp sizes 74649600,16588800
    |G| = 746496000  |G:N| = 16  maxclasses = 24 (suppl:
9)  fails: supp-supp sizes 74649600,16588800
    |G| = 746496000  |G:N| = 16  maxclasses = 24 (suppl:
9)  fails: supp-supp sizes 74649600,16588800
    |G| = 746496000  |G:N| = 16  maxclasses = 24 (suppl:
9)  fails: supp-supp sizes 74649600,16588800
    |G| = 746496000  |G:N| = 16  maxclasses = 24 (suppl:
9)  fails: supp-supp sizes 74649600,16588800
    |G| = 746496000  |G:N| = 16  maxclasses = 24 (suppl:
9)  fails: supp-supp sizes 74649600,16588800
    |G| = 746496000  |G:N| = 16  maxclasses = 24 (suppl:
9)  fails: supp-supp sizes 74649600,16588800
    |G| = 746496000  |G:N| = 16  maxclasses = 24 (suppl:
9)  fails: supp-supp sizes 74649600,16588800
    |G| = 746496000  |G:N| = 16  maxclasses = 24 (suppl:
9)  fails: supp-supp sizes 74649600,16588800
    |G| = 746496000  |G:N| = 16  maxclasses = 24 (suppl:
9)  fails: supp-supp sizes 74649600,16588800
    |G| = 746496000  |G:N| = 16  maxclasses = 24 (suppl:
9)  fails: supp-supp sizes 74649600,16588800
    |G| = 746496000  |G:N| = 16  maxclasses = 24 (suppl:
9)  fails: supp-supp sizes 74649600,16588800
    |G| = 746496000  |G:N| = 16  maxclasses = 24 (suppl:
9)  fails: supp-supp sizes 74649600,16588800
    |G| = 746496000  |G:N| = 16  maxclasses = 24 (suppl:
9)  fails: supp-supp sizes 74649600,16588800
    |G| = 746496000  |G:N| = 16  maxclasses = 24 (suppl:
9)  fails: supp-supp sizes 74649600,16588800
    |G| = 746496000  |G:N| = 16  maxclasses = 24 (suppl:
9)  fails: supp-supp sizes 74649600,16588800
    |G| = 746496000  |G:N| = 16  maxclasses = 24 (suppl:
9)  fails: supp-supp sizes 74649600,16588800
    |G| = 746496000  |G:N| = 16  maxclasses = 24 (suppl:
9)  fails: supp-supp sizes 74649600,16588800
    |G| = 746496000  |G:N| = 16  maxclasses = 24 (suppl:
9)  fails: supp-supp sizes 74649600,16588800
    |G| = 746496000  |G:N| = 16  maxclasses = 24 (suppl:
9)  fails: supp-supp sizes 74649600,16588800
    |G| = 746496000  |G:N| = 16  maxclasses = 24 (suppl:
9)  fails: supp-supp sizes 74649600,16588800
    |G| = 746496000  |G:N| = 16  maxclasses = 24 (suppl:
9)  fails: supp-supp sizes 74649600,16588800
    |G| = 746496000  |G:N| = 16  maxclasses = 24 (suppl:
9)  fails: supp-supp sizes 74649600,16588800
    |G| = 746496000  |G:N| = 16  maxclasses = 24 (suppl:
9)  fails: supp-supp sizes 74649600,16588800
    |G| = 746496000  |G:N| = 16  maxclasses = 24 (suppl:
9)  fails: supp-supp sizes 74649600,16588800
    |G| = 746496000  |G:N| = 16  maxclasses = 24 (suppl:
9)  fails: supp-supp sizes 74649600,16588800
    |G| = 746496000  |G:N| = 16  maxclasses = 24 (suppl:
9)  fails: supp-supp sizes 74649600,16588800
    |G| = 746496000  |G:N| = 16  maxclasses = 28 (suppl:
13)  fails: supp-supp sizes 74649600,16588800
    |G| = 746496000  |G:N| = 16  maxclasses = 24 (suppl:
9)  fails: supp-supp sizes 74649600,16588800
    |G| = 746496000  |G:N| = 16  maxclasses = 24 (suppl:
9)  fails: supp-supp sizes 74649600,16588800
    |G| = 746496000  |G:N| = 16  maxclasses = 24 (suppl:
9)  fails: supp-supp sizes 74649600,16588800
    |G| = 746496000  |G:N| = 16  maxclasses = 24 (suppl:
9)  fails: supp-supp sizes 74649600,16588800
    |G| = 746496000  |G:N| = 16  maxclasses = 24 (suppl:
9)  fails: supp-supp sizes 74649600,16588800
    |G| = 746496000  |G:N| = 16  maxclasses = 24 (suppl:
9)  fails: supp-supp sizes 74649600,16588800
    |G| = 746496000  |G:N| = 16  maxclasses = 24 (suppl:
9)  fails: supp-supp sizes 74649600,16588800
    |G| = 746496000  |G:N| = 16  maxclasses = 24 (suppl:
9)  fails: supp-supp sizes 74649600,16588800
    |G| = 746496000  |G:N| = 16  maxclasses = 24 (suppl:
9)  fails: supp-supp sizes 74649600,16588800
    |G| = 746496000  |G:N| = 16  maxclasses = 24 (suppl:
9)  fails: supp-supp sizes 74649600,16588800
    |G| = 746496000  |G:N| = 16  maxclasses = 24 (suppl:
9)  fails: supp-supp sizes 74649600,16588800
    |G| = 746496000  |G:N| = 16  maxclasses = 24 (suppl:
9)  fails: supp-supp sizes 74649600,16588800
    |G| = 746496000  |G:N| = 16  maxclasses = 24 (suppl:
9)  fails: supp-supp sizes 74649600,16588800
    |G| = 746496000  |G:N| = 16  maxclasses = 24 (suppl:
9)  fails: supp-supp sizes 74649600,16588800
    |G| = 746496000  |G:N| = 16  maxclasses = 13 (suppl:
6)  fails: supp-supp sizes 7464960,368640
    |G| = 746496000  |G:N| = 16  maxclasses = 24 (suppl:
9)  fails: supp-supp sizes 74649600,16588800
    |G| = 746496000  |G:N| = 16  maxclasses = 24 (suppl:
9)  fails: supp-supp sizes 74649600,16588800
    |G| = 746496000  |G:N| = 16  maxclasses = 24 (suppl:
9)  fails: supp-supp sizes 74649600,16588800
    |G| = 746496000  |G:N| = 16  maxclasses = 24 (suppl:
9)  fails: supp-supp sizes 74649600,16588800
    |G| = 746496000  |G:N| = 16  maxclasses = 24 (suppl:
9)  fails: supp-supp sizes 74649600,16588800
    |G| = 746496000  |G:N| = 16  maxclasses = 24 (suppl:
9)  fails: supp-supp sizes 74649600,16588800
    |G| = 746496000  |G:N| = 16  maxclasses = 24 (suppl:
9)  fails: supp-supp sizes 74649600,16588800
    |G| = 746496000  |G:N| = 16  maxclasses = 24 (suppl:
9)  fails: supp-supp sizes 74649600,16588800
    |G| = 746496000  |G:N| = 16  maxclasses = 24 (suppl:
9)  fails: supp-supp sizes 74649600,16588800
    |G| = 746496000  |G:N| = 16  maxclasses = 24 (suppl:
9)  fails: supp-supp sizes 74649600,16588800
    |G| = 746496000  |G:N| = 16  maxclasses = 24 (suppl:
9)  fails: supp-supp sizes 74649600,16588800
    |G| = 746496000  |G:N| = 16  maxclasses = 24 (suppl:
9)  fails: supp-supp sizes 74649600,16588800
    |G| = 746496000  |G:N| = 16  maxclasses = 24 (suppl:
9)  fails: supp-supp sizes 74649600,16588800
    |G| = 746496000  |G:N| = 16  maxclasses = 24 (suppl:
9)  fails: supp-supp sizes 74649600,16588800
    |G| = 746496000  |G:N| = 16  maxclasses = 24 (suppl:
9)  fails: supp-supp sizes 74649600,16588800
    |G| = 746496000  |G:N| = 16  maxclasses = 24 (suppl:
9)  fails: supp-supp sizes 74649600,16588800
    |G| = 746496000  |G:N| = 16  maxclasses = 24 (suppl:
9)  fails: supp-supp sizes 74649600,16588800
    |G| = 746496000  |G:N| = 16  maxclasses = 24 (suppl:
9)  fails: supp-supp sizes 74649600,16588800
    |G| = 746496000  |G:N| = 16  maxclasses = 24 (suppl:
9)  fails: supp-supp sizes 74649600,16588800
    |G| = 746496000  |G:N| = 16  maxclasses = 24 (suppl:
9)  fails: supp-supp sizes 74649600,16588800
    |G| = 746496000  |G:N| = 16  maxclasses = 24 (suppl:
9)  fails: supp-supp sizes 74649600,16588800
    |G| = 746496000  |G:N| = 16  maxclasses = 24 (suppl:
9)  fails: supp-supp sizes 74649600,16588800
    |G| = 746496000  |G:N| = 16  maxclasses = 24 (suppl:
9)  fails: supp-supp sizes 74649600,16588800
    |G| = 746496000  |G:N| = 16  maxclasses = 24 (suppl:
9)  fails: supp-supp sizes 74649600,16588800
    |G| = 746496000  |G:N| = 16  maxclasses = 24 (suppl:
9)  fails: supp-supp sizes 74649600,16588800
    |G| = 746496000  |G:N| = 16  maxclasses = 24 (suppl:
9)  fails: supp-supp sizes 74649600,16588800
    |G| = 746496000  |G:N| = 16  maxclasses = 24 (suppl:
9)  fails: supp-supp sizes 74649600,16588800
    |G| = 746496000  |G:N| = 16  maxclasses = 24 (suppl:
9)  fails: supp-supp sizes 74649600,16588800
    |G| = 746496000  |G:N| = 16  maxclasses = 24 (suppl:
9)  fails: supp-supp sizes 74649600,16588800
    |G| = 746496000  |G:N| = 16  maxclasses = 24 (suppl:
9)  fails: supp-supp sizes 74649600,16588800
    |G| = 746496000  |G:N| = 16  maxclasses = 24 (suppl:
9)  fails: supp-supp sizes 74649600,16588800
    |G| = 746496000  |G:N| = 16  maxclasses = 24 (suppl:
9)  fails: supp-supp sizes 74649600,16588800
    |G| = 746496000  |G:N| = 16  maxclasses = 24 (suppl:
9)  fails: supp-supp sizes 74649600,16588800
    |G| = 746496000  |G:N| = 16  maxclasses = 24 (suppl:
9)  fails: supp-supp sizes 74649600,16588800
    |G| = 746496000  |G:N| = 16  maxclasses = 24 (suppl:
9)  fails: supp-supp sizes 74649600,16588800
    |G| = 746496000  |G:N| = 16  maxclasses = 24 (suppl:
9)  fails: supp-supp sizes 74649600,16588800
    |G| = 746496000  |G:N| = 16  maxclasses = 24 (suppl:
9)  fails: supp-supp sizes 74649600,16588800
    |G| = 746496000  |G:N| = 16  maxclasses = 24 (suppl:
9)  fails: supp-supp sizes 74649600,16588800
    |G| = 746496000  |G:N| = 16  maxclasses = 24 (suppl:
9)  fails: supp-supp sizes 74649600,16588800
    |G| = 746496000  |G:N| = 16  maxclasses = 26 (suppl:
11)  fails: supp-supp sizes 124416000,49766400
    |G| = 746496000  |G:N| = 16  maxclasses = 26 (suppl:
11)  fails: supp-supp sizes 124416000,49766400
    |G| = 746496000  |G:N| = 16  maxclasses = 26 (suppl:
11)  fails: supp-supp sizes 124416000,49766400
    |G| = 746496000  |G:N| = 16  maxclasses = 26 (suppl:
11)  fails: supp-supp sizes 124416000,49766400
    |G| = 746496000  |G:N| = 16  maxclasses = 26 (suppl:
11)  fails: supp-supp sizes 124416000,49766400
    |G| = 746496000  |G:N| = 16  maxclasses = 26 (suppl:
11)  fails: supp-supp sizes 124416000,49766400
    |G| = 746496000  |G:N| = 16  maxclasses = 26 (suppl:
11)  fails: supp-supp sizes 124416000,49766400
    |G| = 746496000  |G:N| = 16  maxclasses = 26 (suppl:
11)  fails: supp-supp sizes 124416000,49766400
    |G| = 746496000  |G:N| = 16  maxclasses = 26 (suppl:
11)  fails: supp-supp sizes 124416000,49766400
    |G| = 746496000  |G:N| = 16  maxclasses = 26 (suppl:
11)  fails: supp-supp sizes 124416000,49766400
    |G| = 746496000  |G:N| = 16  maxclasses = 26 (suppl:
11)  fails: supp-supp sizes 124416000,49766400
    |G| = 746496000  |G:N| = 16  maxclasses = 26 (suppl:
11)  fails: supp-supp sizes 124416000,49766400
    |G| = 746496000  |G:N| = 16  maxclasses = 26 (suppl:
11)  fails: supp-supp sizes 124416000,49766400
    |G| = 746496000  |G:N| = 16  maxclasses = 26 (suppl:
11)  fails: supp-supp sizes 124416000,49766400
    |G| = 746496000  |G:N| = 16  maxclasses = 26 (suppl:
11)  fails: supp-supp sizes 124416000,49766400
    |G| = 746496000  |G:N| = 16  maxclasses = 26 (suppl:
11)  fails: supp-supp sizes 124416000,49766400
    |G| = 746496000  |G:N| = 16  maxclasses = 26 (suppl:
11)  fails: supp-supp sizes 124416000,49766400
    |G| = 746496000  |G:N| = 16  maxclasses = 26 (suppl:
11)  fails: supp-supp sizes 124416000,49766400
    |G| = 746496000  |G:N| = 16  maxclasses = 28 (suppl:
13)  fails: supp-supp sizes 124416000,49766400
    |G| = 746496000  |G:N| = 16  maxclasses = 17 (suppl:
10)  fails: supp-supp sizes 20736000,3317760
    |G| = 746496000  |G:N| = 16  maxclasses = 15 (suppl:
8)  fails: supp-supp sizes 20736000,3317760
    |G| = 746496000  |G:N| = 16  maxclasses = 15 (suppl:
8)  fails: supp-supp sizes 20736000,3317760
    |G| = 746496000  |G:N| = 16  maxclasses = 15 (suppl:
8)  fails: supp-supp sizes 20736000,3317760
    |G| = 746496000  |G:N| = 16  maxclasses = 15 (suppl:
8)  fails: supp-supp sizes 20736000,3317760
    |G| = 746496000  |G:N| = 16  maxclasses = 15 (suppl:
8)  fails: supp-supp sizes 20736000,3317760
    |G| = 746496000  |G:N| = 16  maxclasses = 27 (suppl:
12)  fails: supp-supp sizes 2073600,2073600
    |G| = 746496000  |G:N| = 16  maxclasses = 15 (suppl:
8)  fails: supp-supp sizes 20736000,3317760
    |G| = 746496000  |G:N| = 16  maxclasses = 15 (suppl:
8)  fails: supp-supp sizes 20736000,3317760
    |G| = 746496000  |G:N| = 16  maxclasses = 15 (suppl:
8)  fails: supp-supp sizes 20736000,3317760
    |G| = 746496000  |G:N| = 16  maxclasses = 15 (suppl:
8)  fails: supp-supp sizes 20736000,3317760
    |G| = 746496000  |G:N| = 16  maxclasses = 15 (suppl:
8)  fails: supp-supp sizes 20736000,3317760
    |G| = 746496000  |G:N| = 16  maxclasses = 15 (suppl:
8)  fails: supp-supp sizes 20736000,3317760
    |G| = 746496000  |G:N| = 16  maxclasses = 15 (suppl:
8)  fails: supp-supp sizes 20736000,3317760
    |G| = 746496000  |G:N| = 16  maxclasses = 15 (suppl:
8)  fails: supp-supp sizes 7464960,368640
    |G| = 746496000  |G:N| = 16  maxclasses = 13 (suppl:
6)  fails: supp-supp sizes 7464960,368640
    |G| = 746496000  |G:N| = 16  maxclasses = 15 (suppl:
8)  fails: supp-supp sizes 7464960,368640
    |G| = 746496000  |G:N| = 16  maxclasses = 15 (suppl:
8)  fails: supp-supp sizes 7464960,368640
    |G| = 746496000  |G:N| = 16  maxclasses = 11 (suppl:
8)  fails: supp-supp sizes 7464960,368640
    |G| = 746496000  |G:N| = 16  maxclasses = 11 (suppl:
8)  fails: supp-supp sizes 7464960,368640
    |G| = 746496000  |G:N| = 16  maxclasses = 13 (suppl:
6)  fails: supp-supp sizes 7464960,368640
    |G| = 746496000  |G:N| = 16  maxclasses = 13 (suppl:
6)  fails: supp-supp sizes 7464960,368640
    |G| = 746496000  |G:N| = 16  maxclasses = 9 (suppl:
6)  fails: supp-supp sizes 7464960,368640
    |G| = 746496000  |G:N| = 16  maxclasses = 9 (suppl:
6)  fails: supp-supp sizes 7464960,368640
    |G| = 746496000  |G:N| = 16  maxclasses = 15 (suppl:
8)  fails: supp-supp sizes 7464960,368640
    |G| = 746496000  |G:N| = 16  maxclasses = 13 (suppl:
6)  fails: supp-supp sizes 7464960,368640
    |G| = 746496000  |G:N| = 16  maxclasses = 13 (suppl:
6)  fails: supp-supp sizes 7464960,368640
    |G| = 746496000  |G:N| = 16  maxclasses = 13 (suppl:
6)  fails: supp-supp sizes 7464960,368640
    |G| = 746496000  |G:N| = 16  maxclasses = 13 (suppl:
6)  fails: supp-supp sizes 7464960,368640
    |G| = 746496000  |G:N| = 16  maxclasses = 13 (suppl:
6)  fails: supp-supp sizes 7464960,368640
    |G| = 746496000  |G:N| = 16  maxclasses = 13 (suppl:
6)  fails: supp-supp sizes 7464960,368640
    |G| = 746496000  |G:N| = 16  maxclasses = 13 (suppl:
6)  fails: supp-supp sizes 7464960,368640
    |G| = 746496000  |G:N| = 16  maxclasses = 13 (suppl:
6)  fails: supp-supp sizes 7464960,368640
    |G| = 746496000  |G:N| = 16  maxclasses = 13 (suppl:
6)  fails: supp-supp sizes 7464960,368640
    |G| = 746496000  |G:N| = 16  maxclasses = 15 (suppl:
8)  fails: supp-supp sizes 7464960,368640
    |G| = 746496000  |G:N| = 16  maxclasses = 15 (suppl:
8)  fails: supp-supp sizes 7464960,368640
    |G| = 746496000  |G:N| = 16  maxclasses = 11 (suppl:
8)  fails: supp-supp sizes 7464960,368640
    |G| = 746496000  |G:N| = 16  maxclasses = 11 (suppl:
8)  fails: supp-supp sizes 7464960,368640
    |G| = 746496000  |G:N| = 16  maxclasses = 13 (suppl:
6)  fails: supp-supp sizes 7464960,368640
    |G| = 746496000  |G:N| = 16  maxclasses = 13 (suppl:
6)  fails: supp-supp sizes 7464960,368640
    |G| = 746496000  |G:N| = 16  maxclasses = 9 (suppl:
6)  fails: supp-supp sizes 7464960,368640
    |G| = 746496000  |G:N| = 16  maxclasses = 9 (suppl:
6)  fails: supp-supp sizes 7464960,368640
    |G| = 746496000  |G:N| = 16  maxclasses = 15 (suppl:
8)  fails: supp-supp sizes 7464960,368640
    |G| = 746496000  |G:N| = 16  maxclasses = 13 (suppl:
6)  fails: supp-supp sizes 7464960,368640
    |G| = 746496000  |G:N| = 16  maxclasses = 13 (suppl:
6)  fails: supp-supp sizes 7464960,368640
    |G| = 746496000  |G:N| = 16  maxclasses = 13 (suppl:
6)  fails: supp-supp sizes 7464960,368640
    |G| = 746496000  |G:N| = 16  maxclasses = 13 (suppl:
6)  fails: supp-supp sizes 7464960,368640
    |G| = 746496000  |G:N| = 16  maxclasses = 13 (suppl:
6)  fails: supp-supp sizes 7464960,368640
    |G| = 746496000  |G:N| = 16  maxclasses = 13 (suppl:
6)  fails: supp-supp sizes 7464960,368640
    |G| = 746496000  |G:N| = 16  maxclasses = 13 (suppl:
6)  fails: supp-supp sizes 7464960,368640
    |G| = 746496000  |G:N| = 16  maxclasses = 13 (suppl:
6)  fails: supp-supp sizes 7464960,368640
    |G| = 746496000  |G:N| = 16  maxclasses = 13 (suppl:
6)  fails: supp-supp sizes 7464960,368640
    |G| = 746496000  |G:N| = 16  maxclasses = 15 (suppl:
8)  fails: supp-supp sizes 7464960,576000
    |G| = 746496000  |G:N| = 16  maxclasses = 15 (suppl:
8)  fails: supp-supp sizes 7464960,576000
    |G| = 746496000  |G:N| = 16  maxclasses = 11 (suppl:
8)  fails: supp-supp sizes 7464960,368640
    |G| = 746496000  |G:N| = 16  maxclasses = 11 (suppl:
8)  fails: supp-supp sizes 7464960,368640
    |G| = 746496000  |G:N| = 16  maxclasses = 13 (suppl:
6)  fails: supp-supp sizes 7464960,576000
    |G| = 746496000  |G:N| = 16  maxclasses = 13 (suppl:
6)  fails: supp-supp sizes 7464960,576000
    |G| = 746496000  |G:N| = 16  maxclasses = 9 (suppl:
6)  fails: supp-supp sizes 7464960,368640
    |G| = 746496000  |G:N| = 16  maxclasses = 9 (suppl:
6)  fails: supp-supp sizes 7464960,368640
    |G| = 746496000  |G:N| = 16  maxclasses = 15 (suppl:
8)  fails: supp-supp sizes 7464960,576000
    |G| = 746496000  |G:N| = 16  maxclasses = 13 (suppl:
6)  fails: supp-supp sizes 7464960,576000
    |G| = 746496000  |G:N| = 16  maxclasses = 15 (suppl:
8)  fails: supp-supp sizes 7464960,576000
    |G| = 746496000  |G:N| = 16  maxclasses = 13 (suppl:
6)  fails: supp-supp sizes 7464960,576000
    |G| = 746496000  |G:N| = 16  maxclasses = 13 (suppl:
6)  fails: supp-supp sizes 7464960,576000
    |G| = 746496000  |G:N| = 16  maxclasses = 13 (suppl:
6)  fails: supp-supp sizes 7464960,576000
    |G| = 746496000  |G:N| = 16  maxclasses = 13 (suppl:
6)  fails: supp-supp sizes 7464960,576000
    |G| = 746496000  |G:N| = 16  maxclasses = 13 (suppl:
6)  fails: supp-supp sizes 7464960,576000
    |G| = 746496000  |G:N| = 16  maxclasses = 13 (suppl:
6)  fails: supp-supp sizes 7464960,576000
    |G| = 746496000  |G:N| = 16  maxclasses = 13 (suppl:
6)  fails: supp-supp sizes 7464960,576000
    |G| = 746496000  |G:N| = 16  maxclasses = 13 (suppl:
6)  fails: supp-supp sizes 7464960,576000
    |G| = 746496000  |G:N| = 16  maxclasses = 13 (suppl:
6)  fails: supp-supp sizes 7464960,576000
    |G| = 746496000  |G:N| = 16  maxclasses = 15 (suppl:
8)  fails: supp-supp sizes 7464960,576000
    |G| = 746496000  |G:N| = 16  maxclasses = 13 (suppl:
6)  fails: supp-supp sizes 7464960,576000
    |G| = 746496000  |G:N| = 16  maxclasses = 15 (suppl:
8)  fails: supp-supp sizes 7464960,576000
    |G| = 746496000  |G:N| = 16  maxclasses = 15 (suppl:
8)  fails: supp-supp sizes 7464960,576000
    |G| = 746496000  |G:N| = 16  maxclasses = 9 (suppl:
6)  fails: supp-supp sizes 7464960,368640
    |G| = 746496000  |G:N| = 16  maxclasses = 15 (suppl:
8)  fails: supp-supp sizes 7464960,368640
    |G| = 746496000  |G:N| = 16  maxclasses = 15 (suppl:
8)  fails: supp-supp sizes 7464960,368640
    |G| = 746496000  |G:N| = 16  maxclasses = 13 (suppl:
6)  fails: supp-supp sizes 7464960,368640
    |G| = 746496000  |G:N| = 16  maxclasses = 11 (suppl:
8)  fails: supp-supp sizes 7464960,368640
    |G| = 746496000  |G:N| = 16  maxclasses = 11 (suppl:
8)  fails: supp-supp sizes 7464960,368640
    |G| = 746496000  |G:N| = 16  maxclasses = 9 (suppl:
6)  fails: supp-supp sizes 7464960,368640
    |G| = 746496000  |G:N| = 16  maxclasses = 27 (suppl:
12)  fails: supp-supp sizes 2073600,2073600
    |G| = 746496000  |G:N| = 16  maxclasses = 15 (suppl:
8)  fails: supp-supp sizes 7464960,368640
    |G| = 746496000  |G:N| = 16  maxclasses = 25 (suppl:
10)  fails: supp-supp sizes 2073600,2073600
    |G| = 746496000  |G:N| = 16  maxclasses = 15 (suppl:
8)  fails: supp-supp sizes 7464960,368640
    |G| = 746496000  |G:N| = 16  maxclasses = 15 (suppl:
8)  fails: supp-supp sizes 7464960,576000
    |G| = 746496000  |G:N| = 16  maxclasses = 13 (suppl:
6)  fails: supp-supp sizes 7464960,368640
    |G| = 746496000  |G:N| = 16  maxclasses = 25 (suppl:
10)  fails: supp-supp sizes 2073600,2073600
    |G| = 746496000  |G:N| = 16  maxclasses = 15 (suppl:
8)  fails: supp-supp sizes 7464960,576000
    |G| = 746496000  |G:N| = 16  maxclasses = 13 (suppl:
6)  fails: supp-supp sizes 7464960,576000
    |G| = 746496000  |G:N| = 16  maxclasses = 13 (suppl:
6)  fails: supp-supp sizes 7464960,576000
    |G| = 746496000  |G:N| = 16  maxclasses = 13 (suppl:
6)  fails: supp-supp sizes 7464960,576000
    |G| = 746496000  |G:N| = 16  maxclasses = 13 (suppl:
6)  fails: supp-supp sizes 7464960,576000
    |G| = 746496000  |G:N| = 16  maxclasses = 13 (suppl:
6)  fails: supp-supp sizes 7464960,576000
    |G| = 746496000  |G:N| = 16  maxclasses = 13 (suppl:
6)  fails: supp-supp sizes 7464960,576000
    |G| = 746496000  |G:N| = 16  maxclasses = 13 (suppl:
6)  fails: supp-supp sizes 7464960,576000
    |G| = 746496000  |G:N| = 16  maxclasses = 13 (suppl:
6)  fails: supp-supp sizes 7464960,576000
    |G| = 746496000  |G:N| = 16  maxclasses = 13 (suppl:
6)  fails: supp-supp sizes 7464960,576000
    |G| = 746496000  |G:N| = 16  maxclasses = 13 (suppl:
6)  fails: supp-supp sizes 7464960,576000
    |G| = 746496000  |G:N| = 16  maxclasses = 13 (suppl:
6)  fails: supp-supp sizes 7464960,576000
    |G| = 746496000  |G:N| = 16  maxclasses = 13 (suppl:
6)  fails: supp-supp sizes 7464960,576000
    |G| = 746496000  |G:N| = 16  maxclasses = 13 (suppl:
6)  fails: supp-supp sizes 7464960,576000
    |G| = 746496000  |G:N| = 16  maxclasses = 13 (suppl:
6)  fails: supp-supp sizes 7464960,576000
    |G| = 746496000  |G:N| = 16  maxclasses = 13 (suppl:
6)  fails: supp-supp sizes 7464960,576000
    |G| = 746496000  |G:N| = 16  maxclasses = 13 (suppl:
6)  fails: supp-supp sizes 7464960,576000
    |G| = 746496000  |G:N| = 16  maxclasses = 13 (suppl:
6)  fails: supp-supp sizes 7464960,576000
    |G| = 746496000  |G:N| = 16  maxclasses = 15 (suppl:
8)  fails: supp-supp sizes 7464960,368640
    |G| = 746496000  |G:N| = 16  maxclasses = 13 (suppl:
6)  fails: supp-supp sizes 7464960,368640
    |G| = 746496000  |G:N| = 16  maxclasses = 13 (suppl:
6)  fails: supp-supp sizes 7464960,368640
    |G| = 746496000  |G:N| = 16  maxclasses = 13 (suppl:
6)  fails: supp-supp sizes 7464960,368640
    |G| = 746496000  |G:N| = 16  maxclasses = 13 (suppl:
6)  fails: supp-supp sizes 7464960,368640
    |G| = 746496000  |G:N| = 16  maxclasses = 13 (suppl:
6)  fails: supp-supp sizes 7464960,368640
    |G| = 746496000  |G:N| = 16  maxclasses = 13 (suppl:
6)  fails: supp-supp sizes 7464960,368640
    |G| = 746496000  |G:N| = 16  maxclasses = 13 (suppl:
6)  fails: supp-supp sizes 7464960,368640
    |G| = 746496000  |G:N| = 16  maxclasses = 13 (suppl:
6)  fails: supp-supp sizes 7464960,368640
    |G| = 746496000  |G:N| = 16  maxclasses = 13 (suppl:
6)  fails: supp-supp sizes 7464960,368640
    |G| = 746496000  |G:N| = 16  maxclasses = 13 (suppl:
6)  fails: supp-supp sizes 7464960,368640
    |G| = 746496000  |G:N| = 16  maxclasses = 13 (suppl:
6)  fails: supp-supp sizes 7464960,368640
    |G| = 746496000  |G:N| = 16  maxclasses = 13 (suppl:
6)  fails: supp-supp sizes 7464960,368640
    |G| = 746496000  |G:N| = 16  maxclasses = 25 (suppl:
10)  fails: supp-supp sizes 2073600,2073600
    |G| = 746496000  |G:N| = 16  maxclasses = 13 (suppl:
6)  fails: supp-supp sizes 7464960,368640
    |G| = 746496000  |G:N| = 16  maxclasses = 13 (suppl:
6)  fails: supp-supp sizes 7464960,368640
    |G| = 746496000  |G:N| = 16  maxclasses = 13 (suppl:
6)  fails: supp-supp sizes 7464960,368640
    |G| = 746496000  |G:N| = 16  maxclasses = 13 (suppl:
6)  fails: supp-supp sizes 7464960,368640
    |G| = 746496000  |G:N| = 16  maxclasses = 13 (suppl:
6)  fails: supp-supp sizes 7464960,368640
    |G| = 746496000  |G:N| = 16  maxclasses = 13 (suppl:
6)  fails: supp-supp sizes 7464960,368640
    |G| = 746496000  |G:N| = 16  maxclasses = 13 (suppl:
6)  fails: supp-supp sizes 7464960,368640
    |G| = 746496000  |G:N| = 16  maxclasses = 13 (suppl:
6)  fails: supp-supp sizes 7464960,368640
    |G| = 746496000  |G:N| = 16  maxclasses = 9 (suppl:
6)  fails: supp-supp sizes 7464960,368640
    |G| = 746496000  |G:N| = 16  maxclasses = 9 (suppl:
6)  fails: supp-supp sizes 7464960,368640
    |G| = 746496000  |G:N| = 16  maxclasses = 13 (suppl:
6)  fails: supp-supp sizes 7464960,368640
    |G| = 746496000  |G:N| = 16  maxclasses = 13 (suppl:
6)  fails: supp-supp sizes 7464960,368640
    |G| = 746496000  |G:N| = 16  maxclasses = 9 (suppl:
6)  fails: supp-supp sizes 7464960,368640
    |G| = 746496000  |G:N| = 16  maxclasses = 9 (suppl:
6)  fails: supp-supp sizes 7464960,368640
    |G| = 746496000  |G:N| = 16  maxclasses = 13 (suppl:
6)  fails: supp-supp sizes 7464960,368640
    |G| = 746496000  |G:N| = 16  maxclasses = 13 (suppl:
6)  fails: supp-supp sizes 7464960,368640
    |G| = 746496000  |G:N| = 16  maxclasses = 13 (suppl:
6)  fails: supp-supp sizes 7464960,368640
    |G| = 746496000  |G:N| = 16  maxclasses = 13 (suppl:
6)  fails: supp-supp sizes 7464960,368640
    |G| = 746496000  |G:N| = 16  maxclasses = 9 (suppl:
6)  fails: supp-supp sizes 7464960,368640
    |G| = 746496000  |G:N| = 16  maxclasses = 9 (suppl:
6)  fails: supp-supp sizes 7464960,368640
    |G| = 746496000  |G:N| = 16  maxclasses = 13 (suppl:
6)  fails: supp-supp sizes 7464960,368640
    |G| = 746496000  |G:N| = 16  maxclasses = 13 (suppl:
6)  fails: supp-supp sizes 7464960,368640
    |G| = 746496000  |G:N| = 16  maxclasses = 9 (suppl:
6)  fails: supp-supp sizes 7464960,368640
    |G| = 746496000  |G:N| = 16  maxclasses = 9 (suppl:
6)  fails: supp-supp sizes 7464960,368640
    |G| = 746496000  |G:N| = 16  maxclasses = 13 (suppl:
6)  fails: supp-supp sizes 7464960,368640
    |G| = 746496000  |G:N| = 16  maxclasses = 13 (suppl:
6)  fails: supp-supp sizes 7464960,368640
    |G| = 746496000  |G:N| = 16  maxclasses = 13 (suppl:
6)  fails: supp-supp sizes 7464960,576000
    |G| = 746496000  |G:N| = 16  maxclasses = 13 (suppl:
6)  fails: supp-supp sizes 7464960,576000
    |G| = 746496000  |G:N| = 16  maxclasses = 9 (suppl:
6)  fails: supp-supp sizes 7464960,368640
    |G| = 746496000  |G:N| = 16  maxclasses = 9 (suppl:
6)  fails: supp-supp sizes 7464960,368640
    |G| = 746496000  |G:N| = 16  maxclasses = 13 (suppl:
6)  fails: supp-supp sizes 7464960,576000
    |G| = 746496000  |G:N| = 16  maxclasses = 13 (suppl:
6)  fails: supp-supp sizes 7464960,576000
    |G| = 746496000  |G:N| = 16  maxclasses = 9 (suppl:
6)  fails: supp-supp sizes 7464960,368640
    |G| = 746496000  |G:N| = 16  maxclasses = 9 (suppl:
6)  fails: supp-supp sizes 7464960,368640
    |G| = 746496000  |G:N| = 16  maxclasses = 13 (suppl:
6)  fails: supp-supp sizes 7464960,576000
    |G| = 746496000  |G:N| = 16  maxclasses = 13 (suppl:
6)  fails: supp-supp sizes 7464960,576000
    |G| = 746496000  |G:N| = 16  maxclasses = 13 (suppl:
6)  fails: supp-supp sizes 7464960,576000
    |G| = 746496000  |G:N| = 16  maxclasses = 13 (suppl:
6)  fails: supp-supp sizes 7464960,576000
    |G| = 746496000  |G:N| = 16  maxclasses = 13 (suppl:
6)  fails: supp-supp sizes 7464960,576000
    |G| = 746496000  |G:N| = 16  maxclasses = 13 (suppl:
6)  fails: supp-supp sizes 7464960,576000
    |G| = 746496000  |G:N| = 16  maxclasses = 13 (suppl:
6)  fails: supp-supp sizes 7464960,576000
    |G| = 746496000  |G:N| = 16  maxclasses = 13 (suppl:
6)  fails: supp-supp sizes 7464960,576000
    |G| = 746496000  |G:N| = 16  maxclasses = 9 (suppl:
6)  fails: supp-supp sizes 7464960,368640
    |G| = 746496000  |G:N| = 16  maxclasses = 9 (suppl:
6)  fails: supp-supp sizes 7464960,368640
    |G| = 746496000  |G:N| = 16  maxclasses = 13 (suppl:
6)  fails: supp-supp sizes 7464960,576000
    |G| = 746496000  |G:N| = 16  maxclasses = 13 (suppl:
6)  fails: supp-supp sizes 7464960,576000
    |G| = 746496000  |G:N| = 16  maxclasses = 9 (suppl:
6)  fails: supp-supp sizes 7464960,368640
    |G| = 746496000  |G:N| = 16  maxclasses = 9 (suppl:
6)  fails: supp-supp sizes 7464960,368640
    |G| = 746496000  |G:N| = 16  maxclasses = 13 (suppl:
6)  fails: supp-supp sizes 7464960,576000
    |G| = 746496000  |G:N| = 16  maxclasses = 13 (suppl:
6)  fails: supp-supp sizes 7464960,576000
    |G| = 746496000  |G:N| = 16  maxclasses = 13 (suppl:
6)  fails: supp-supp sizes 7464960,368640
    |G| = 746496000  |G:N| = 16  maxclasses = 13 (suppl:
6)  fails: supp-supp sizes 7464960,368640
    |G| = 746496000  |G:N| = 16  maxclasses = 15 (suppl:
8)  fails: supp-supp sizes 7464960,368640
    |G| = 746496000  |G:N| = 16  maxclasses = 15 (suppl:
8)  fails: supp-supp sizes 7464960,368640
    |G| = 746496000  |G:N| = 16  maxclasses = 13 (suppl:
6)  fails: supp-supp sizes 7464960,368640
    |G| = 746496000  |G:N| = 16  maxclasses = 13 (suppl:
6)  fails: supp-supp sizes 7464960,368640
    |G| = 746496000  |G:N| = 16  maxclasses = 11 (suppl:
8)  fails: supp-supp sizes 7464960,368640
    |G| = 746496000  |G:N| = 16  maxclasses = 11 (suppl:
8)  fails: supp-supp sizes 7464960,368640
    |G| = 746496000  |G:N| = 16  maxclasses = 9 (suppl:
6)  fails: supp-supp sizes 7464960,368640
    |G| = 746496000  |G:N| = 16  maxclasses = 11 (suppl:
8)  fails: supp-supp sizes 7464960,368640
    |G| = 746496000  |G:N| = 16  maxclasses = 11 (suppl:
8)  fails: supp-supp sizes 7464960,368640
    |G| = 746496000  |G:N| = 16  maxclasses = 13 (suppl:
6)  fails: supp-supp sizes 7464960,576000
    |G| = 746496000  |G:N| = 16  maxclasses = 13 (suppl:
6)  fails: supp-supp sizes 7464960,368640
    |G| = 746496000  |G:N| = 16  maxclasses = 13 (suppl:
6)  fails: supp-supp sizes 7464960,576000
    |G| = 746496000  |G:N| = 16  maxclasses = 9 (suppl:
6)  fails: supp-supp sizes 7464960,368640
    |G| = 746496000  |G:N| = 16  maxclasses = 9 (suppl:
6)  fails: supp-supp sizes 7464960,368640
    |G| = 746496000  |G:N| = 16  maxclasses = 9 (suppl:
6)  fails: supp-supp sizes 7464960,368640
    |G| = 746496000  |G:N| = 16  maxclasses = 13 (suppl:
6)  fails: supp-supp sizes 7464960,576000
    |G| = 746496000  |G:N| = 16  maxclasses = 13 (suppl:
6)  fails: supp-supp sizes 7464960,576000
    |G| = 746496000  |G:N| = 16  maxclasses = 13 (suppl:
6)  fails: supp-supp sizes 7464960,576000
    |G| = 746496000  |G:N| = 16  maxclasses = 13 (suppl:
6)  fails: supp-supp sizes 7464960,368640
    |G| = 746496000  |G:N| = 16  maxclasses = 13 (suppl:
6)  fails: supp-supp sizes 7464960,576000
    |G| = 746496000  |G:N| = 16  maxclasses = 13 (suppl:
6)  fails: supp-supp sizes 7464960,576000
    |G| = 746496000  |G:N| = 16  maxclasses = 13 (suppl:
6)  fails: supp-supp sizes 7464960,576000
    |G| = 746496000  |G:N| = 16  maxclasses = 13 (suppl:
6)  fails: supp-supp sizes 7464960,576000
    |G| = 746496000  |G:N| = 16  maxclasses = 13 (suppl:
6)  fails: supp-supp sizes 7464960,576000
    |G| = 746496000  |G:N| = 16  maxclasses = 13 (suppl:
6)  fails: supp-supp sizes 7464960,576000
    |G| = 746496000  |G:N| = 16  maxclasses = 13 (suppl:
6)  fails: supp-supp sizes 7464960,368640
    |G| = 746496000  |G:N| = 16  maxclasses = 13 (suppl:
6)  fails: supp-supp sizes 7464960,368640
    |G| = 1119744000  |G:N| = 24  maxclasses = 8 (suppl:
5)  fails: supp-supp sizes 5184000,331776
    |G| = 1119744000  |G:N| = 24  maxclasses = 6 (suppl:
3)  fails: supp-supp sizes 1119744,12288
    |G| = 1119744000  |G:N| = 24  maxclasses = 6 (suppl:
3)  fails: supp-supp sizes 1119744,24000
    |G| = 1119744000  |G:N| = 24  maxclasses = 6 (suppl:
3)  fails: supp-supp sizes 1119744,24000
    |G| = 1119744000  |G:N| = 24  maxclasses = 6 (suppl:
3)  fails: supp-supp sizes 1119744,24000
    |G| = 1119744000  |G:N| = 24  maxclasses = 6 (suppl:
3)  fails: supp-supp sizes 1119744,24000
    |G| = 1119744000  |G:N| = 24  maxclasses = 6 (suppl:
3)  fails: supp-supp sizes 1119744,24000
    |G| = 1119744000  |G:N| = 24  maxclasses = 6 (suppl:
3)  fails: supp-supp sizes 1119744,24000
    |G| = 1119744000  |G:N| = 24  maxclasses = 6 (suppl:
3)  fails: supp-supp sizes 1119744,12288
    |G| = 1119744000  |G:N| = 24  maxclasses = 6 (suppl:
3)  fails: supp-supp sizes 1119744,24000
    |G| = 1119744000  |G:N| = 24  maxclasses = 6 (suppl:
3)  fails: supp-supp sizes 1119744,24000
    |G| = 1119744000  |G:N| = 24  maxclasses = 6 (suppl:
3)  fails: supp-supp sizes 1119744,12288
    |G| = 1119744000  |G:N| = 24  maxclasses = 6 (suppl:
3)  fails: supp-supp sizes 1119744,12288
    |G| = 1119744000  |G:N| = 24  maxclasses = 6 (suppl:
3)  fails: supp-supp sizes 1119744,24000
    |G| = 1119744000  |G:N| = 24  maxclasses = 12 (suppl:
4)  fails: supp-supp sizes 8640,1119744
    |G| = 1119744000  |G:N| = 24  maxclasses = 6 (suppl:
3)  fails: supp-supp sizes 1119744,12288
    |G| = 1119744000  |G:N| = 24  maxclasses = 6 (suppl:
3)  fails: supp-supp sizes 1119744,12288
    |G| = 1119744000  |G:N| = 24  maxclasses = 6 (suppl:
3)  fails: supp-supp sizes 1119744,24000
    |G| = 1119744000  |G:N| = 24  maxclasses = 6 (suppl:
3)  fails: supp-supp sizes 1119744,12288
    |G| = 1119744000  |G:N| = 24  maxclasses = 6 (suppl:
3)  fails: supp-supp sizes 1119744,24000
    |G| = 1119744000  |G:N| = 24  maxclasses = 8 (suppl:
5)  fails: supp-supp sizes 5184000,331776
    |G| = 1119744000  |G:N| = 24  maxclasses = 6 (suppl:
3)  fails: supp-supp sizes 1119744,24000
    |G| = 1119744000  |G:N| = 24  maxclasses = 6 (suppl:
3)  fails: supp-supp sizes 1119744,24000
    |G| = 1119744000  |G:N| = 24  maxclasses = 8 (suppl:
5)  fails: supp-supp sizes 5184000,331776
    |G| = 1119744000  |G:N| = 24  maxclasses = 6 (suppl:
3)  fails: supp-supp sizes 1119744,12288
    |G| = 1492992000  |G:N| = 32  maxclasses = 40 (suppl:
9)  fails: supp-supp sizes 149299200,33177600
    |G| = 1492992000  |G:N| = 32  maxclasses = 40 (suppl:
9)  fails: supp-supp sizes 149299200,33177600
    |G| = 1492992000  |G:N| = 32  maxclasses = 40 (suppl:
9)  fails: supp-supp sizes 149299200,33177600
    |G| = 1492992000  |G:N| = 32  maxclasses = 40 (suppl:
9)  fails: supp-supp sizes 149299200,33177600
    |G| = 1492992000  |G:N| = 32  maxclasses = 21 (suppl:
6)  fails: supp-supp sizes 14929920,737280
    |G| = 1492992000  |G:N| = 32  maxclasses = 40 (suppl:
9)  fails: supp-supp sizes 149299200,33177600
    |G| = 1492992000  |G:N| = 32  maxclasses = 40 (suppl:
9)  fails: supp-supp sizes 149299200,33177600
    |G| = 1492992000  |G:N| = 32  maxclasses = 40 (suppl:
9)  fails: supp-supp sizes 149299200,33177600
    |G| = 1492992000  |G:N| = 32  maxclasses = 21 (suppl:
6)  fails: supp-supp sizes 14929920,737280
    |G| = 1492992000  |G:N| = 32  maxclasses = 21 (suppl:
6)  fails: supp-supp sizes 14929920,737280
    |G| = 1492992000  |G:N| = 32  maxclasses = 21 (suppl:
6)  fails: supp-supp sizes 14929920,737280
    |G| = 1492992000  |G:N| = 32  maxclasses = 21 (suppl:
6)  fails: supp-supp sizes 14929920,737280
    |G| = 1492992000  |G:N| = 32  maxclasses = 21 (suppl:
6)  fails: supp-supp sizes 14929920,737280
    |G| = 1492992000  |G:N| = 32  maxclasses = 13 (suppl:
6)  fails: supp-supp sizes 14929920,737280
    |G| = 1492992000  |G:N| = 32  maxclasses = 21 (suppl:
6)  fails: supp-supp sizes 14929920,737280
    |G| = 1492992000  |G:N| = 32  maxclasses = 21 (suppl:
6)  fails: supp-supp sizes 14929920,737280
    |G| = 1492992000  |G:N| = 32  maxclasses = 21 (suppl:
6)  fails: supp-supp sizes 14929920,737280
    |G| = 1492992000  |G:N| = 32  maxclasses = 40 (suppl:
9)  fails: supp-supp sizes 149299200,33177600
    |G| = 1492992000  |G:N| = 32  maxclasses = 40 (suppl:
9)  fails: supp-supp sizes 149299200,33177600
    |G| = 1492992000  |G:N| = 32  maxclasses = 40 (suppl:
9)  fails: supp-supp sizes 149299200,33177600
    |G| = 1492992000  |G:N| = 32  maxclasses = 42 (suppl:
11)  fails: supp-supp sizes 248832000,99532800
    |G| = 1492992000  |G:N| = 32  maxclasses = 40 (suppl:
9)  fails: supp-supp sizes 149299200,33177600
    |G| = 1492992000  |G:N| = 32  maxclasses = 40 (suppl:
9)  fails: supp-supp sizes 149299200,33177600
    |G| = 1492992000  |G:N| = 32  maxclasses = 40 (suppl:
9)  fails: supp-supp sizes 149299200,33177600
    |G| = 1492992000  |G:N| = 32  maxclasses = 40 (suppl:
9)  fails: supp-supp sizes 149299200,33177600
    |G| = 1492992000  |G:N| = 32  maxclasses = 40 (suppl:
9)  fails: supp-supp sizes 149299200,33177600
    |G| = 1492992000  |G:N| = 32  maxclasses = 40 (suppl:
9)  fails: supp-supp sizes 149299200,33177600
    |G| = 1492992000  |G:N| = 32  maxclasses = 13 (suppl:
6)  fails: supp-supp sizes 14929920,737280
    |G| = 1492992000  |G:N| = 32  maxclasses = 40 (suppl:
9)  fails: supp-supp sizes 149299200,33177600
    |G| = 1492992000  |G:N| = 32  maxclasses = 40 (suppl:
9)  fails: supp-supp sizes 149299200,33177600
    |G| = 1492992000  |G:N| = 32  maxclasses = 13 (suppl:
6)  fails: supp-supp sizes 14929920,737280
    |G| = 1492992000  |G:N| = 32  maxclasses = 13 (suppl:
6)  fails: supp-supp sizes 14929920,737280
    |G| = 1492992000  |G:N| = 32  maxclasses = 21 (suppl:
6)  fails: supp-supp sizes 14929920,737280
    |G| = 1492992000  |G:N| = 32  maxclasses = 21 (suppl:
6)  fails: supp-supp sizes 14929920,737280
    |G| = 1492992000  |G:N| = 32  maxclasses = 13 (suppl:
6)  fails: supp-supp sizes 14929920,737280
    |G| = 1492992000  |G:N| = 32  maxclasses = 13 (suppl:
6)  fails: supp-supp sizes 14929920,737280
    |G| = 1492992000  |G:N| = 32  maxclasses = 21 (suppl:
6)  fails: supp-supp sizes 14929920,737280
    |G| = 1492992000  |G:N| = 32  maxclasses = 21 (suppl:
6)  fails: supp-supp sizes 14929920,737280
    |G| = 1492992000  |G:N| = 32  maxclasses = 21 (suppl:
6)  fails: supp-supp sizes 14929920,1152000
    |G| = 1492992000  |G:N| = 32  maxclasses = 21 (suppl:
6)  fails: supp-supp sizes 14929920,737280
    |G| = 1492992000  |G:N| = 32  maxclasses = 21 (suppl:
6)  fails: supp-supp sizes 14929920,737280
    |G| = 1492992000  |G:N| = 32  maxclasses = 41 (suppl:
10)  fails: supp-supp sizes 4147200,4147200
    |G| = 1492992000  |G:N| = 32  maxclasses = 13 (suppl:
6)  fails: supp-supp sizes 14929920,737280
    |G| = 1492992000  |G:N| = 32  maxclasses = 13 (suppl:
6)  fails: supp-supp sizes 14929920,737280
    |G| = 1492992000  |G:N| = 32  maxclasses = 21 (suppl:
6)  fails: supp-supp sizes 14929920,737280
    |G| = 1492992000  |G:N| = 32  maxclasses = 21 (suppl:
6)  fails: supp-supp sizes 14929920,737280
    |G| = 1492992000  |G:N| = 32  maxclasses = 13 (suppl:
6)  fails: supp-supp sizes 14929920,737280
    |G| = 1492992000  |G:N| = 32  maxclasses = 13 (suppl:
6)  fails: supp-supp sizes 14929920,737280
    |G| = 1492992000  |G:N| = 32  maxclasses = 21 (suppl:
6)  fails: supp-supp sizes 14929920,737280
    |G| = 1492992000  |G:N| = 32  maxclasses = 21 (suppl:
6)  fails: supp-supp sizes 14929920,737280
    |G| = 1492992000  |G:N| = 32  maxclasses = 13 (suppl:
6)  fails: supp-supp sizes 14929920,737280
    |G| = 1492992000  |G:N| = 32  maxclasses = 15 (suppl:
8)  fails: supp-supp sizes 14929920,737280
    |G| = 1492992000  |G:N| = 32  maxclasses = 21 (suppl:
6)  fails: supp-supp sizes 14929920,737280
    |G| = 1492992000  |G:N| = 32  maxclasses = 23 (suppl:
8)  fails: supp-supp sizes 14929920,737280
    |G| = 1492992000  |G:N| = 32  maxclasses = 13 (suppl:
6)  fails: supp-supp sizes 14929920,737280
    |G| = 1492992000  |G:N| = 32  maxclasses = 21 (suppl:
6)  fails: supp-supp sizes 14929920,1152000
    |G| = 1492992000  |G:N| = 32  maxclasses = 13 (suppl:
6)  fails: supp-supp sizes 14929920,737280
    |G| = 1492992000  |G:N| = 32  maxclasses = 21 (suppl:
6)  fails: supp-supp sizes 14929920,1152000
    |G| = 1492992000  |G:N| = 32  maxclasses = 13 (suppl:
6)  fails: supp-supp sizes 14929920,737280
    |G| = 1492992000  |G:N| = 32  maxclasses = 13 (suppl:
6)  fails: supp-supp sizes 14929920,737280
    |G| = 1492992000  |G:N| = 32  maxclasses = 13 (suppl:
6)  fails: supp-supp sizes 14929920,737280
    |G| = 1492992000  |G:N| = 32  maxclasses = 13 (suppl:
6)  fails: supp-supp sizes 14929920,737280
    |G| = 1492992000  |G:N| = 32  maxclasses = 23 (suppl:
8)  fails: supp-supp sizes 41472000,6635520
    |G| = 1492992000  |G:N| = 32  maxclasses = 15 (suppl:
8)  fails: supp-supp sizes 14929920,737280
    |G| = 1492992000  |G:N| = 32  maxclasses = 15 (suppl:
8)  fails: supp-supp sizes 14929920,737280
    |G| = 1492992000  |G:N| = 32  maxclasses = 13 (suppl:
6)  fails: supp-supp sizes 14929920,737280
    |G| = 1492992000  |G:N| = 32  maxclasses = 13 (suppl:
6)  fails: supp-supp sizes 14929920,737280
    |G| = 1492992000  |G:N| = 32  maxclasses = 15 (suppl:
8)  fails: supp-supp sizes 14929920,737280
    |G| = 1492992000  |G:N| = 32  maxclasses = 15 (suppl:
8)  fails: supp-supp sizes 14929920,737280
    |G| = 1492992000  |G:N| = 32  maxclasses = 13 (suppl:
6)  fails: supp-supp sizes 14929920,737280
    |G| = 1492992000  |G:N| = 32  maxclasses = 13 (suppl:
6)  fails: supp-supp sizes 14929920,737280
    |G| = 1492992000  |G:N| = 32  maxclasses = 23 (suppl:
8)  fails: supp-supp sizes 14929920,737280
    |G| = 1492992000  |G:N| = 32  maxclasses = 15 (suppl:
8)  fails: supp-supp sizes 14929920,737280
    |G| = 1492992000  |G:N| = 32  maxclasses = 21 (suppl:
6)  fails: supp-supp sizes 14929920,737280
    |G| = 1492992000  |G:N| = 32  maxclasses = 13 (suppl:
6)  fails: supp-supp sizes 14929920,737280
    |G| = 1492992000  |G:N| = 32  maxclasses = 21 (suppl:
6)  fails: supp-supp sizes 14929920,737280
    |G| = 1492992000  |G:N| = 32  maxclasses = 21 (suppl:
6)  fails: supp-supp sizes 14929920,737280
    |G| = 1492992000  |G:N| = 32  maxclasses = 21 (suppl:
6)  fails: supp-supp sizes 14929920,737280
    |G| = 1492992000  |G:N| = 32  maxclasses = 13 (suppl:
6)  fails: supp-supp sizes 14929920,737280
    |G| = 1492992000  |G:N| = 32  maxclasses = 13 (suppl:
6)  fails: supp-supp sizes 14929920,737280
    |G| = 1492992000  |G:N| = 32  maxclasses = 21 (suppl:
6)  fails: supp-supp sizes 14929920,737280
    |G| = 1492992000  |G:N| = 32  maxclasses = 21 (suppl:
6)  fails: supp-supp sizes 14929920,737280
    |G| = 1492992000  |G:N| = 32  maxclasses = 21 (suppl:
6)  fails: supp-supp sizes 14929920,737280
    |G| = 1492992000  |G:N| = 32  maxclasses = 13 (suppl:
6)  fails: supp-supp sizes 14929920,737280
    |G| = 1492992000  |G:N| = 32  maxclasses = 13 (suppl:
6)  fails: supp-supp sizes 14929920,737280
    |G| = 1492992000  |G:N| = 32  maxclasses = 21 (suppl:
6)  fails: supp-supp sizes 14929920,737280
    |G| = 1492992000  |G:N| = 32  maxclasses = 13 (suppl:
6)  fails: supp-supp sizes 14929920,737280
    |G| = 1492992000  |G:N| = 32  maxclasses = 13 (suppl:
6)  fails: supp-supp sizes 14929920,737280
    |G| = 1492992000  |G:N| = 32  maxclasses = 13 (suppl:
6)  fails: supp-supp sizes 14929920,737280
    |G| = 1492992000  |G:N| = 32  maxclasses = 13 (suppl:
6)  fails: supp-supp sizes 14929920,737280
    |G| = 1492992000  |G:N| = 32  maxclasses = 13 (suppl:
6)  fails: supp-supp sizes 14929920,737280
    |G| = 1492992000  |G:N| = 32  maxclasses = 13 (suppl:
6)  fails: supp-supp sizes 14929920,737280
    |G| = 1492992000  |G:N| = 32  maxclasses = 13 (suppl:
6)  fails: supp-supp sizes 14929920,737280
    |G| = 1492992000  |G:N| = 32  maxclasses = 13 (suppl:
6)  fails: supp-supp sizes 14929920,737280
    |G| = 1492992000  |G:N| = 32  maxclasses = 21 (suppl:
6)  fails: supp-supp sizes 14929920,737280
    |G| = 1492992000  |G:N| = 32  maxclasses = 15 (suppl:
8)  fails: supp-supp sizes 14929920,737280
    |G| = 1492992000  |G:N| = 32  maxclasses = 15 (suppl:
8)  fails: supp-supp sizes 14929920,737280
    |G| = 1492992000  |G:N| = 32  maxclasses = 13 (suppl:
6)  fails: supp-supp sizes 14929920,737280
    |G| = 1492992000  |G:N| = 32  maxclasses = 13 (suppl:
6)  fails: supp-supp sizes 14929920,737280
    |G| = 1492992000  |G:N| = 32  maxclasses = 15 (suppl:
8)  fails: supp-supp sizes 14929920,737280
    |G| = 1492992000  |G:N| = 32  maxclasses = 15 (suppl:
8)  fails: supp-supp sizes 14929920,737280
    |G| = 1492992000  |G:N| = 32  maxclasses = 13 (suppl:
6)  fails: supp-supp sizes 14929920,737280
    |G| = 1492992000  |G:N| = 32  maxclasses = 13 (suppl:
6)  fails: supp-supp sizes 14929920,737280
    |G| = 1492992000  |G:N| = 32  maxclasses = 21 (suppl:
6)  fails: supp-supp sizes 14929920,737280
    |G| = 1492992000  |G:N| = 32  maxclasses = 21 (suppl:
6)  fails: supp-supp sizes 14929920,737280
    |G| = 1492992000  |G:N| = 32  maxclasses = 13 (suppl:
6)  fails: supp-supp sizes 14929920,737280
    |G| = 1492992000  |G:N| = 32  maxclasses = 13 (suppl:
6)  fails: supp-supp sizes 14929920,737280
    |G| = 1492992000  |G:N| = 32  maxclasses = 21 (suppl:
6)  fails: supp-supp sizes 14929920,737280
    |G| = 1492992000  |G:N| = 32  maxclasses = 21 (suppl:
6)  fails: supp-supp sizes 14929920,737280
    |G| = 1492992000  |G:N| = 32  maxclasses = 21 (suppl:
6)  fails: supp-supp sizes 14929920,737280
    |G| = 1492992000  |G:N| = 32  maxclasses = 13 (suppl:
6)  fails: supp-supp sizes 14929920,737280
    |G| = 1492992000  |G:N| = 32  maxclasses = 13 (suppl:
6)  fails: supp-supp sizes 14929920,737280
    |G| = 1492992000  |G:N| = 32  maxclasses = 21 (suppl:
6)  fails: supp-supp sizes 14929920,737280
    |G| = 1492992000  |G:N| = 32  maxclasses = 13 (suppl:
6)  fails: supp-supp sizes 14929920,737280
    |G| = 1492992000  |G:N| = 32  maxclasses = 13 (suppl:
6)  fails: supp-supp sizes 14929920,737280
    |G| = 1492992000  |G:N| = 32  maxclasses = 13 (suppl:
6)  fails: supp-supp sizes 14929920,737280
    |G| = 1492992000  |G:N| = 32  maxclasses = 13 (suppl:
6)  fails: supp-supp sizes 14929920,737280
    |G| = 1492992000  |G:N| = 32  maxclasses = 21 (suppl:
6)  fails: supp-supp sizes 14929920,737280
    |G| = 1492992000  |G:N| = 32  maxclasses = 21 (suppl:
6)  fails: supp-supp sizes 14929920,737280
    |G| = 1492992000  |G:N| = 32  maxclasses = 13 (suppl:
6)  fails: supp-supp sizes 14929920,737280
    |G| = 1492992000  |G:N| = 32  maxclasses = 13 (suppl:
6)  fails: supp-supp sizes 14929920,737280
    |G| = 1492992000  |G:N| = 32  maxclasses = 13 (suppl:
6)  fails: supp-supp sizes 14929920,737280
    |G| = 1492992000  |G:N| = 32  maxclasses = 13 (suppl:
6)  fails: supp-supp sizes 14929920,737280
    |G| = 1492992000  |G:N| = 32  maxclasses = 13 (suppl:
6)  fails: supp-supp sizes 14929920,737280
    |G| = 1492992000  |G:N| = 32  maxclasses = 13 (suppl:
6)  fails: supp-supp sizes 14929920,737280
    |G| = 1492992000  |G:N| = 32  maxclasses = 21 (suppl:
6)  fails: supp-supp sizes 14929920,737280
    |G| = 1492992000  |G:N| = 32  maxclasses = 13 (suppl:
6)  fails: supp-supp sizes 14929920,737280
    |G| = 1492992000  |G:N| = 32  maxclasses = 13 (suppl:
6)  fails: supp-supp sizes 14929920,737280
    |G| = 1492992000  |G:N| = 32  maxclasses = 13 (suppl:
6)  fails: supp-supp sizes 14929920,737280
    |G| = 1492992000  |G:N| = 32  maxclasses = 13 (suppl:
6)  fails: supp-supp sizes 14929920,737280
    |G| = 1492992000  |G:N| = 32  maxclasses = 21 (suppl:
6)  fails: supp-supp sizes 14929920,1152000
    |G| = 1492992000  |G:N| = 32  maxclasses = 13 (suppl:
6)  fails: supp-supp sizes 14929920,737280
    |G| = 1492992000  |G:N| = 32  maxclasses = 13 (suppl:
6)  fails: supp-supp sizes 14929920,737280
    |G| = 1492992000  |G:N| = 32  maxclasses = 13 (suppl:
6)  fails: supp-supp sizes 14929920,737280
    |G| = 1492992000  |G:N| = 32  maxclasses = 13 (suppl:
6)  fails: supp-supp sizes 14929920,737280
    |G| = 1492992000  |G:N| = 32  maxclasses = 13 (suppl:
6)  fails: supp-supp sizes 14929920,737280
    |G| = 1492992000  |G:N| = 32  maxclasses = 13 (suppl:
6)  fails: supp-supp sizes 14929920,737280
    |G| = 1492992000  |G:N| = 32  maxclasses = 13 (suppl:
6)  fails: supp-supp sizes 14929920,737280
    |G| = 1492992000  |G:N| = 32  maxclasses = 13 (suppl:
6)  fails: supp-supp sizes 14929920,737280
    |G| = 1492992000  |G:N| = 32  maxclasses = 13 (suppl:
6)  fails: supp-supp sizes 14929920,737280
    |G| = 1492992000  |G:N| = 32  maxclasses = 13 (suppl:
6)  fails: supp-supp sizes 14929920,737280
    |G| = 1492992000  |G:N| = 32  maxclasses = 21 (suppl:
6)  fails: supp-supp sizes 14929920,1152000
    |G| = 1492992000  |G:N| = 32  maxclasses = 21 (suppl:
6)  fails: supp-supp sizes 14929920,1152000
    |G| = 1492992000  |G:N| = 32  maxclasses = 21 (suppl:
6)  fails: supp-supp sizes 14929920,1152000
    |G| = 1492992000  |G:N| = 32  maxclasses = 21 (suppl:
6)  fails: supp-supp sizes 14929920,1152000
    |G| = 1492992000  |G:N| = 32  maxclasses = 21 (suppl:
6)  fails: supp-supp sizes 14929920,1152000
    |G| = 1492992000  |G:N| = 32  maxclasses = 21 (suppl:
6)  fails: supp-supp sizes 14929920,1152000
    |G| = 1492992000  |G:N| = 32  maxclasses = 21 (suppl:
6)  fails: supp-supp sizes 14929920,1152000
    |G| = 1492992000  |G:N| = 32  maxclasses = 21 (suppl:
6)  fails: supp-supp sizes 14929920,1152000
    |G| = 1492992000  |G:N| = 32  maxclasses = 13 (suppl:
6)  fails: supp-supp sizes 14929920,737280
    |G| = 1492992000  |G:N| = 32  maxclasses = 13 (suppl:
6)  fails: supp-supp sizes 14929920,737280
    |G| = 1492992000  |G:N| = 32  maxclasses = 21 (suppl:
6)  fails: supp-supp sizes 14929920,1152000
    |G| = 1492992000  |G:N| = 32  maxclasses = 21 (suppl:
6)  fails: supp-supp sizes 14929920,1152000
    |G| = 1492992000  |G:N| = 32  maxclasses = 13 (suppl:
6)  fails: supp-supp sizes 14929920,737280
    |G| = 1492992000  |G:N| = 32  maxclasses = 13 (suppl:
6)  fails: supp-supp sizes 14929920,737280
    |G| = 1492992000  |G:N| = 32  maxclasses = 13 (suppl:
6)  fails: supp-supp sizes 14929920,737280
    |G| = 1492992000  |G:N| = 32  maxclasses = 13 (suppl:
6)  fails: supp-supp sizes 14929920,737280
    |G| = 1492992000  |G:N| = 32  maxclasses = 13 (suppl:
6)  fails: supp-supp sizes 14929920,737280
    |G| = 1492992000  |G:N| = 32  maxclasses = 13 (suppl:
6)  fails: supp-supp sizes 14929920,737280
    |G| = 1492992000  |G:N| = 32  maxclasses = 13 (suppl:
6)  fails: supp-supp sizes 14929920,737280
    |G| = 1492992000  |G:N| = 32  maxclasses = 13 (suppl:
6)  fails: supp-supp sizes 14929920,737280
    |G| = 1492992000  |G:N| = 32  maxclasses = 13 (suppl:
6)  fails: supp-supp sizes 14929920,737280
    |G| = 1492992000  |G:N| = 32  maxclasses = 13 (suppl:
6)  fails: supp-supp sizes 14929920,737280
    |G| = 1492992000  |G:N| = 32  maxclasses = 21 (suppl:
6)  fails: supp-supp sizes 14929920,1152000
    |G| = 1492992000  |G:N| = 32  maxclasses = 21 (suppl:
6)  fails: supp-supp sizes 14929920,1152000
    |G| = 1492992000  |G:N| = 32  maxclasses = 13 (suppl:
6)  fails: supp-supp sizes 14929920,737280
    |G| = 1492992000  |G:N| = 32  maxclasses = 13 (suppl:
6)  fails: supp-supp sizes 14929920,737280
    |G| = 1492992000  |G:N| = 32  maxclasses = 13 (suppl:
6)  fails: supp-supp sizes 14929920,737280
    |G| = 1492992000  |G:N| = 32  maxclasses = 13 (suppl:
6)  fails: supp-supp sizes 14929920,737280
    |G| = 1492992000  |G:N| = 32  maxclasses = 13 (suppl:
6)  fails: supp-supp sizes 14929920,737280
    |G| = 1492992000  |G:N| = 32  maxclasses = 23 (suppl:
8)  fails: supp-supp sizes 14929920,1152000
    |G| = 1492992000  |G:N| = 32  maxclasses = 15 (suppl:
8)  fails: supp-supp sizes 14929920,737280
    |G| = 1492992000  |G:N| = 32  maxclasses = 13 (suppl:
6)  fails: supp-supp sizes 14929920,737280
    |G| = 1492992000  |G:N| = 32  maxclasses = 21 (suppl:
6)  fails: supp-supp sizes 14929920,1152000
    |G| = 1492992000  |G:N| = 32  maxclasses = 13 (suppl:
6)  fails: supp-supp sizes 14929920,737280
    |G| = 1492992000  |G:N| = 32  maxclasses = 21 (suppl:
6)  fails: supp-supp sizes 14929920,1152000
    |G| = 1492992000  |G:N| = 32  maxclasses = 21 (suppl:
6)  fails: supp-supp sizes 14929920,737280
    |G| = 1492992000  |G:N| = 32  maxclasses = 21 (suppl:
6)  fails: supp-supp sizes 14929920,1152000
    |G| = 1492992000  |G:N| = 32  maxclasses = 13 (suppl:
6)  fails: supp-supp sizes 14929920,737280
    |G| = 1492992000  |G:N| = 32  maxclasses = 13 (suppl:
6)  fails: supp-supp sizes 14929920,737280
    |G| = 1492992000  |G:N| = 32  maxclasses = 13 (suppl:
6)  fails: supp-supp sizes 14929920,737280
    |G| = 1492992000  |G:N| = 32  maxclasses = 21 (suppl:
6)  fails: supp-supp sizes 14929920,1152000
    |G| = 1492992000  |G:N| = 32  maxclasses = 13 (suppl:
6)  fails: supp-supp sizes 14929920,737280
    |G| = 2239488000  |G:N| = 48  maxclasses = 8 (suppl:
3)  fails: supp-supp sizes 2239488,48000
    |G| = 2239488000  |G:N| = 48  maxclasses = 8 (suppl:
3)  fails: supp-supp sizes 2239488,24576
    |G| = 2239488000  |G:N| = 48  maxclasses = 8 (suppl:
3)  fails: supp-supp sizes 2239488,48000
    |G| = 2239488000  |G:N| = 48  maxclasses = 9 (suppl:
3)  fails: supp-supp sizes 2239488,48000
    |G| = 2239488000  |G:N| = 48  maxclasses = 8 (suppl:
3)  fails: supp-supp sizes 2239488,24576
    |G| = 2239488000  |G:N| = 48  maxclasses = 10 (suppl:
5)  fails: supp-supp sizes 10368000,663552
    |G| = 2239488000  |G:N| = 48  maxclasses = 8 (suppl:
3)  fails: supp-supp sizes 2239488,48000
    |G| = 2239488000  |G:N| = 48  maxclasses = 8 (suppl:
3)  fails: supp-supp sizes 2239488,24576
    |G| = 2239488000  |G:N| = 48  maxclasses = 8 (suppl:
3)  fails: supp-supp sizes 2239488,24576
    |G| = 2239488000  |G:N| = 48  maxclasses = 8 (suppl:
3)  fails: supp-supp sizes 2239488,24576
    |G| = 2239488000  |G:N| = 48  maxclasses = 8 (suppl:
3)  fails: supp-supp sizes 2239488,48000
    |G| = 2239488000  |G:N| = 48  maxclasses = 8 (suppl:
3)  fails: supp-supp sizes 2239488,24576
    |G| = 2239488000  |G:N| = 48  maxclasses = 8 (suppl:
3)  fails: supp-supp sizes 2239488,48000
    |G| = 2239488000  |G:N| = 48  maxclasses = 8 (suppl:
3)  fails: supp-supp sizes 2239488,48000
    |G| = 2239488000  |G:N| = 48  maxclasses = 8 (suppl:
3)  fails: supp-supp sizes 2239488,24576
    |G| = 2239488000  |G:N| = 48  maxclasses = 8 (suppl:
3)  fails: supp-supp sizes 2239488,48000
    |G| = 2239488000  |G:N| = 48  maxclasses = 8 (suppl:
3)  fails: supp-supp sizes 2239488,24576
    |G| = 2239488000  |G:N| = 48  maxclasses = 8 (suppl:
3)  fails: supp-supp sizes 2239488,24576
    |G| = 2239488000  |G:N| = 48  maxclasses = 8 (suppl:
3)  fails: supp-supp sizes 2239488,48000
    |G| = 2239488000  |G:N| = 48  maxclasses = 8 (suppl:
3)  fails: supp-supp sizes 2239488,48000
    |G| = 2239488000  |G:N| = 48  maxclasses = 8 (suppl:
3)  fails: supp-supp sizes 2239488,24576
    |G| = 2239488000  |G:N| = 48  maxclasses = 8 (suppl:
3)  fails: supp-supp sizes 2239488,24576
    |G| = 2239488000  |G:N| = 48  maxclasses = 8 (suppl:
3)  fails: supp-supp sizes 2239488,24576
    |G| = 2985984000  |G:N| = 64  maxclasses = 21 (suppl:
6)  fails: supp-supp sizes 29859840,1474560
    |G| = 2985984000  |G:N| = 64  maxclasses = 21 (suppl:
6)  fails: supp-supp sizes 29859840,1474560
    |G| = 2985984000  |G:N| = 64  maxclasses = 21 (suppl:
6)  fails: supp-supp sizes 29859840,1474560
    |G| = 2985984000  |G:N| = 64  maxclasses = 37 (suppl:
6)  fails: supp-supp sizes 29859840,1474560
    |G| = 2985984000  |G:N| = 64  maxclasses = 21 (suppl:
6)  fails: supp-supp sizes 29859840,1474560
    |G| = 2985984000  |G:N| = 64  maxclasses = 21 (suppl:
6)  fails: supp-supp sizes 29859840,1474560
    |G| = 2985984000  |G:N| = 64  maxclasses = 37 (suppl:
6)  fails: supp-supp sizes 29859840,2304000
    |G| = 2985984000  |G:N| = 64  maxclasses = 21 (suppl:
6)  fails: supp-supp sizes 29859840,1474560
    |G| = 2985984000  |G:N| = 64  maxclasses = 21 (suppl:
6)  fails: supp-supp sizes 29859840,1474560
    |G| = 2985984000  |G:N| = 64  maxclasses = 21 (suppl:
6)  fails: supp-supp sizes 29859840,1474560
    |G| = 2985984000  |G:N| = 64  maxclasses = 21 (suppl:
6)  fails: supp-supp sizes 29859840,1474560
    |G| = 2985984000  |G:N| = 64  maxclasses = 21 (suppl:
6)  fails: supp-supp sizes 29859840,1474560
    |G| = 2985984000  |G:N| = 64  maxclasses = 21 (suppl:
6)  fails: supp-supp sizes 29859840,1474560
    |G| = 2985984000  |G:N| = 64  maxclasses = 21 (suppl:
6)  fails: supp-supp sizes 29859840,1474560
    |G| = 2985984000  |G:N| = 64  maxclasses = 21 (suppl:
6)  fails: supp-supp sizes 29859840,1474560
    |G| = 2985984000  |G:N| = 64  maxclasses = 21 (suppl:
6)  fails: supp-supp sizes 29859840,1474560
    |G| = 2985984000  |G:N| = 64  maxclasses = 21 (suppl:
6)  fails: supp-supp sizes 29859840,1474560
    |G| = 2985984000  |G:N| = 64  maxclasses = 21 (suppl:
6)  fails: supp-supp sizes 29859840,1474560
    |G| = 2985984000  |G:N| = 64  maxclasses = 21 (suppl:
6)  fails: supp-supp sizes 29859840,1474560
    |G| = 2985984000  |G:N| = 64  maxclasses = 72 (suppl:
9)  fails: supp-supp sizes 298598400,66355200
    |G| = 2985984000  |G:N| = 64  maxclasses = 23 (suppl:
8)  fails: supp-supp sizes 29859840,1474560
    |G| = 2985984000  |G:N| = 64  maxclasses = 21 (suppl:
6)  fails: supp-supp sizes 29859840,1474560
    |G| = 2985984000  |G:N| = 64  maxclasses = 21 (suppl:
6)  fails: supp-supp sizes 29859840,1474560
    |G| = 2985984000  |G:N| = 64  maxclasses = 21 (suppl:
6)  fails: supp-supp sizes 29859840,1474560
    |G| = 2985984000  |G:N| = 64  maxclasses = 21 (suppl:
6)  fails: supp-supp sizes 29859840,1474560
    |G| = 2985984000  |G:N| = 64  maxclasses = 21 (suppl:
6)  fails: supp-supp sizes 29859840,1474560
    |G| = 2985984000  |G:N| = 64  maxclasses = 37 (suppl:
6)  fails: supp-supp sizes 29859840,1474560
    |G| = 2985984000  |G:N| = 64  maxclasses = 21 (suppl:
6)  fails: supp-supp sizes 29859840,1474560
    |G| = 2985984000  |G:N| = 64  maxclasses = 21 (suppl:
6)  fails: supp-supp sizes 29859840,1474560
    |G| = 2985984000  |G:N| = 64  maxclasses = 21 (suppl:
6)  fails: supp-supp sizes 29859840,1474560
    |G| = 2985984000  |G:N| = 64  maxclasses = 21 (suppl:
6)  fails: supp-supp sizes 29859840,1474560
    |G| = 4478976000  |G:N| = 96  maxclasses = 10 (suppl:
3)  fails: supp-supp sizes 4478976,49152
    |G| = 4478976000  |G:N| = 96  maxclasses = 10 (suppl:
3)  fails: supp-supp sizes 4478976,96000
    |G| = 4478976000  |G:N| = 96  maxclasses = 10 (suppl:
3)  fails: supp-supp sizes 4478976,49152
    |G| = 4478976000  |G:N| = 96  maxclasses = 12 (suppl:
3)  fails: supp-supp sizes 4478976,49152
    |G| = 4478976000  |G:N| = 96  maxclasses = 12 (suppl:
3)  fails: supp-supp sizes 4478976,96000
    |G| = 4478976000  |G:N| = 96  maxclasses = 8 (suppl:
3)  fails: supp-supp sizes 4478976,96000
    |G| = 4478976000  |G:N| = 96  maxclasses = 8 (suppl:
3)  fails: supp-supp sizes 4478976,49152
    |G| = 4478976000  |G:N| = 96  maxclasses = 8 (suppl:
3)  fails: supp-supp sizes 4478976,49152
    |G| = 4478976000  |G:N| = 96  maxclasses = 8 (suppl:
3)  fails: supp-supp sizes 4478976,96000
    |G| = 4478976000  |G:N| = 96  maxclasses = 12 (suppl:
3)  fails: supp-supp sizes 4478976,49152
    |G| = 5971968000  |G:N| = 128  maxclasses = 37 (suppl:
6)  fails: supp-supp sizes 59719680,2949120
    |G| = 8957952000  |G:N| = 192  maxclasses = 12 (suppl:
3)  fails: supp-supp sizes 8957952,98304
    |G| = 8957952000  |G:N| = 192  maxclasses = 10 (suppl:
3)  fails: supp-supp sizes 8957952,98304
    |G| = 8957952000  |G:N| = 192  maxclasses = 10 (suppl:
3)  fails: supp-supp sizes 8957952,98304
    |G| = 8957952000  |G:N| = 192  maxclasses = 10 (suppl:
3)  fails: supp-supp sizes 8957952,192000
    |G| = 8957952000  |G:N| = 192  maxclasses = 10 (suppl:
3)  fails: supp-supp sizes 8957952,98304
    |G| = 8957952000  |G:N| = 192  maxclasses = 10 (suppl:
3)  fails: supp-supp sizes 8957952,98304
    |G| = 8957952000  |G:N| = 192  maxclasses = 10 (suppl:
3)  fails: supp-supp sizes 8957952,98304
    |G| = 17915904000  |G:N| = 384  maxclasses = 14 (suppl:
3)  fails: supp-supp sizes 17915904,196608
=== socle L2_8^3:  |S|^k = 128024064,  |W/N| = 162
    candidates (subgroups N <= G <= W up to conjugacy): 34
    |G| = 128024064  |G:N| = 1  maxclasses = 18 (suppl:
18)  fails: supp-supp sizes 14224896,3556224
    |G| = 256048128  |G:N| = 2  maxclasses = 8 (suppl:
7)  fails: supp-supp sizes 508032,3161088
    |G| = 384072192  |G:N| = 3  maxclasses = 13 (suppl:
12)  fails: supp-supp sizes 42674688,10668672
    |G| = 384072192  |G:N| = 3  maxclasses = 13 (suppl:
12)  fails: supp-supp sizes 42674688,10668672
    |G| = 384072192  |G:N| = 3  maxclasses = 10 (suppl:
9)  fails: supp-supp sizes 42674688,10668672
    |G| = 384072192  |G:N| = 3  maxclasses = 19 (suppl:
18)  fails: supp-supp sizes 42674688,10668672
    |G| = 384072192  |G:N| = 3  maxclasses = 13 (suppl:
12)  fails: supp-supp sizes 42674688,10668672
    |G| = 384072192  |G:N| = 3  maxclasses = 7 (suppl:
6)  fails: supp-supp sizes 1512,1512
    |G| = 768144384  |G:N| = 6  maxclasses = 9 (suppl:
7)  fails: supp-supp sizes 1524096,9483264
    |G| = 768144384  |G:N| = 6  maxclasses = 9 (suppl:
7)  fails: supp-supp sizes 1524096,9483264
    |G| = 768144384  |G:N| = 6  maxclasses = 9 (suppl:
7)  fails: supp-supp sizes 1524096,9483264
    |G| = 768144384  |G:N| = 6  maxclasses = 8 (suppl:
6)  fails: supp-supp sizes 9483264,592704
    |G| = 768144384  |G:N| = 6  maxclasses = 6 (suppl:
4)  fails: supp-supp sizes 3024,1053696
    |G| = 768144384  |G:N| = 6  maxclasses = 9 (suppl:
7)  fails: supp-supp sizes 1524096,9483264
    |G| = 1152216576  |G:N| = 9  maxclasses = 10 (suppl:
6)  fails: supp-supp sizes 4536,4536
    |G| = 1152216576  |G:N| = 9  maxclasses = 4 (suppl:
3)  fails: supp-supp sizes 1580544,24696
    |G| = 1152216576  |G:N| = 9  maxclasses = 13 (suppl:
9)  fails: supp-supp sizes 128024064,32006016
    |G| = 1152216576  |G:N| = 9  maxclasses = 13 (suppl:
9)  fails: supp-supp sizes 128024064,32006016
    |G| = 1152216576  |G:N| = 9  maxclasses = 13 (suppl:
9)  fails: supp-supp sizes 128024064,32006016
    |G| = 1152216576  |G:N| = 9  maxclasses = 16 (suppl:
12)  fails: supp-supp sizes 128024064,32006016
    |G| = 1152216576  |G:N| = 9  maxclasses = 13 (suppl:
9)  fails: supp-supp sizes 128024064,32006016
    |G| = 2304433152  |G:N| = 18  maxclasses = 9 (suppl:
6)  fails: supp-supp sizes 28449792,1778112
    |G| = 2304433152  |G:N| = 18  maxclasses = 9 (suppl:
6)  fails: supp-supp sizes 28449792,1778112
    |G| = 2304433152  |G:N| = 18  maxclasses = 9 (suppl:
6)  fails: supp-supp sizes 28449792,1778112
    |G| = 2304433152  |G:N| = 18  maxclasses = 12 (suppl:
7)  fails: supp-supp sizes 4572288,28449792
    |G| = 2304433152  |G:N| = 18  maxclasses = 7 (suppl:
4)  fails: supp-supp sizes 9072,3161088
    |G| = 2304433152  |G:N| = 18  maxclasses = 9 (suppl:
6)  fails: supp-supp sizes 28449792,1778112
    |G| = 3456649728  |G:N| = 27  maxclasses = 7 (suppl:
3)  fails: supp-supp sizes 4741632,74088
    |G| = 3456649728  |G:N| = 27  maxclasses = 22 (suppl:
9)  fails: supp-supp sizes 384072192,96018048
    |G| = 3456649728  |G:N| = 27  maxclasses = 7 (suppl:
3)  fails: supp-supp sizes 4741632,74088
    |G| = 6913299456  |G:N| = 54  maxclasses = 12 (suppl:
6)  fails: supp-supp sizes 85349376,5334336
    |G| = 6913299456  |G:N| = 54  maxclasses = 8 (suppl:
3)  fails: supp-supp sizes 9483264,148176
    |G| = 10369949184  |G:N| = 81  maxclasses = 7 (suppl:
3)  fails: supp-supp sizes 14224896,222264
    |G| = 20739898368  |G:N| = 162  maxclasses = 6 (suppl:
3)  fails: supp-supp sizes 28449792,444528
=== socle L2_11^3:  |S|^k = 287496000,  |W/N| = 48
    candidates (subgroups N <= G <= W up to conjugacy): 33
    |G| = 287496000  |G:N| = 1  maxclasses = 18 (suppl:
18)  fails: supp-supp sizes 26136000,26136000
    |G| = 574992000  |G:N| = 2  maxclasses = 15 (suppl:
14)  fails: supp-supp sizes 52272000,52272000
    |G| = 574992000  |G:N| = 2  maxclasses = 15 (suppl:
14)  fails: supp-supp sizes 52272000,52272000
    |G| = 574992000  |G:N| = 2  maxclasses = 19 (suppl:
18)  fails: supp-supp sizes 47916000,8712000
    |G| = 574992000  |G:N| = 2  maxclasses = 11 (suppl:
10)  fails: supp-supp sizes 871200,871200
    |G| = 574992000  |G:N| = 2  maxclasses = 11 (suppl:
10)  fails: supp-supp sizes 871200,871200
    |G| = 862488000  |G:N| = 3  maxclasses = 6 (suppl:
5)  fails: supp-supp sizes 1980,648000
    |G| = 1149984000  |G:N| = 4  maxclasses = 15 (suppl:
12)  fails: supp-supp sizes 104544000,104544000
    |G| = 1149984000  |G:N| = 4  maxclasses = 17 (suppl:
14)  fails: supp-supp sizes 95832000,17424000
    |G| = 1149984000  |G:N| = 4  maxclasses = 15 (suppl:
12)  fails: supp-supp sizes 95832000,17424000
    |G| = 1149984000  |G:N| = 4  maxclasses = 9 (suppl:
8)  fails: supp-supp sizes 7986000,264000
    |G| = 1149984000  |G:N| = 4  maxclasses = 13 (suppl:
10)  fails: supp-supp sizes 1742400,1742400
    |G| = 1149984000  |G:N| = 4  maxclasses = 13 (suppl:
10)  fails: supp-supp sizes 1742400,1742400
    |G| = 1149984000  |G:N| = 4  maxclasses = 13 (suppl:
10)  fails: supp-supp sizes 1742400,1742400
    |G| = 1149984000  |G:N| = 4  maxclasses = 9 (suppl:
8)  fails: supp-supp sizes 7986000,264000
    |G| = 1149984000  |G:N| = 4  maxclasses = 13 (suppl:
10)  fails: supp-supp sizes 1742400,1742400
    |G| = 1724976000  |G:N| = 6  maxclasses = 7 (suppl:
5)  fails: supp-supp sizes 3960,998250
    |G| = 1724976000  |G:N| = 6  maxclasses = 7 (suppl:
5)  fails: supp-supp sizes 3960,1296000
    |G| = 1724976000  |G:N| = 6  maxclasses = 7 (suppl:
5)  fails: supp-supp sizes 3960,998250
    |G| = 2299968000  |G:N| = 8  maxclasses = 11 (suppl:
8)  fails: supp-supp sizes 15972000,528000
    |G| = 2299968000  |G:N| = 8  maxclasses = 11 (suppl:
8)  fails: supp-supp sizes 15972000,528000
    |G| = 2299968000  |G:N| = 8  maxclasses = 11 (suppl:
8)  fails: supp-supp sizes 15972000,528000
    |G| = 2299968000  |G:N| = 8  maxclasses = 11 (suppl:
8)  fails: supp-supp sizes 15972000,528000
    |G| = 2299968000  |G:N| = 8  maxclasses = 17 (suppl:
10)  fails: supp-supp sizes 3484800,3484800
    |G| = 2299968000  |G:N| = 8  maxclasses = 19 (suppl:
12)  fails: supp-supp sizes 191664000,34848000
    |G| = 2299968000  |G:N| = 8  maxclasses = 11 (suppl:
8)  fails: supp-supp sizes 15972000,528000
    |G| = 3449952000  |G:N| = 12  maxclasses = 6 (suppl:
4)  fails: supp-supp sizes 1996500,12000
    |G| = 3449952000  |G:N| = 12  maxclasses = 9 (suppl:
5)  fails: supp-supp sizes 7920,1996500
    |G| = 4599936000  |G:N| = 16  maxclasses = 15 (suppl:
8)  fails: supp-supp sizes 31944000,1056000
    |G| = 6899904000  |G:N| = 24  maxclasses = 7 (suppl:
4)  fails: supp-supp sizes 3993000,24000
    |G| = 6899904000  |G:N| = 24  maxclasses = 7 (suppl:
4)  fails: supp-supp sizes 3993000,24000
    |G| = 6899904000  |G:N| = 24  maxclasses = 7 (suppl:
4)  fails: supp-supp sizes 3993000,24000
    |G| = 13799808000  |G:N| = 48  maxclasses = 9 (suppl:
4)  fails: supp-supp sizes 7986000,48000
=== socle A5^4:  |S|^k = 12960000,  |W/N| = 384
    candidates (subgroups N <= G <= W up to conjugacy): 193
    |G| = 12960000  |G:N| = 1  maxclasses = 24 (suppl:
24)  fails: supp-supp sizes 1296000,2592000
    |G| = 25920000  |G:N| = 2  maxclasses = 14 (suppl:
13)  fails: supp-supp sizes 432000,432000
    |G| = 25920000  |G:N| = 2  maxclasses = 19 (suppl:
18)  fails: supp-supp sizes 2592000,5184000
    |G| = 25920000  |G:N| = 2  maxclasses = 17 (suppl:
16)  fails: supp-supp sizes 2592000,5184000
    |G| = 25920000  |G:N| = 2  maxclasses = 19 (suppl:
18)  fails: supp-supp sizes 2592000,5184000
    |G| = 25920000  |G:N| = 2  maxclasses = 25 (suppl:
24)  fails: supp-supp sizes 2592000,5184000
    |G| = 25920000  |G:N| = 2  maxclasses = 12 (suppl:
11)  fails: supp-supp sizes 432000,432000
    |G| = 25920000  |G:N| = 2  maxclasses = 14 (suppl:
13)  fails: supp-supp sizes 432000,432000
    |G| = 25920000  |G:N| = 2  maxclasses = 15 (suppl:
14)  fails: supp-supp sizes 432000,432000
    |G| = 38880000  |G:N| = 3  maxclasses = 8 (suppl:
7)  fails: supp-supp sizes 10800,38880
    |G| = 51840000  |G:N| = 4  maxclasses = 14 (suppl:
11)  fails: supp-supp sizes 864000,864000
    |G| = 51840000  |G:N| = 4  maxclasses = 17 (suppl:
14)  fails: supp-supp sizes 5184000,10368000
    |G| = 51840000  |G:N| = 4  maxclasses = 17 (suppl:
14)  fails: supp-supp sizes 5184000,10368000
    |G| = 51840000  |G:N| = 4  maxclasses = 14 (suppl:
11)  fails: supp-supp sizes 864000,864000
    |G| = 51840000  |G:N| = 4  maxclasses = 14 (suppl:
11)  fails: supp-supp sizes 864000,864000
    |G| = 51840000  |G:N| = 4  maxclasses = 16 (suppl:
13)  fails: supp-supp sizes 864000,864000
    |G| = 51840000  |G:N| = 4  maxclasses = 12 (suppl:
9)  fails: supp-supp sizes 5184,82944
    |G| = 51840000  |G:N| = 4  maxclasses = 19 (suppl:
16)  fails: supp-supp sizes 5184000,10368000
    |G| = 51840000  |G:N| = 4  maxclasses = 13 (suppl:
10)  fails: supp-supp sizes 864000,864000
    |G| = 51840000  |G:N| = 4  maxclasses = 9 (suppl:
8)  fails: supp-supp sizes 864000,864000
    |G| = 51840000  |G:N| = 4  maxclasses = 17 (suppl:
14)  fails: supp-supp sizes 864000,864000
    |G| = 51840000  |G:N| = 4  maxclasses = 11 (suppl:
10)  fails: supp-supp sizes 518400,2073600
    |G| = 51840000  |G:N| = 4  maxclasses = 16 (suppl:
13)  fails: supp-supp sizes 864000,864000
    |G| = 51840000  |G:N| = 4  maxclasses = 14 (suppl:
11)  fails: supp-supp sizes 864000,864000
    |G| = 51840000  |G:N| = 4  maxclasses = 16 (suppl:
13)  fails: supp-supp sizes 864000,864000
    |G| = 51840000  |G:N| = 4  maxclasses = 12 (suppl:
11)  fails: supp-supp sizes 518400,2073600
    |G| = 51840000  |G:N| = 4  maxclasses = 10 (suppl:
9)  fails: supp-supp sizes 518400,2073600
    |G| = 51840000  |G:N| = 4  maxclasses = 12 (suppl:
11)  fails: supp-supp sizes 518400,2073600
    |G| = 51840000  |G:N| = 4  maxclasses = 14 (suppl:
11)  fails: supp-supp sizes 864000,864000
    |G| = 51840000  |G:N| = 4  maxclasses = 14 (suppl:
11)  fails: supp-supp sizes 864000,864000
    |G| = 51840000  |G:N| = 4  maxclasses = 13 (suppl:
10)  fails: supp-supp sizes 864000,864000
    |G| = 51840000  |G:N| = 4  maxclasses = 14 (suppl:
11)  fails: supp-supp sizes 864000,864000
    |G| = 51840000  |G:N| = 4  maxclasses = 15 (suppl:
12)  fails: supp-supp sizes 5184000,10368000
    |G| = 51840000  |G:N| = 4  maxclasses = 17 (suppl:
14)  fails: supp-supp sizes 5184000,10368000
    |G| = 51840000  |G:N| = 4  maxclasses = 13 (suppl:
10)  fails: supp-supp sizes 864000,864000
    |G| = 51840000  |G:N| = 4  maxclasses = 13 (suppl:
10)  fails: supp-supp sizes 864000,864000
    |G| = 51840000  |G:N| = 4  maxclasses = 16 (suppl:
13)  fails: supp-supp sizes 864000,864000
    |G| = 51840000  |G:N| = 4  maxclasses = 6 (suppl:
5)  fails: supp-supp sizes 5184,82944
    |G| = 51840000  |G:N| = 4  maxclasses = 21 (suppl:
18)  fails: supp-supp sizes 5184000,10368000
    |G| = 77760000  |G:N| = 6  maxclasses = 9 (suppl:
7)  fails: supp-supp sizes 21600,77760
    |G| = 77760000  |G:N| = 6  maxclasses = 9 (suppl:
7)  fails: supp-supp sizes 21600,77760
    |G| = 77760000  |G:N| = 6  maxclasses = 9 (suppl:
7)  fails: supp-supp sizes 21600,77760
    |G| = 77760000  |G:N| = 6  maxclasses = 9 (suppl:
7)  fails: supp-supp sizes 21600,77760
    |G| = 77760000  |G:N| = 6  maxclasses = 9 (suppl:
7)  fails: supp-supp sizes 21600,77760
    |G| = 77760000  |G:N| = 6  maxclasses = 9 (suppl:
7)  fails: supp-supp sizes 21600,77760
    |G| = 77760000  |G:N| = 6  maxclasses = 9 (suppl:
7)  fails: supp-supp sizes 21600,77760
    |G| = 103680000  |G:N| = 8  maxclasses = 18 (suppl:
11)  fails: supp-supp sizes 1728000,1728000
    |G| = 103680000  |G:N| = 8  maxclasses = 4 (suppl:
3)  fails: supp-supp sizes 10368,165888
    |G| = 103680000  |G:N| = 8  maxclasses = 18 (suppl:
11)  fails: supp-supp sizes 1728000,1728000
    |G| = 103680000  |G:N| = 8  maxclasses = 17 (suppl:
10)  fails: supp-supp sizes 1728000,1728000
    |G| = 103680000  |G:N| = 8  maxclasses = 11 (suppl:
8)  fails: supp-supp sizes 1728000,1728000
    |G| = 103680000  |G:N| = 8  maxclasses = 17 (suppl:
10)  fails: supp-supp sizes 1728000,1728000
    |G| = 103680000  |G:N| = 8  maxclasses = 14 (suppl:
11)  fails: supp-supp sizes 1036800,4147200
    |G| = 103680000  |G:N| = 8  maxclasses = 18 (suppl:
11)  fails: supp-supp sizes 1728000,1728000
    |G| = 103680000  |G:N| = 8  maxclasses = 20 (suppl:
13)  fails: supp-supp sizes 1728000,1728000
    |G| = 103680000  |G:N| = 8  maxclasses = 12 (suppl:
9)  fails: supp-supp sizes 1036800,4147200
    |G| = 103680000  |G:N| = 8  maxclasses = 12 (suppl:
9)  fails: supp-supp sizes 1036800,4147200
    |G| = 103680000  |G:N| = 8  maxclasses = 8 (suppl:
5)  fails: supp-supp sizes 10368,165888
    |G| = 103680000  |G:N| = 8  maxclasses = 18 (suppl:
11)  fails: supp-supp sizes 1728000,1728000
    |G| = 103680000  |G:N| = 8  maxclasses = 18 (suppl:
11)  fails: supp-supp sizes 1728000,1728000
    |G| = 103680000  |G:N| = 8  maxclasses = 6 (suppl:
3)  fails: supp-supp sizes 10368,165888
    |G| = 103680000  |G:N| = 8  maxclasses = 14 (suppl:
11)  fails: supp-supp sizes 1036800,4147200
    |G| = 103680000  |G:N| = 8  maxclasses = 12 (suppl:
9)  fails: supp-supp sizes 1036800,4147200
    |G| = 103680000  |G:N| = 8  maxclasses = 14 (suppl:
11)  fails: supp-supp sizes 1036800,4147200
    |G| = 103680000  |G:N| = 8  maxclasses = 12 (suppl:
9)  fails: supp-supp sizes 1036800,4147200
    |G| = 103680000  |G:N| = 8  maxclasses = 8 (suppl:
5)  fails: supp-supp sizes 10368,165888
    |G| = 103680000  |G:N| = 8  maxclasses = 10 (suppl:
7)  fails: supp-supp sizes 10368,165888
    |G| = 103680000  |G:N| = 8  maxclasses = 16 (suppl:
9)  fails: supp-supp sizes 10368,165888
    |G| = 103680000  |G:N| = 8  maxclasses = 11 (suppl:
8)  fails: supp-supp sizes 1728000,1728000
    |G| = 103680000  |G:N| = 8  maxclasses = 12 (suppl:
9)  fails: supp-supp sizes 1036800,4147200
    |G| = 103680000  |G:N| = 8  maxclasses = 12 (suppl:
9)  fails: supp-supp sizes 1036800,4147200
    |G| = 103680000  |G:N| = 8  maxclasses = 12 (suppl:
9)  fails: supp-supp sizes 1036800,4147200
    |G| = 103680000  |G:N| = 8  maxclasses = 14 (suppl:
11)  fails: supp-supp sizes 1036800,4147200
    |G| = 103680000  |G:N| = 8  maxclasses = 12 (suppl:
9)  fails: supp-supp sizes 1036800,4147200
    |G| = 103680000  |G:N| = 8  maxclasses = 18 (suppl:
11)  fails: supp-supp sizes 1728000,1728000
    |G| = 103680000  |G:N| = 8  maxclasses = 11 (suppl:
8)  fails: supp-supp sizes 1728000,1728000
    |G| = 103680000  |G:N| = 8  maxclasses = 11 (suppl:
8)  fails: supp-supp sizes 1728000,1728000
    |G| = 103680000  |G:N| = 8  maxclasses = 11 (suppl:
8)  fails: supp-supp sizes 1728000,1728000
    |G| = 103680000  |G:N| = 8  maxclasses = 11 (suppl:
8)  fails: supp-supp sizes 1728000,1728000
    |G| = 103680000  |G:N| = 8  maxclasses = 11 (suppl:
8)  fails: supp-supp sizes 1036800,4147200
    |G| = 103680000  |G:N| = 8  maxclasses = 9 (suppl:
6)  fails: supp-supp sizes 1036800,4147200
    |G| = 103680000  |G:N| = 8  maxclasses = 19 (suppl:
12)  fails: supp-supp sizes 10368000,20736000
    |G| = 103680000  |G:N| = 8  maxclasses = 17 (suppl:
10)  fails: supp-supp sizes 1728000,1728000
    |G| = 103680000  |G:N| = 8  maxclasses = 14 (suppl:
11)  fails: supp-supp sizes 1036800,4147200
    |G| = 103680000  |G:N| = 8  maxclasses = 11 (suppl:
8)  fails: supp-supp sizes 1036800,4147200
    |G| = 103680000  |G:N| = 8  maxclasses = 11 (suppl:
8)  fails: supp-supp sizes 1728000,1728000
    |G| = 103680000  |G:N| = 8  maxclasses = 17 (suppl:
10)  fails: supp-supp sizes 1728000,1728000
    |G| = 103680000  |G:N| = 8  maxclasses = 8 (suppl:
5)  fails: supp-supp sizes 10368,165888
    |G| = 103680000  |G:N| = 8  maxclasses = 8 (suppl:
5)  fails: supp-supp sizes 10368,165888
    |G| = 103680000  |G:N| = 8  maxclasses = 9 (suppl:
6)  fails: supp-supp sizes 1036800,4147200
    |G| = 103680000  |G:N| = 8  maxclasses = 19 (suppl:
12)  fails: supp-supp sizes 10368000,20736000
    |G| = 103680000  |G:N| = 8  maxclasses = 19 (suppl:
12)  fails: supp-supp sizes 10368000,20736000
    |G| = 103680000  |G:N| = 8  maxclasses = 21 (suppl:
14)  fails: supp-supp sizes 10368000,20736000
    |G| = 103680000  |G:N| = 8  maxclasses = 11 (suppl:
8)  fails: supp-supp sizes 1728000,1728000
    |G| = 103680000  |G:N| = 8  maxclasses = 12 (suppl:
9)  fails: supp-supp sizes 1036800,4147200
    |G| = 155520000  |G:N| = 12  maxclasses = 11 (suppl:
7)  fails: supp-supp sizes 43200,155520
    |G| = 155520000  |G:N| = 12  maxclasses = 8 (suppl:
6)  fails: supp-supp sizes 155520,1244160
    |G| = 155520000  |G:N| = 12  maxclasses = 11 (suppl:
7)  fails: supp-supp sizes 43200,155520
    |G| = 155520000  |G:N| = 12  maxclasses = 11 (suppl:
7)  fails: supp-supp sizes 43200,155520
    |G| = 155520000  |G:N| = 12  maxclasses = 11 (suppl:
7)  fails: supp-supp sizes 43200,155520
    |G| = 155520000  |G:N| = 12  maxclasses = 11 (suppl:
7)  fails: supp-supp sizes 43200,155520
    |G| = 155520000  |G:N| = 12  maxclasses = 11 (suppl:
7)  fails: supp-supp sizes 43200,155520
    |G| = 155520000  |G:N| = 12  maxclasses = 11 (suppl:
7)  fails: supp-supp sizes 43200,155520
    |G| = 155520000  |G:N| = 12  maxclasses = 6 (suppl:
4)  fails: supp-supp sizes 720,15552
    |G| = 207360000  |G:N| = 16  maxclasses = 9 (suppl:
6)  fails: supp-supp sizes 2073600,8294400
    |G| = 207360000  |G:N| = 16  maxclasses = 8 (suppl:
5)  fails: supp-supp sizes 20736,331776
    |G| = 207360000  |G:N| = 16  maxclasses = 6 (suppl:
3)  fails: supp-supp sizes 20736,331776
    |G| = 207360000  |G:N| = 16  maxclasses = 15 (suppl:
8)  fails: supp-supp sizes 2073600,8294400
    |G| = 207360000  |G:N| = 16  maxclasses = 12 (suppl:
5)  fails: supp-supp sizes 20736,331776
    |G| = 207360000  |G:N| = 16  maxclasses = 13 (suppl:
6)  fails: supp-supp sizes 2073600,8294400
    |G| = 207360000  |G:N| = 16  maxclasses = 9 (suppl:
6)  fails: supp-supp sizes 2073600,8294400
    |G| = 207360000  |G:N| = 16  maxclasses = 15 (suppl:
8)  fails: supp-supp sizes 3456000,3456000
    |G| = 207360000  |G:N| = 16  maxclasses = 27 (suppl:
12)  fails: supp-supp sizes 20736000,41472000
    |G| = 207360000  |G:N| = 16  maxclasses = 15 (suppl:
8)  fails: supp-supp sizes 2073600,8294400
    |G| = 207360000  |G:N| = 16  maxclasses = 9 (suppl:
6)  fails: supp-supp sizes 2073600,8294400
    |G| = 207360000  |G:N| = 16  maxclasses = 15 (suppl:
8)  fails: supp-supp sizes 2073600,8294400
    |G| = 207360000  |G:N| = 16  maxclasses = 16 (suppl:
9)  fails: supp-supp sizes 2073600,8294400
    |G| = 207360000  |G:N| = 16  maxclasses = 26 (suppl:
11)  fails: supp-supp sizes 3456000,3456000
    |G| = 207360000  |G:N| = 16  maxclasses = 16 (suppl:
9)  fails: supp-supp sizes 2073600,8294400
    |G| = 207360000  |G:N| = 16  maxclasses = 9 (suppl:
6)  fails: supp-supp sizes 2073600,8294400
    |G| = 207360000  |G:N| = 16  maxclasses = 25 (suppl:
10)  fails: supp-supp sizes 3456000,3456000
    |G| = 207360000  |G:N| = 16  maxclasses = 15 (suppl:
8)  fails: supp-supp sizes 3456000,3456000
    |G| = 207360000  |G:N| = 16  maxclasses = 9 (suppl:
6)  fails: supp-supp sizes 2073600,8294400
    |G| = 207360000  |G:N| = 16  maxclasses = 9 (suppl:
6)  fails: supp-supp sizes 2073600,8294400
    |G| = 207360000  |G:N| = 16  maxclasses = 15 (suppl:
8)  fails: supp-supp sizes 2073600,8294400
    |G| = 207360000  |G:N| = 16  maxclasses = 6 (suppl:
3)  fails: supp-supp sizes 20736,331776
    |G| = 207360000  |G:N| = 16  maxclasses = 15 (suppl:
8)  fails: supp-supp sizes 3456000,3456000
    |G| = 207360000  |G:N| = 16  maxclasses = 18 (suppl:
11)  fails: supp-supp sizes 2073600,8294400
    |G| = 207360000  |G:N| = 16  maxclasses = 12 (suppl:
5)  fails: supp-supp sizes 20736,331776
    |G| = 207360000  |G:N| = 16  maxclasses = 10 (suppl:
3)  fails: supp-supp sizes 20736,331776
    |G| = 207360000  |G:N| = 16  maxclasses = 16 (suppl:
9)  fails: supp-supp sizes 2073600,8294400
    |G| = 207360000  |G:N| = 16  maxclasses = 16 (suppl:
9)  fails: supp-supp sizes 2073600,8294400
    |G| = 207360000  |G:N| = 16  maxclasses = 16 (suppl:
9)  fails: supp-supp sizes 2073600,8294400
    |G| = 207360000  |G:N| = 16  maxclasses = 16 (suppl:
9)  fails: supp-supp sizes 2073600,8294400
    |G| = 207360000  |G:N| = 16  maxclasses = 8 (suppl:
5)  fails: supp-supp sizes 20736,331776
    |G| = 207360000  |G:N| = 16  maxclasses = 15 (suppl:
8)  fails: supp-supp sizes 3456000,3456000
    |G| = 207360000  |G:N| = 16  maxclasses = 13 (suppl:
6)  fails: supp-supp sizes 2073600,8294400
    |G| = 207360000  |G:N| = 16  maxclasses = 16 (suppl:
9)  fails: supp-supp sizes 2073600,8294400
    |G| = 207360000  |G:N| = 16  maxclasses = 9 (suppl:
6)  fails: supp-supp sizes 2073600,8294400
    |G| = 207360000  |G:N| = 16  maxclasses = 16 (suppl:
9)  fails: supp-supp sizes 2073600,8294400
    |G| = 207360000  |G:N| = 16  maxclasses = 6 (suppl:
3)  fails: supp-supp sizes 20736,331776
    |G| = 311040000  |G:N| = 24  maxclasses = 7 (suppl:
4)  fails: supp-supp sizes 1440,31104
    |G| = 311040000  |G:N| = 24  maxclasses = 5 (suppl:
3)  fails: supp-supp sizes 31104,497664
    |G| = 311040000  |G:N| = 24  maxclasses = 9 (suppl:
6)  fails: supp-supp sizes 311040,2488320
    |G| = 311040000  |G:N| = 24  maxclasses = 9 (suppl:
6)  fails: supp-supp sizes 311040,2488320
    |G| = 311040000  |G:N| = 24  maxclasses = 9 (suppl:
6)  fails: supp-supp sizes 311040,2488320
    |G| = 311040000  |G:N| = 24  maxclasses = 7 (suppl:
4)  fails: supp-supp sizes 1440,31104
    |G| = 311040000  |G:N| = 24  maxclasses = 7 (suppl:
4)  fails: supp-supp sizes 1440,31104
    |G| = 311040000  |G:N| = 24  maxclasses = 9 (suppl:
6)  fails: supp-supp sizes 311040,2488320
    |G| = 311040000  |G:N| = 24  maxclasses = 9 (suppl:
6)  fails: supp-supp sizes 311040,2488320
    |G| = 311040000  |G:N| = 24  maxclasses = 9 (suppl:
6)  fails: supp-supp sizes 311040,2488320
    |G| = 311040000  |G:N| = 24  maxclasses = 9 (suppl:
6)  fails: supp-supp sizes 311040,2488320
    |G| = 311040000  |G:N| = 24  maxclasses = 15 (suppl:
7)  fails: supp-supp sizes 86400,311040
    |G| = 414720000  |G:N| = 32  maxclasses = 6 (suppl:
3)  fails: supp-supp sizes 41472,663552
    |G| = 414720000  |G:N| = 32  maxclasses = 18 (suppl:
3)  fails: supp-supp sizes 41472,663552
    |G| = 414720000  |G:N| = 32  maxclasses = 13 (suppl:
6)  fails: supp-supp sizes 4147200,16588800
    |G| = 414720000  |G:N| = 32  maxclasses = 13 (suppl:
6)  fails: supp-supp sizes 4147200,16588800
    |G| = 414720000  |G:N| = 32  maxclasses = 6 (suppl:
3)  fails: supp-supp sizes 41472,663552
    |G| = 414720000  |G:N| = 32  maxclasses = 13 (suppl:
6)  fails: supp-supp sizes 4147200,16588800
    |G| = 414720000  |G:N| = 32  maxclasses = 13 (suppl:
6)  fails: supp-supp sizes 4147200,16588800
    |G| = 414720000  |G:N| = 32  maxclasses = 13 (suppl:
6)  fails: supp-supp sizes 4147200,16588800
    |G| = 414720000  |G:N| = 32  maxclasses = 13 (suppl:
6)  fails: supp-supp sizes 4147200,16588800
    |G| = 414720000  |G:N| = 32  maxclasses = 13 (suppl:
6)  fails: supp-supp sizes 4147200,16588800
    |G| = 414720000  |G:N| = 32  maxclasses = 23 (suppl:
8)  fails: supp-supp sizes 4147200,16588800
    |G| = 414720000  |G:N| = 32  maxclasses = 12 (suppl:
5)  fails: supp-supp sizes 41472,663552
    |G| = 414720000  |G:N| = 32  maxclasses = 10 (suppl:
3)  fails: supp-supp sizes 41472,663552
    |G| = 414720000  |G:N| = 32  maxclasses = 24 (suppl:
9)  fails: supp-supp sizes 4147200,16588800
    |G| = 414720000  |G:N| = 32  maxclasses = 6 (suppl:
3)  fails: supp-supp sizes 41472,663552
    |G| = 414720000  |G:N| = 32  maxclasses = 6 (suppl:
3)  fails: supp-supp sizes 41472,663552
    |G| = 414720000  |G:N| = 32  maxclasses = 6 (suppl:
3)  fails: supp-supp sizes 41472,663552
    |G| = 622080000  |G:N| = 48  maxclasses = 11 (suppl:
6)  fails: supp-supp sizes 622080,4976640
    |G| = 622080000  |G:N| = 48  maxclasses = 11 (suppl:
6)  fails: supp-supp sizes 622080,4976640
    |G| = 622080000  |G:N| = 48  maxclasses = 11 (suppl:
6)  fails: supp-supp sizes 622080,4976640
    |G| = 622080000  |G:N| = 48  maxclasses = 11 (suppl:
6)  fails: supp-supp sizes 622080,4976640
    |G| = 622080000  |G:N| = 48  maxclasses = 11 (suppl:
6)  fails: supp-supp sizes 622080,4976640
    |G| = 622080000  |G:N| = 48  maxclasses = 11 (suppl:
6)  fails: supp-supp sizes 622080,4976640
    |G| = 622080000  |G:N| = 48  maxclasses = 6 (suppl:
3)  fails: supp-supp sizes 62208,995328
    |G| = 622080000  |G:N| = 48  maxclasses = 9 (suppl:
4)  fails: supp-supp sizes 2880,62208
    |G| = 622080000  |G:N| = 48  maxclasses = 11 (suppl:
6)  fails: supp-supp sizes 622080,4976640
    |G| = 829440000  |G:N| = 64  maxclasses = 21 (suppl:
6)  fails: supp-supp sizes 8294400,33177600
    |G| = 829440000  |G:N| = 64  maxclasses = 6 (suppl:
3)  fails: supp-supp sizes 82944,1327104
    |G| = 829440000  |G:N| = 64  maxclasses = 10 (suppl:
3)  fails: supp-supp sizes 82944,1327104
    |G| = 829440000  |G:N| = 64  maxclasses = 6 (suppl:
3)  fails: supp-supp sizes 82944,1327104
    |G| = 829440000  |G:N| = 64  maxclasses = 10 (suppl:
3)  fails: supp-supp sizes 82944,1327104
    |G| = 829440000  |G:N| = 64  maxclasses = 6 (suppl:
3)  fails: supp-supp sizes 82944,1327104
    |G| = 829440000  |G:N| = 64  maxclasses = 10 (suppl:
3)  fails: supp-supp sizes 82944,1327104
    |G| = 1244160000  |G:N| = 96  maxclasses = 15 (suppl:
6)  fails: supp-supp sizes 1244160,9953280
    |G| = 1244160000  |G:N| = 96  maxclasses = 9 (suppl:
3)  fails: supp-supp sizes 124416,1990656
    |G| = 1658880000  |G:N| = 128  maxclasses = 10 (suppl:
3)  fails: supp-supp sizes 165888,2654208
    |G| = 2488320000  |G:N| = 192  maxclasses = 8 (suppl:
3)  fails: supp-supp sizes 248832,3981312
    |G| = 2488320000  |G:N| = 192  maxclasses = 8 (suppl:
3)  fails: supp-supp sizes 248832,3981312
    |G| = 2488320000  |G:N| = 192  maxclasses = 6 (suppl:
3)  fails: supp-supp sizes 248832,3981312
    |G| = 4976640000  |G:N| = 384  maxclasses = 8 (suppl:
3)  fails: supp-supp sizes 497664,7962624
SWEEP C DONE.
